[
  {
    "name": "Process Start",
    "start": 1607713717588,
    "end": 1607713718131,
    "duration": 543,
    "pid": 3980,
    "index": 0
  },
  {
    "name": "Application Start",
    "start": 1607713718132,
    "end": 1607713718419,
    "duration": 287,
    "pid": 3980,
    "index": 1
  },
  {
    "name": "Load Plugin",
    "start": 1607713718135,
    "end": 1607713718142,
    "duration": 7,
    "pid": 3980,
    "index": 2
  },
  {
    "name": "Load Config",
    "start": 1607713718142,
    "end": 1607713718155,
    "duration": 13,
    "pid": 3980,
    "index": 3
  },
  {
    "name": "Require(0) config/config.default.js",
    "start": 1607713718143,
    "end": 1607713718143,
    "duration": 0,
    "pid": 3980,
    "index": 4
  },
  {
    "name": "Require(1) node_modules/egg-session/config/config.default.js",
    "start": 1607713718144,
    "end": 1607713718144,
    "duration": 0,
    "pid": 3980,
    "index": 5
  },
  {
    "name": "Require(2) node_modules/egg-security/config/config.default.js",
    "start": 1607713718144,
    "end": 1607713718145,
    "duration": 1,
    "pid": 3980,
    "index": 6
  },
  {
    "name": "Require(3) node_modules/egg-jsonp/config/config.default.js",
    "start": 1607713718145,
    "end": 1607713718145,
    "duration": 0,
    "pid": 3980,
    "index": 7
  },
  {
    "name": "Require(4) node_modules/egg-onerror/config/config.default.js",
    "start": 1607713718146,
    "end": 1607713718146,
    "duration": 0,
    "pid": 3980,
    "index": 8
  },
  {
    "name": "Require(5) node_modules/egg-i18n/config/config.default.js",
    "start": 1607713718146,
    "end": 1607713718146,
    "duration": 0,
    "pid": 3980,
    "index": 9
  },
  {
    "name": "Require(6) node_modules/egg-watcher/config/config.default.js",
    "start": 1607713718147,
    "end": 1607713718147,
    "duration": 0,
    "pid": 3980,
    "index": 10
  },
  {
    "name": "Require(7) node_modules/egg-schedule/config/config.default.js",
    "start": 1607713718147,
    "end": 1607713718147,
    "duration": 0,
    "pid": 3980,
    "index": 11
  },
  {
    "name": "Require(8) node_modules/egg-multipart/config/config.default.js",
    "start": 1607713718148,
    "end": 1607713718148,
    "duration": 0,
    "pid": 3980,
    "index": 12
  },
  {
    "name": "Require(9) node_modules/egg-development/config/config.default.js",
    "start": 1607713718148,
    "end": 1607713718149,
    "duration": 1,
    "pid": 3980,
    "index": 13
  },
  {
    "name": "Require(10) node_modules/egg-logrotator/config/config.default.js",
    "start": 1607713718149,
    "end": 1607713718149,
    "duration": 0,
    "pid": 3980,
    "index": 14
  },
  {
    "name": "Require(11) node_modules/egg-static/config/config.default.js",
    "start": 1607713718149,
    "end": 1607713718150,
    "duration": 1,
    "pid": 3980,
    "index": 15
  },
  {
    "name": "Require(12) node_modules/egg-view/config/config.default.js",
    "start": 1607713718150,
    "end": 1607713718150,
    "duration": 0,
    "pid": 3980,
    "index": 16
  },
  {
    "name": "Require(13) node_modules/egg-mysql/config/config.default.js",
    "start": 1607713718150,
    "end": 1607713718151,
    "duration": 1,
    "pid": 3980,
    "index": 17
  },
  {
    "name": "Require(14) node_modules/egg-cors/config/config.default.js",
    "start": 1607713718151,
    "end": 1607713718151,
    "duration": 0,
    "pid": 3980,
    "index": 18
  },
  {
    "name": "Require(15) node_modules/egg-jwt/config/config.default.js",
    "start": 1607713718151,
    "end": 1607713718151,
    "duration": 0,
    "pid": 3980,
    "index": 19
  },
  {
    "name": "Require(16) node_modules/egg/config/config.default.js",
    "start": 1607713718152,
    "end": 1607713718152,
    "duration": 0,
    "pid": 3980,
    "index": 20
  },
  {
    "name": "Require(17) config/config.default.js",
    "start": 1607713718153,
    "end": 1607713718153,
    "duration": 0,
    "pid": 3980,
    "index": 21
  },
  {
    "name": "Require(18) node_modules/egg-security/config/config.local.js",
    "start": 1607713718153,
    "end": 1607713718153,
    "duration": 0,
    "pid": 3980,
    "index": 22
  },
  {
    "name": "Require(19) node_modules/egg-watcher/config/config.local.js",
    "start": 1607713718154,
    "end": 1607713718154,
    "duration": 0,
    "pid": 3980,
    "index": 23
  },
  {
    "name": "Require(20) node_modules/egg-view/config/config.local.js",
    "start": 1607713718154,
    "end": 1607713718154,
    "duration": 0,
    "pid": 3980,
    "index": 24
  },
  {
    "name": "Require(21) node_modules/egg/config/config.local.js",
    "start": 1607713718155,
    "end": 1607713718155,
    "duration": 0,
    "pid": 3980,
    "index": 25
  },
  {
    "name": "Load extend/application.js",
    "start": 1607713718156,
    "end": 1607713718180,
    "duration": 24,
    "pid": 3980,
    "index": 26
  },
  {
    "name": "Require(22) node_modules/egg-session/app/extend/application.js",
    "start": 1607713718156,
    "end": 1607713718156,
    "duration": 0,
    "pid": 3980,
    "index": 27
  },
  {
    "name": "Require(23) node_modules/egg-security/app/extend/application.js",
    "start": 1607713718156,
    "end": 1607713718157,
    "duration": 1,
    "pid": 3980,
    "index": 28
  },
  {
    "name": "Require(24) node_modules/egg-jsonp/app/extend/application.js",
    "start": 1607713718157,
    "end": 1607713718157,
    "duration": 0,
    "pid": 3980,
    "index": 29
  },
  {
    "name": "Require(25) node_modules/egg-logrotator/app/extend/application.js",
    "start": 1607713718158,
    "end": 1607713718159,
    "duration": 1,
    "pid": 3980,
    "index": 30
  },
  {
    "name": "Require(26) node_modules/egg-view/app/extend/application.js",
    "start": 1607713718159,
    "end": 1607713718160,
    "duration": 1,
    "pid": 3980,
    "index": 31
  },
  {
    "name": "Require(27) node_modules/egg-jwt/app/extend/application.js",
    "start": 1607713718160,
    "end": 1607713718179,
    "duration": 19,
    "pid": 3980,
    "index": 32
  },
  {
    "name": "Load extend/request.js",
    "start": 1607713718180,
    "end": 1607713718183,
    "duration": 3,
    "pid": 3980,
    "index": 33
  },
  {
    "name": "Require(28) node_modules/egg/app/extend/request.js",
    "start": 1607713718181,
    "end": 1607713718182,
    "duration": 1,
    "pid": 3980,
    "index": 34
  },
  {
    "name": "Load extend/response.js",
    "start": 1607713718183,
    "end": 1607713718185,
    "duration": 2,
    "pid": 3980,
    "index": 35
  },
  {
    "name": "Require(29) node_modules/egg/app/extend/response.js",
    "start": 1607713718183,
    "end": 1607713718184,
    "duration": 1,
    "pid": 3980,
    "index": 36
  },
  {
    "name": "Load extend/context.js",
    "start": 1607713718185,
    "end": 1607713718222,
    "duration": 37,
    "pid": 3980,
    "index": 37
  },
  {
    "name": "Require(30) node_modules/egg-security/app/extend/context.js",
    "start": 1607713718185,
    "end": 1607713718190,
    "duration": 5,
    "pid": 3980,
    "index": 38
  },
  {
    "name": "Require(31) node_modules/egg-jsonp/app/extend/context.js",
    "start": 1607713718190,
    "end": 1607713718191,
    "duration": 1,
    "pid": 3980,
    "index": 39
  },
  {
    "name": "Require(32) node_modules/egg-i18n/app/extend/context.js",
    "start": 1607713718191,
    "end": 1607713718192,
    "duration": 1,
    "pid": 3980,
    "index": 40
  },
  {
    "name": "Require(33) node_modules/egg-multipart/app/extend/context.js",
    "start": 1607713718192,
    "end": 1607713718220,
    "duration": 28,
    "pid": 3980,
    "index": 41
  },
  {
    "name": "Require(34) node_modules/egg-view/app/extend/context.js",
    "start": 1607713718220,
    "end": 1607713718221,
    "duration": 1,
    "pid": 3980,
    "index": 42
  },
  {
    "name": "Require(35) node_modules/egg/app/extend/context.js",
    "start": 1607713718221,
    "end": 1607713718221,
    "duration": 0,
    "pid": 3980,
    "index": 43
  },
  {
    "name": "Load extend/helper.js",
    "start": 1607713718222,
    "end": 1607713718232,
    "duration": 10,
    "pid": 3980,
    "index": 44
  },
  {
    "name": "Require(36) node_modules/egg-security/app/extend/helper.js",
    "start": 1607713718222,
    "end": 1607713718231,
    "duration": 9,
    "pid": 3980,
    "index": 45
  },
  {
    "name": "Require(37) node_modules/egg/app/extend/helper.js",
    "start": 1607713718231,
    "end": 1607713718231,
    "duration": 0,
    "pid": 3980,
    "index": 46
  },
  {
    "name": "Load app.js",
    "start": 1607713718232,
    "end": 1607713718255,
    "duration": 23,
    "pid": 3980,
    "index": 47
  },
  {
    "name": "Require(38) node_modules/egg-session/app.js",
    "start": 1607713718232,
    "end": 1607713718233,
    "duration": 1,
    "pid": 3980,
    "index": 48
  },
  {
    "name": "Require(39) node_modules/egg-security/app.js",
    "start": 1607713718233,
    "end": 1607713718233,
    "duration": 0,
    "pid": 3980,
    "index": 49
  },
  {
    "name": "Require(40) node_modules/egg-onerror/app.js",
    "start": 1607713718233,
    "end": 1607713718237,
    "duration": 4,
    "pid": 3980,
    "index": 50
  },
  {
    "name": "Require(41) node_modules/egg-i18n/app.js",
    "start": 1607713718237,
    "end": 1607713718243,
    "duration": 6,
    "pid": 3980,
    "index": 51
  },
  {
    "name": "Require(42) node_modules/egg-watcher/app.js",
    "start": 1607713718243,
    "end": 1607713718245,
    "duration": 2,
    "pid": 3980,
    "index": 52
  },
  {
    "name": "Require(43) node_modules/egg-schedule/app.js",
    "start": 1607713718245,
    "end": 1607713718246,
    "duration": 1,
    "pid": 3980,
    "index": 53
  },
  {
    "name": "Require(44) node_modules/egg-multipart/app.js",
    "start": 1607713718246,
    "end": 1607713718246,
    "duration": 0,
    "pid": 3980,
    "index": 54
  },
  {
    "name": "Require(45) node_modules/egg-development/app.js",
    "start": 1607713718247,
    "end": 1607713718247,
    "duration": 0,
    "pid": 3980,
    "index": 55
  },
  {
    "name": "Require(46) node_modules/egg-logrotator/app.js",
    "start": 1607713718247,
    "end": 1607713718247,
    "duration": 0,
    "pid": 3980,
    "index": 56
  },
  {
    "name": "Require(47) node_modules/egg-static/app.js",
    "start": 1607713718247,
    "end": 1607713718247,
    "duration": 0,
    "pid": 3980,
    "index": 57
  },
  {
    "name": "Require(48) node_modules/egg-mysql/app.js",
    "start": 1607713718247,
    "end": 1607713718254,
    "duration": 7,
    "pid": 3980,
    "index": 58
  },
  {
    "name": "Require(49) node_modules/egg-cors/app.js",
    "start": 1607713718254,
    "end": 1607713718254,
    "duration": 0,
    "pid": 3980,
    "index": 59
  },
  {
    "name": "Require(50) node_modules/egg-jwt/app.js",
    "start": 1607713718254,
    "end": 1607713718255,
    "duration": 1,
    "pid": 3980,
    "index": 60
  },
  {
    "name": "Before Start in node_modules/egg-watcher/lib/init.js:15:14",
    "start": 1607713718262,
    "end": 1607713718413,
    "duration": 151,
    "pid": 3980,
    "index": 61
  },
  {
    "name": "Before Start in node_modules/egg-mysql/lib/mysql.js:20:7",
    "start": 1607713718331,
    "end": 1607713718419,
    "duration": 88,
    "pid": 3980,
    "index": 62
  },
  {
    "name": "Load Service",
    "start": 1607713718331,
    "end": 1607713718336,
    "duration": 5,
    "pid": 3980,
    "index": 63
  },
  {
    "name": "Load \"service\" to Context",
    "start": 1607713718332,
    "end": 1607713718336,
    "duration": 4,
    "pid": 3980,
    "index": 64
  },
  {
    "name": "Load Middleware",
    "start": 1607713718336,
    "end": 1607713718391,
    "duration": 55,
    "pid": 3980,
    "index": 65
  },
  {
    "name": "Load \"middlewares\" to Application",
    "start": 1607713718336,
    "end": 1607713718382,
    "duration": 46,
    "pid": 3980,
    "index": 66
  },
  {
    "name": "Load Controller",
    "start": 1607713718391,
    "end": 1607713718394,
    "duration": 3,
    "pid": 3980,
    "index": 67
  },
  {
    "name": "Load \"controller\" to Application",
    "start": 1607713718391,
    "end": 1607713718394,
    "duration": 3,
    "pid": 3980,
    "index": 68
  },
  {
    "name": "Load Router",
    "start": 1607713718394,
    "end": 1607713718396,
    "duration": 2,
    "pid": 3980,
    "index": 69
  },
  {
    "name": "Require(51) app/router.js",
    "start": 1607713718394,
    "end": 1607713718394,
    "duration": 0,
    "pid": 3980,
    "index": 70
  },
  {
    "name": "Before Start in node_modules/egg-core/lib/egg.js:303:10",
    "start": 1607713718395,
    "end": 1607713718406,
    "duration": 11,
    "pid": 3980,
    "index": 71
  }
]