[
  {
    "name": "Process Start",
    "start": 1607712556283,
    "end": 1607712556792,
    "duration": 509,
    "pid": 2216,
    "index": 0
  },
  {
    "name": "Application Start",
    "start": 1607712556793,
    "end": 1607712557051,
    "duration": 258,
    "pid": 2216,
    "index": 1
  },
  {
    "name": "Load Plugin",
    "start": 1607712556796,
    "end": 1607712556802,
    "duration": 6,
    "pid": 2216,
    "index": 2
  },
  {
    "name": "Load Config",
    "start": 1607712556803,
    "end": 1607712556814,
    "duration": 11,
    "pid": 2216,
    "index": 3
  },
  {
    "name": "Require(0) config/config.default.js",
    "start": 1607712556803,
    "end": 1607712556803,
    "duration": 0,
    "pid": 2216,
    "index": 4
  },
  {
    "name": "Require(1) node_modules/egg-session/config/config.default.js",
    "start": 1607712556804,
    "end": 1607712556804,
    "duration": 0,
    "pid": 2216,
    "index": 5
  },
  {
    "name": "Require(2) node_modules/egg-security/config/config.default.js",
    "start": 1607712556804,
    "end": 1607712556805,
    "duration": 1,
    "pid": 2216,
    "index": 6
  },
  {
    "name": "Require(3) node_modules/egg-jsonp/config/config.default.js",
    "start": 1607712556805,
    "end": 1607712556806,
    "duration": 1,
    "pid": 2216,
    "index": 7
  },
  {
    "name": "Require(4) node_modules/egg-onerror/config/config.default.js",
    "start": 1607712556806,
    "end": 1607712556806,
    "duration": 0,
    "pid": 2216,
    "index": 8
  },
  {
    "name": "Require(5) node_modules/egg-i18n/config/config.default.js",
    "start": 1607712556806,
    "end": 1607712556806,
    "duration": 0,
    "pid": 2216,
    "index": 9
  },
  {
    "name": "Require(6) node_modules/egg-watcher/config/config.default.js",
    "start": 1607712556807,
    "end": 1607712556807,
    "duration": 0,
    "pid": 2216,
    "index": 10
  },
  {
    "name": "Require(7) node_modules/egg-schedule/config/config.default.js",
    "start": 1607712556807,
    "end": 1607712556807,
    "duration": 0,
    "pid": 2216,
    "index": 11
  },
  {
    "name": "Require(8) node_modules/egg-multipart/config/config.default.js",
    "start": 1607712556808,
    "end": 1607712556808,
    "duration": 0,
    "pid": 2216,
    "index": 12
  },
  {
    "name": "Require(9) node_modules/egg-development/config/config.default.js",
    "start": 1607712556808,
    "end": 1607712556808,
    "duration": 0,
    "pid": 2216,
    "index": 13
  },
  {
    "name": "Require(10) node_modules/egg-logrotator/config/config.default.js",
    "start": 1607712556809,
    "end": 1607712556809,
    "duration": 0,
    "pid": 2216,
    "index": 14
  },
  {
    "name": "Require(11) node_modules/egg-static/config/config.default.js",
    "start": 1607712556809,
    "end": 1607712556809,
    "duration": 0,
    "pid": 2216,
    "index": 15
  },
  {
    "name": "Require(12) node_modules/egg-view/config/config.default.js",
    "start": 1607712556810,
    "end": 1607712556810,
    "duration": 0,
    "pid": 2216,
    "index": 16
  },
  {
    "name": "Require(13) node_modules/egg-mysql/config/config.default.js",
    "start": 1607712556810,
    "end": 1607712556810,
    "duration": 0,
    "pid": 2216,
    "index": 17
  },
  {
    "name": "Require(14) node_modules/egg-cors/config/config.default.js",
    "start": 1607712556810,
    "end": 1607712556811,
    "duration": 1,
    "pid": 2216,
    "index": 18
  },
  {
    "name": "Require(15) node_modules/egg-jwt/config/config.default.js",
    "start": 1607712556811,
    "end": 1607712556811,
    "duration": 0,
    "pid": 2216,
    "index": 19
  },
  {
    "name": "Require(16) node_modules/egg/config/config.default.js",
    "start": 1607712556811,
    "end": 1607712556811,
    "duration": 0,
    "pid": 2216,
    "index": 20
  },
  {
    "name": "Require(17) config/config.default.js",
    "start": 1607712556812,
    "end": 1607712556812,
    "duration": 0,
    "pid": 2216,
    "index": 21
  },
  {
    "name": "Require(18) node_modules/egg-security/config/config.local.js",
    "start": 1607712556813,
    "end": 1607712556813,
    "duration": 0,
    "pid": 2216,
    "index": 22
  },
  {
    "name": "Require(19) node_modules/egg-watcher/config/config.local.js",
    "start": 1607712556813,
    "end": 1607712556813,
    "duration": 0,
    "pid": 2216,
    "index": 23
  },
  {
    "name": "Require(20) node_modules/egg-view/config/config.local.js",
    "start": 1607712556814,
    "end": 1607712556814,
    "duration": 0,
    "pid": 2216,
    "index": 24
  },
  {
    "name": "Require(21) node_modules/egg/config/config.local.js",
    "start": 1607712556814,
    "end": 1607712556814,
    "duration": 0,
    "pid": 2216,
    "index": 25
  },
  {
    "name": "Load extend/application.js",
    "start": 1607712556815,
    "end": 1607712556837,
    "duration": 22,
    "pid": 2216,
    "index": 26
  },
  {
    "name": "Require(22) node_modules/egg-session/app/extend/application.js",
    "start": 1607712556815,
    "end": 1607712556815,
    "duration": 0,
    "pid": 2216,
    "index": 27
  },
  {
    "name": "Require(23) node_modules/egg-security/app/extend/application.js",
    "start": 1607712556816,
    "end": 1607712556816,
    "duration": 0,
    "pid": 2216,
    "index": 28
  },
  {
    "name": "Require(24) node_modules/egg-jsonp/app/extend/application.js",
    "start": 1607712556816,
    "end": 1607712556817,
    "duration": 1,
    "pid": 2216,
    "index": 29
  },
  {
    "name": "Require(25) node_modules/egg-logrotator/app/extend/application.js",
    "start": 1607712556817,
    "end": 1607712556818,
    "duration": 1,
    "pid": 2216,
    "index": 30
  },
  {
    "name": "Require(26) node_modules/egg-view/app/extend/application.js",
    "start": 1607712556818,
    "end": 1607712556818,
    "duration": 0,
    "pid": 2216,
    "index": 31
  },
  {
    "name": "Require(27) node_modules/egg-jwt/app/extend/application.js",
    "start": 1607712556819,
    "end": 1607712556836,
    "duration": 17,
    "pid": 2216,
    "index": 32
  },
  {
    "name": "Load extend/request.js",
    "start": 1607712556837,
    "end": 1607712556838,
    "duration": 1,
    "pid": 2216,
    "index": 33
  },
  {
    "name": "Require(28) node_modules/egg/app/extend/request.js",
    "start": 1607712556837,
    "end": 1607712556838,
    "duration": 1,
    "pid": 2216,
    "index": 34
  },
  {
    "name": "Load extend/response.js",
    "start": 1607712556838,
    "end": 1607712556840,
    "duration": 2,
    "pid": 2216,
    "index": 35
  },
  {
    "name": "Require(29) node_modules/egg/app/extend/response.js",
    "start": 1607712556839,
    "end": 1607712556840,
    "duration": 1,
    "pid": 2216,
    "index": 36
  },
  {
    "name": "Load extend/context.js",
    "start": 1607712556840,
    "end": 1607712556875,
    "duration": 35,
    "pid": 2216,
    "index": 37
  },
  {
    "name": "Require(30) node_modules/egg-security/app/extend/context.js",
    "start": 1607712556841,
    "end": 1607712556846,
    "duration": 5,
    "pid": 2216,
    "index": 38
  },
  {
    "name": "Require(31) node_modules/egg-jsonp/app/extend/context.js",
    "start": 1607712556846,
    "end": 1607712556846,
    "duration": 0,
    "pid": 2216,
    "index": 39
  },
  {
    "name": "Require(32) node_modules/egg-i18n/app/extend/context.js",
    "start": 1607712556846,
    "end": 1607712556847,
    "duration": 1,
    "pid": 2216,
    "index": 40
  },
  {
    "name": "Require(33) node_modules/egg-multipart/app/extend/context.js",
    "start": 1607712556848,
    "end": 1607712556872,
    "duration": 24,
    "pid": 2216,
    "index": 41
  },
  {
    "name": "Require(34) node_modules/egg-view/app/extend/context.js",
    "start": 1607712556873,
    "end": 1607712556873,
    "duration": 0,
    "pid": 2216,
    "index": 42
  },
  {
    "name": "Require(35) node_modules/egg/app/extend/context.js",
    "start": 1607712556873,
    "end": 1607712556874,
    "duration": 1,
    "pid": 2216,
    "index": 43
  },
  {
    "name": "Load extend/helper.js",
    "start": 1607712556875,
    "end": 1607712556883,
    "duration": 8,
    "pid": 2216,
    "index": 44
  },
  {
    "name": "Require(36) node_modules/egg-security/app/extend/helper.js",
    "start": 1607712556875,
    "end": 1607712556882,
    "duration": 7,
    "pid": 2216,
    "index": 45
  },
  {
    "name": "Require(37) node_modules/egg/app/extend/helper.js",
    "start": 1607712556882,
    "end": 1607712556882,
    "duration": 0,
    "pid": 2216,
    "index": 46
  },
  {
    "name": "Load app.js",
    "start": 1607712556883,
    "end": 1607712556904,
    "duration": 21,
    "pid": 2216,
    "index": 47
  },
  {
    "name": "Require(38) node_modules/egg-session/app.js",
    "start": 1607712556884,
    "end": 1607712556884,
    "duration": 0,
    "pid": 2216,
    "index": 48
  },
  {
    "name": "Require(39) node_modules/egg-security/app.js",
    "start": 1607712556884,
    "end": 1607712556884,
    "duration": 0,
    "pid": 2216,
    "index": 49
  },
  {
    "name": "Require(40) node_modules/egg-onerror/app.js",
    "start": 1607712556885,
    "end": 1607712556888,
    "duration": 3,
    "pid": 2216,
    "index": 50
  },
  {
    "name": "Require(41) node_modules/egg-i18n/app.js",
    "start": 1607712556888,
    "end": 1607712556893,
    "duration": 5,
    "pid": 2216,
    "index": 51
  },
  {
    "name": "Require(42) node_modules/egg-watcher/app.js",
    "start": 1607712556893,
    "end": 1607712556895,
    "duration": 2,
    "pid": 2216,
    "index": 52
  },
  {
    "name": "Require(43) node_modules/egg-schedule/app.js",
    "start": 1607712556895,
    "end": 1607712556895,
    "duration": 0,
    "pid": 2216,
    "index": 53
  },
  {
    "name": "Require(44) node_modules/egg-multipart/app.js",
    "start": 1607712556895,
    "end": 1607712556896,
    "duration": 1,
    "pid": 2216,
    "index": 54
  },
  {
    "name": "Require(45) node_modules/egg-development/app.js",
    "start": 1607712556896,
    "end": 1607712556896,
    "duration": 0,
    "pid": 2216,
    "index": 55
  },
  {
    "name": "Require(46) node_modules/egg-logrotator/app.js",
    "start": 1607712556896,
    "end": 1607712556896,
    "duration": 0,
    "pid": 2216,
    "index": 56
  },
  {
    "name": "Require(47) node_modules/egg-static/app.js",
    "start": 1607712556896,
    "end": 1607712556896,
    "duration": 0,
    "pid": 2216,
    "index": 57
  },
  {
    "name": "Require(48) node_modules/egg-mysql/app.js",
    "start": 1607712556897,
    "end": 1607712556903,
    "duration": 6,
    "pid": 2216,
    "index": 58
  },
  {
    "name": "Require(49) node_modules/egg-cors/app.js",
    "start": 1607712556903,
    "end": 1607712556903,
    "duration": 0,
    "pid": 2216,
    "index": 59
  },
  {
    "name": "Require(50) node_modules/egg-jwt/app.js",
    "start": 1607712556903,
    "end": 1607712556903,
    "duration": 0,
    "pid": 2216,
    "index": 60
  },
  {
    "name": "Before Start in node_modules/egg-watcher/lib/init.js:15:14",
    "start": 1607712556909,
    "end": 1607712557048,
    "duration": 139,
    "pid": 2216,
    "index": 61
  },
  {
    "name": "Before Start in node_modules/egg-mysql/lib/mysql.js:20:7",
    "start": 1607712556969,
    "end": 1607712557051,
    "duration": 82,
    "pid": 2216,
    "index": 62
  },
  {
    "name": "Load Service",
    "start": 1607712556969,
    "end": 1607712556974,
    "duration": 5,
    "pid": 2216,
    "index": 63
  },
  {
    "name": "Load \"service\" to Context",
    "start": 1607712556970,
    "end": 1607712556974,
    "duration": 4,
    "pid": 2216,
    "index": 64
  },
  {
    "name": "Load Middleware",
    "start": 1607712556974,
    "end": 1607712557026,
    "duration": 52,
    "pid": 2216,
    "index": 65
  },
  {
    "name": "Load \"middlewares\" to Application",
    "start": 1607712556974,
    "end": 1607712557018,
    "duration": 44,
    "pid": 2216,
    "index": 66
  },
  {
    "name": "Load Controller",
    "start": 1607712557026,
    "end": 1607712557029,
    "duration": 3,
    "pid": 2216,
    "index": 67
  },
  {
    "name": "Load \"controller\" to Application",
    "start": 1607712557026,
    "end": 1607712557029,
    "duration": 3,
    "pid": 2216,
    "index": 68
  },
  {
    "name": "Load Router",
    "start": 1607712557029,
    "end": 1607712557031,
    "duration": 2,
    "pid": 2216,
    "index": 69
  },
  {
    "name": "Require(51) app/router.js",
    "start": 1607712557029,
    "end": 1607712557029,
    "duration": 0,
    "pid": 2216,
    "index": 70
  },
  {
    "name": "Before Start in node_modules/egg-core/lib/egg.js:303:10",
    "start": 1607712557029,
    "end": 1607712557040,
    "duration": 11,
    "pid": 2216,
    "index": 71
  }
]