[
  {
    "name": "Process Start",
    "start": 1607714404695,
    "end": 1607714405231,
    "duration": 536,
    "pid": 4996,
    "index": 0
  },
  {
    "name": "Application Start",
    "start": 1607714405232,
    "end": 1607714405499,
    "duration": 267,
    "pid": 4996,
    "index": 1
  },
  {
    "name": "Load Plugin",
    "start": 1607714405235,
    "end": 1607714405242,
    "duration": 7,
    "pid": 4996,
    "index": 2
  },
  {
    "name": "Load Config",
    "start": 1607714405242,
    "end": 1607714405253,
    "duration": 11,
    "pid": 4996,
    "index": 3
  },
  {
    "name": "Require(0) config/config.default.js",
    "start": 1607714405242,
    "end": 1607714405242,
    "duration": 0,
    "pid": 4996,
    "index": 4
  },
  {
    "name": "Require(1) node_modules/egg-session/config/config.default.js",
    "start": 1607714405243,
    "end": 1607714405244,
    "duration": 1,
    "pid": 4996,
    "index": 5
  },
  {
    "name": "Require(2) node_modules/egg-security/config/config.default.js",
    "start": 1607714405244,
    "end": 1607714405244,
    "duration": 0,
    "pid": 4996,
    "index": 6
  },
  {
    "name": "Require(3) node_modules/egg-jsonp/config/config.default.js",
    "start": 1607714405245,
    "end": 1607714405245,
    "duration": 0,
    "pid": 4996,
    "index": 7
  },
  {
    "name": "Require(4) node_modules/egg-onerror/config/config.default.js",
    "start": 1607714405245,
    "end": 1607714405245,
    "duration": 0,
    "pid": 4996,
    "index": 8
  },
  {
    "name": "Require(5) node_modules/egg-i18n/config/config.default.js",
    "start": 1607714405246,
    "end": 1607714405246,
    "duration": 0,
    "pid": 4996,
    "index": 9
  },
  {
    "name": "Require(6) node_modules/egg-watcher/config/config.default.js",
    "start": 1607714405246,
    "end": 1607714405246,
    "duration": 0,
    "pid": 4996,
    "index": 10
  },
  {
    "name": "Require(7) node_modules/egg-schedule/config/config.default.js",
    "start": 1607714405246,
    "end": 1607714405247,
    "duration": 1,
    "pid": 4996,
    "index": 11
  },
  {
    "name": "Require(8) node_modules/egg-multipart/config/config.default.js",
    "start": 1607714405247,
    "end": 1607714405247,
    "duration": 0,
    "pid": 4996,
    "index": 12
  },
  {
    "name": "Require(9) node_modules/egg-development/config/config.default.js",
    "start": 1607714405247,
    "end": 1607714405248,
    "duration": 1,
    "pid": 4996,
    "index": 13
  },
  {
    "name": "Require(10) node_modules/egg-logrotator/config/config.default.js",
    "start": 1607714405248,
    "end": 1607714405248,
    "duration": 0,
    "pid": 4996,
    "index": 14
  },
  {
    "name": "Require(11) node_modules/egg-static/config/config.default.js",
    "start": 1607714405248,
    "end": 1607714405248,
    "duration": 0,
    "pid": 4996,
    "index": 15
  },
  {
    "name": "Require(12) node_modules/egg-view/config/config.default.js",
    "start": 1607714405249,
    "end": 1607714405249,
    "duration": 0,
    "pid": 4996,
    "index": 16
  },
  {
    "name": "Require(13) node_modules/egg-mysql/config/config.default.js",
    "start": 1607714405249,
    "end": 1607714405249,
    "duration": 0,
    "pid": 4996,
    "index": 17
  },
  {
    "name": "Require(14) node_modules/egg-cors/config/config.default.js",
    "start": 1607714405249,
    "end": 1607714405250,
    "duration": 1,
    "pid": 4996,
    "index": 18
  },
  {
    "name": "Require(15) node_modules/egg-jwt/config/config.default.js",
    "start": 1607714405250,
    "end": 1607714405250,
    "duration": 0,
    "pid": 4996,
    "index": 19
  },
  {
    "name": "Require(16) node_modules/egg/config/config.default.js",
    "start": 1607714405250,
    "end": 1607714405250,
    "duration": 0,
    "pid": 4996,
    "index": 20
  },
  {
    "name": "Require(17) config/config.default.js",
    "start": 1607714405251,
    "end": 1607714405252,
    "duration": 1,
    "pid": 4996,
    "index": 21
  },
  {
    "name": "Require(18) node_modules/egg-security/config/config.local.js",
    "start": 1607714405252,
    "end": 1607714405252,
    "duration": 0,
    "pid": 4996,
    "index": 22
  },
  {
    "name": "Require(19) node_modules/egg-watcher/config/config.local.js",
    "start": 1607714405252,
    "end": 1607714405252,
    "duration": 0,
    "pid": 4996,
    "index": 23
  },
  {
    "name": "Require(20) node_modules/egg-view/config/config.local.js",
    "start": 1607714405253,
    "end": 1607714405253,
    "duration": 0,
    "pid": 4996,
    "index": 24
  },
  {
    "name": "Require(21) node_modules/egg/config/config.local.js",
    "start": 1607714405253,
    "end": 1607714405253,
    "duration": 0,
    "pid": 4996,
    "index": 25
  },
  {
    "name": "Load extend/application.js",
    "start": 1607714405254,
    "end": 1607714405276,
    "duration": 22,
    "pid": 4996,
    "index": 26
  },
  {
    "name": "Require(22) node_modules/egg-session/app/extend/application.js",
    "start": 1607714405254,
    "end": 1607714405255,
    "duration": 1,
    "pid": 4996,
    "index": 27
  },
  {
    "name": "Require(23) node_modules/egg-security/app/extend/application.js",
    "start": 1607714405255,
    "end": 1607714405255,
    "duration": 0,
    "pid": 4996,
    "index": 28
  },
  {
    "name": "Require(24) node_modules/egg-jsonp/app/extend/application.js",
    "start": 1607714405255,
    "end": 1607714405256,
    "duration": 1,
    "pid": 4996,
    "index": 29
  },
  {
    "name": "Require(25) node_modules/egg-logrotator/app/extend/application.js",
    "start": 1607714405256,
    "end": 1607714405257,
    "duration": 1,
    "pid": 4996,
    "index": 30
  },
  {
    "name": "Require(26) node_modules/egg-view/app/extend/application.js",
    "start": 1607714405257,
    "end": 1607714405258,
    "duration": 1,
    "pid": 4996,
    "index": 31
  },
  {
    "name": "Require(27) node_modules/egg-jwt/app/extend/application.js",
    "start": 1607714405258,
    "end": 1607714405275,
    "duration": 17,
    "pid": 4996,
    "index": 32
  },
  {
    "name": "Load extend/request.js",
    "start": 1607714405276,
    "end": 1607714405278,
    "duration": 2,
    "pid": 4996,
    "index": 33
  },
  {
    "name": "Require(28) node_modules/egg/app/extend/request.js",
    "start": 1607714405277,
    "end": 1607714405277,
    "duration": 0,
    "pid": 4996,
    "index": 34
  },
  {
    "name": "Load extend/response.js",
    "start": 1607714405278,
    "end": 1607714405280,
    "duration": 2,
    "pid": 4996,
    "index": 35
  },
  {
    "name": "Require(29) node_modules/egg/app/extend/response.js",
    "start": 1607714405278,
    "end": 1607714405279,
    "duration": 1,
    "pid": 4996,
    "index": 36
  },
  {
    "name": "Load extend/context.js",
    "start": 1607714405280,
    "end": 1607714405314,
    "duration": 34,
    "pid": 4996,
    "index": 37
  },
  {
    "name": "Require(30) node_modules/egg-security/app/extend/context.js",
    "start": 1607714405280,
    "end": 1607714405285,
    "duration": 5,
    "pid": 4996,
    "index": 38
  },
  {
    "name": "Require(31) node_modules/egg-jsonp/app/extend/context.js",
    "start": 1607714405285,
    "end": 1607714405286,
    "duration": 1,
    "pid": 4996,
    "index": 39
  },
  {
    "name": "Require(32) node_modules/egg-i18n/app/extend/context.js",
    "start": 1607714405286,
    "end": 1607714405287,
    "duration": 1,
    "pid": 4996,
    "index": 40
  },
  {
    "name": "Require(33) node_modules/egg-multipart/app/extend/context.js",
    "start": 1607714405287,
    "end": 1607714405312,
    "duration": 25,
    "pid": 4996,
    "index": 41
  },
  {
    "name": "Require(34) node_modules/egg-view/app/extend/context.js",
    "start": 1607714405312,
    "end": 1607714405312,
    "duration": 0,
    "pid": 4996,
    "index": 42
  },
  {
    "name": "Require(35) node_modules/egg/app/extend/context.js",
    "start": 1607714405313,
    "end": 1607714405313,
    "duration": 0,
    "pid": 4996,
    "index": 43
  },
  {
    "name": "Load extend/helper.js",
    "start": 1607714405314,
    "end": 1607714405323,
    "duration": 9,
    "pid": 4996,
    "index": 44
  },
  {
    "name": "Require(36) node_modules/egg-security/app/extend/helper.js",
    "start": 1607714405314,
    "end": 1607714405321,
    "duration": 7,
    "pid": 4996,
    "index": 45
  },
  {
    "name": "Require(37) node_modules/egg/app/extend/helper.js",
    "start": 1607714405322,
    "end": 1607714405322,
    "duration": 0,
    "pid": 4996,
    "index": 46
  },
  {
    "name": "Load app.js",
    "start": 1607714405323,
    "end": 1607714405343,
    "duration": 20,
    "pid": 4996,
    "index": 47
  },
  {
    "name": "Require(38) node_modules/egg-session/app.js",
    "start": 1607714405323,
    "end": 1607714405323,
    "duration": 0,
    "pid": 4996,
    "index": 48
  },
  {
    "name": "Require(39) node_modules/egg-security/app.js",
    "start": 1607714405323,
    "end": 1607714405324,
    "duration": 1,
    "pid": 4996,
    "index": 49
  },
  {
    "name": "Require(40) node_modules/egg-onerror/app.js",
    "start": 1607714405324,
    "end": 1607714405327,
    "duration": 3,
    "pid": 4996,
    "index": 50
  },
  {
    "name": "Require(41) node_modules/egg-i18n/app.js",
    "start": 1607714405327,
    "end": 1607714405333,
    "duration": 6,
    "pid": 4996,
    "index": 51
  },
  {
    "name": "Require(42) node_modules/egg-watcher/app.js",
    "start": 1607714405333,
    "end": 1607714405334,
    "duration": 1,
    "pid": 4996,
    "index": 52
  },
  {
    "name": "Require(43) node_modules/egg-schedule/app.js",
    "start": 1607714405334,
    "end": 1607714405335,
    "duration": 1,
    "pid": 4996,
    "index": 53
  },
  {
    "name": "Require(44) node_modules/egg-multipart/app.js",
    "start": 1607714405335,
    "end": 1607714405335,
    "duration": 0,
    "pid": 4996,
    "index": 54
  },
  {
    "name": "Require(45) node_modules/egg-development/app.js",
    "start": 1607714405335,
    "end": 1607714405335,
    "duration": 0,
    "pid": 4996,
    "index": 55
  },
  {
    "name": "Require(46) node_modules/egg-logrotator/app.js",
    "start": 1607714405335,
    "end": 1607714405336,
    "duration": 1,
    "pid": 4996,
    "index": 56
  },
  {
    "name": "Require(47) node_modules/egg-static/app.js",
    "start": 1607714405336,
    "end": 1607714405336,
    "duration": 0,
    "pid": 4996,
    "index": 57
  },
  {
    "name": "Require(48) node_modules/egg-mysql/app.js",
    "start": 1607714405336,
    "end": 1607714405342,
    "duration": 6,
    "pid": 4996,
    "index": 58
  },
  {
    "name": "Require(49) node_modules/egg-cors/app.js",
    "start": 1607714405342,
    "end": 1607714405342,
    "duration": 0,
    "pid": 4996,
    "index": 59
  },
  {
    "name": "Require(50) node_modules/egg-jwt/app.js",
    "start": 1607714405342,
    "end": 1607714405343,
    "duration": 1,
    "pid": 4996,
    "index": 60
  },
  {
    "name": "Before Start in node_modules/egg-watcher/lib/init.js:15:14",
    "start": 1607714405349,
    "end": 1607714405496,
    "duration": 147,
    "pid": 4996,
    "index": 61
  },
  {
    "name": "Before Start in node_modules/egg-mysql/lib/mysql.js:20:7",
    "start": 1607714405410,
    "end": 1607714405499,
    "duration": 89,
    "pid": 4996,
    "index": 62
  },
  {
    "name": "Load Service",
    "start": 1607714405411,
    "end": 1607714405415,
    "duration": 4,
    "pid": 4996,
    "index": 63
  },
  {
    "name": "Load \"service\" to Context",
    "start": 1607714405411,
    "end": 1607714405415,
    "duration": 4,
    "pid": 4996,
    "index": 64
  },
  {
    "name": "Load Middleware",
    "start": 1607714405415,
    "end": 1607714405472,
    "duration": 57,
    "pid": 4996,
    "index": 65
  },
  {
    "name": "Load \"middlewares\" to Application",
    "start": 1607714405415,
    "end": 1607714405464,
    "duration": 49,
    "pid": 4996,
    "index": 66
  },
  {
    "name": "Load Controller",
    "start": 1607714405472,
    "end": 1607714405475,
    "duration": 3,
    "pid": 4996,
    "index": 67
  },
  {
    "name": "Load \"controller\" to Application",
    "start": 1607714405472,
    "end": 1607714405475,
    "duration": 3,
    "pid": 4996,
    "index": 68
  },
  {
    "name": "Load Router",
    "start": 1607714405475,
    "end": 1607714405477,
    "duration": 2,
    "pid": 4996,
    "index": 69
  },
  {
    "name": "Require(51) app/router.js",
    "start": 1607714405475,
    "end": 1607714405475,
    "duration": 0,
    "pid": 4996,
    "index": 70
  },
  {
    "name": "Before Start in node_modules/egg-core/lib/egg.js:303:10",
    "start": 1607714405475,
    "end": 1607714405486,
    "duration": 11,
    "pid": 4996,
    "index": 71
  }
]