[
  {
    "name": "Process Start",
    "start": 1607712627860,
    "end": 1607712628387,
    "duration": 527,
    "pid": 2329,
    "index": 0
  },
  {
    "name": "Application Start",
    "start": 1607712628388,
    "end": 1607712628658,
    "duration": 270,
    "pid": 2329,
    "index": 1
  },
  {
    "name": "Load Plugin",
    "start": 1607712628391,
    "end": 1607712628397,
    "duration": 6,
    "pid": 2329,
    "index": 2
  },
  {
    "name": "Load Config",
    "start": 1607712628397,
    "end": 1607712628409,
    "duration": 12,
    "pid": 2329,
    "index": 3
  },
  {
    "name": "Require(0) config/config.default.js",
    "start": 1607712628398,
    "end": 1607712628398,
    "duration": 0,
    "pid": 2329,
    "index": 4
  },
  {
    "name": "Require(1) node_modules/egg-session/config/config.default.js",
    "start": 1607712628399,
    "end": 1607712628399,
    "duration": 0,
    "pid": 2329,
    "index": 5
  },
  {
    "name": "Require(2) node_modules/egg-security/config/config.default.js",
    "start": 1607712628399,
    "end": 1607712628399,
    "duration": 0,
    "pid": 2329,
    "index": 6
  },
  {
    "name": "Require(3) node_modules/egg-jsonp/config/config.default.js",
    "start": 1607712628400,
    "end": 1607712628400,
    "duration": 0,
    "pid": 2329,
    "index": 7
  },
  {
    "name": "Require(4) node_modules/egg-onerror/config/config.default.js",
    "start": 1607712628400,
    "end": 1607712628401,
    "duration": 1,
    "pid": 2329,
    "index": 8
  },
  {
    "name": "Require(5) node_modules/egg-i18n/config/config.default.js",
    "start": 1607712628401,
    "end": 1607712628401,
    "duration": 0,
    "pid": 2329,
    "index": 9
  },
  {
    "name": "Require(6) node_modules/egg-watcher/config/config.default.js",
    "start": 1607712628401,
    "end": 1607712628402,
    "duration": 1,
    "pid": 2329,
    "index": 10
  },
  {
    "name": "Require(7) node_modules/egg-schedule/config/config.default.js",
    "start": 1607712628402,
    "end": 1607712628402,
    "duration": 0,
    "pid": 2329,
    "index": 11
  },
  {
    "name": "Require(8) node_modules/egg-multipart/config/config.default.js",
    "start": 1607712628403,
    "end": 1607712628403,
    "duration": 0,
    "pid": 2329,
    "index": 12
  },
  {
    "name": "Require(9) node_modules/egg-development/config/config.default.js",
    "start": 1607712628403,
    "end": 1607712628403,
    "duration": 0,
    "pid": 2329,
    "index": 13
  },
  {
    "name": "Require(10) node_modules/egg-logrotator/config/config.default.js",
    "start": 1607712628404,
    "end": 1607712628404,
    "duration": 0,
    "pid": 2329,
    "index": 14
  },
  {
    "name": "Require(11) node_modules/egg-static/config/config.default.js",
    "start": 1607712628404,
    "end": 1607712628404,
    "duration": 0,
    "pid": 2329,
    "index": 15
  },
  {
    "name": "Require(12) node_modules/egg-view/config/config.default.js",
    "start": 1607712628405,
    "end": 1607712628405,
    "duration": 0,
    "pid": 2329,
    "index": 16
  },
  {
    "name": "Require(13) node_modules/egg-mysql/config/config.default.js",
    "start": 1607712628405,
    "end": 1607712628405,
    "duration": 0,
    "pid": 2329,
    "index": 17
  },
  {
    "name": "Require(14) node_modules/egg-cors/config/config.default.js",
    "start": 1607712628405,
    "end": 1607712628406,
    "duration": 1,
    "pid": 2329,
    "index": 18
  },
  {
    "name": "Require(15) node_modules/egg-jwt/config/config.default.js",
    "start": 1607712628406,
    "end": 1607712628406,
    "duration": 0,
    "pid": 2329,
    "index": 19
  },
  {
    "name": "Require(16) node_modules/egg/config/config.default.js",
    "start": 1607712628406,
    "end": 1607712628406,
    "duration": 0,
    "pid": 2329,
    "index": 20
  },
  {
    "name": "Require(17) config/config.default.js",
    "start": 1607712628407,
    "end": 1607712628407,
    "duration": 0,
    "pid": 2329,
    "index": 21
  },
  {
    "name": "Require(18) node_modules/egg-security/config/config.local.js",
    "start": 1607712628408,
    "end": 1607712628408,
    "duration": 0,
    "pid": 2329,
    "index": 22
  },
  {
    "name": "Require(19) node_modules/egg-watcher/config/config.local.js",
    "start": 1607712628408,
    "end": 1607712628408,
    "duration": 0,
    "pid": 2329,
    "index": 23
  },
  {
    "name": "Require(20) node_modules/egg-view/config/config.local.js",
    "start": 1607712628409,
    "end": 1607712628409,
    "duration": 0,
    "pid": 2329,
    "index": 24
  },
  {
    "name": "Require(21) node_modules/egg/config/config.local.js",
    "start": 1607712628409,
    "end": 1607712628409,
    "duration": 0,
    "pid": 2329,
    "index": 25
  },
  {
    "name": "Load extend/application.js",
    "start": 1607712628410,
    "end": 1607712628433,
    "duration": 23,
    "pid": 2329,
    "index": 26
  },
  {
    "name": "Require(22) node_modules/egg-session/app/extend/application.js",
    "start": 1607712628410,
    "end": 1607712628410,
    "duration": 0,
    "pid": 2329,
    "index": 27
  },
  {
    "name": "Require(23) node_modules/egg-security/app/extend/application.js",
    "start": 1607712628411,
    "end": 1607712628411,
    "duration": 0,
    "pid": 2329,
    "index": 28
  },
  {
    "name": "Require(24) node_modules/egg-jsonp/app/extend/application.js",
    "start": 1607712628411,
    "end": 1607712628412,
    "duration": 1,
    "pid": 2329,
    "index": 29
  },
  {
    "name": "Require(25) node_modules/egg-logrotator/app/extend/application.js",
    "start": 1607712628412,
    "end": 1607712628413,
    "duration": 1,
    "pid": 2329,
    "index": 30
  },
  {
    "name": "Require(26) node_modules/egg-view/app/extend/application.js",
    "start": 1607712628413,
    "end": 1607712628414,
    "duration": 1,
    "pid": 2329,
    "index": 31
  },
  {
    "name": "Require(27) node_modules/egg-jwt/app/extend/application.js",
    "start": 1607712628414,
    "end": 1607712628432,
    "duration": 18,
    "pid": 2329,
    "index": 32
  },
  {
    "name": "Load extend/request.js",
    "start": 1607712628433,
    "end": 1607712628436,
    "duration": 3,
    "pid": 2329,
    "index": 33
  },
  {
    "name": "Require(28) node_modules/egg/app/extend/request.js",
    "start": 1607712628434,
    "end": 1607712628435,
    "duration": 1,
    "pid": 2329,
    "index": 34
  },
  {
    "name": "Load extend/response.js",
    "start": 1607712628436,
    "end": 1607712628438,
    "duration": 2,
    "pid": 2329,
    "index": 35
  },
  {
    "name": "Require(29) node_modules/egg/app/extend/response.js",
    "start": 1607712628436,
    "end": 1607712628437,
    "duration": 1,
    "pid": 2329,
    "index": 36
  },
  {
    "name": "Load extend/context.js",
    "start": 1607712628438,
    "end": 1607712628475,
    "duration": 37,
    "pid": 2329,
    "index": 37
  },
  {
    "name": "Require(30) node_modules/egg-security/app/extend/context.js",
    "start": 1607712628438,
    "end": 1607712628443,
    "duration": 5,
    "pid": 2329,
    "index": 38
  },
  {
    "name": "Require(31) node_modules/egg-jsonp/app/extend/context.js",
    "start": 1607712628443,
    "end": 1607712628444,
    "duration": 1,
    "pid": 2329,
    "index": 39
  },
  {
    "name": "Require(32) node_modules/egg-i18n/app/extend/context.js",
    "start": 1607712628444,
    "end": 1607712628445,
    "duration": 1,
    "pid": 2329,
    "index": 40
  },
  {
    "name": "Require(33) node_modules/egg-multipart/app/extend/context.js",
    "start": 1607712628445,
    "end": 1607712628473,
    "duration": 28,
    "pid": 2329,
    "index": 41
  },
  {
    "name": "Require(34) node_modules/egg-view/app/extend/context.js",
    "start": 1607712628473,
    "end": 1607712628474,
    "duration": 1,
    "pid": 2329,
    "index": 42
  },
  {
    "name": "Require(35) node_modules/egg/app/extend/context.js",
    "start": 1607712628474,
    "end": 1607712628474,
    "duration": 0,
    "pid": 2329,
    "index": 43
  },
  {
    "name": "Load extend/helper.js",
    "start": 1607712628475,
    "end": 1607712628485,
    "duration": 10,
    "pid": 2329,
    "index": 44
  },
  {
    "name": "Require(36) node_modules/egg-security/app/extend/helper.js",
    "start": 1607712628475,
    "end": 1607712628483,
    "duration": 8,
    "pid": 2329,
    "index": 45
  },
  {
    "name": "Require(37) node_modules/egg/app/extend/helper.js",
    "start": 1607712628484,
    "end": 1607712628484,
    "duration": 0,
    "pid": 2329,
    "index": 46
  },
  {
    "name": "Load app.js",
    "start": 1607712628485,
    "end": 1607712628508,
    "duration": 23,
    "pid": 2329,
    "index": 47
  },
  {
    "name": "Require(38) node_modules/egg-session/app.js",
    "start": 1607712628485,
    "end": 1607712628486,
    "duration": 1,
    "pid": 2329,
    "index": 48
  },
  {
    "name": "Require(39) node_modules/egg-security/app.js",
    "start": 1607712628486,
    "end": 1607712628486,
    "duration": 0,
    "pid": 2329,
    "index": 49
  },
  {
    "name": "Require(40) node_modules/egg-onerror/app.js",
    "start": 1607712628487,
    "end": 1607712628490,
    "duration": 3,
    "pid": 2329,
    "index": 50
  },
  {
    "name": "Require(41) node_modules/egg-i18n/app.js",
    "start": 1607712628490,
    "end": 1607712628497,
    "duration": 7,
    "pid": 2329,
    "index": 51
  },
  {
    "name": "Require(42) node_modules/egg-watcher/app.js",
    "start": 1607712628497,
    "end": 1607712628498,
    "duration": 1,
    "pid": 2329,
    "index": 52
  },
  {
    "name": "Require(43) node_modules/egg-schedule/app.js",
    "start": 1607712628498,
    "end": 1607712628499,
    "duration": 1,
    "pid": 2329,
    "index": 53
  },
  {
    "name": "Require(44) node_modules/egg-multipart/app.js",
    "start": 1607712628499,
    "end": 1607712628499,
    "duration": 0,
    "pid": 2329,
    "index": 54
  },
  {
    "name": "Require(45) node_modules/egg-development/app.js",
    "start": 1607712628499,
    "end": 1607712628500,
    "duration": 1,
    "pid": 2329,
    "index": 55
  },
  {
    "name": "Require(46) node_modules/egg-logrotator/app.js",
    "start": 1607712628500,
    "end": 1607712628500,
    "duration": 0,
    "pid": 2329,
    "index": 56
  },
  {
    "name": "Require(47) node_modules/egg-static/app.js",
    "start": 1607712628500,
    "end": 1607712628500,
    "duration": 0,
    "pid": 2329,
    "index": 57
  },
  {
    "name": "Require(48) node_modules/egg-mysql/app.js",
    "start": 1607712628500,
    "end": 1607712628507,
    "duration": 7,
    "pid": 2329,
    "index": 58
  },
  {
    "name": "Require(49) node_modules/egg-cors/app.js",
    "start": 1607712628507,
    "end": 1607712628508,
    "duration": 1,
    "pid": 2329,
    "index": 59
  },
  {
    "name": "Require(50) node_modules/egg-jwt/app.js",
    "start": 1607712628508,
    "end": 1607712628508,
    "duration": 0,
    "pid": 2329,
    "index": 60
  },
  {
    "name": "Before Start in node_modules/egg-watcher/lib/init.js:15:14",
    "start": 1607712628515,
    "end": 1607712628655,
    "duration": 140,
    "pid": 2329,
    "index": 61
  },
  {
    "name": "Before Start in node_modules/egg-mysql/lib/mysql.js:20:7",
    "start": 1607712628578,
    "end": 1607712628657,
    "duration": 79,
    "pid": 2329,
    "index": 62
  },
  {
    "name": "Load Service",
    "start": 1607712628579,
    "end": 1607712628583,
    "duration": 4,
    "pid": 2329,
    "index": 63
  },
  {
    "name": "Load \"service\" to Context",
    "start": 1607712628579,
    "end": 1607712628582,
    "duration": 3,
    "pid": 2329,
    "index": 64
  },
  {
    "name": "Load Middleware",
    "start": 1607712628583,
    "end": 1607712628634,
    "duration": 51,
    "pid": 2329,
    "index": 65
  },
  {
    "name": "Load \"middlewares\" to Application",
    "start": 1607712628583,
    "end": 1607712628627,
    "duration": 44,
    "pid": 2329,
    "index": 66
  },
  {
    "name": "Load Controller",
    "start": 1607712628634,
    "end": 1607712628636,
    "duration": 2,
    "pid": 2329,
    "index": 67
  },
  {
    "name": "Load \"controller\" to Application",
    "start": 1607712628634,
    "end": 1607712628636,
    "duration": 2,
    "pid": 2329,
    "index": 68
  },
  {
    "name": "Load Router",
    "start": 1607712628636,
    "end": 1607712628638,
    "duration": 2,
    "pid": 2329,
    "index": 69
  },
  {
    "name": "Require(51) app/router.js",
    "start": 1607712628636,
    "end": 1607712628636,
    "duration": 0,
    "pid": 2329,
    "index": 70
  },
  {
    "name": "Before Start in node_modules/egg-core/lib/egg.js:303:10",
    "start": 1607712628636,
    "end": 1607712628646,
    "duration": 10,
    "pid": 2329,
    "index": 71
  }
]