[
  {
    "name": "Process Start",
    "start": 1607713598429,
    "end": 1607713598946,
    "duration": 517,
    "pid": 3770,
    "index": 0
  },
  {
    "name": "Application Start",
    "start": 1607713598947,
    "end": 1607713599224,
    "duration": 277,
    "pid": 3770,
    "index": 1
  },
  {
    "name": "Load Plugin",
    "start": 1607713598950,
    "end": 1607713598956,
    "duration": 6,
    "pid": 3770,
    "index": 2
  },
  {
    "name": "Load Config",
    "start": 1607713598956,
    "end": 1607713598969,
    "duration": 13,
    "pid": 3770,
    "index": 3
  },
  {
    "name": "Require(0) config/config.default.js",
    "start": 1607713598957,
    "end": 1607713598957,
    "duration": 0,
    "pid": 3770,
    "index": 4
  },
  {
    "name": "Require(1) node_modules/egg-session/config/config.default.js",
    "start": 1607713598958,
    "end": 1607713598959,
    "duration": 1,
    "pid": 3770,
    "index": 5
  },
  {
    "name": "Require(2) node_modules/egg-security/config/config.default.js",
    "start": 1607713598959,
    "end": 1607713598959,
    "duration": 0,
    "pid": 3770,
    "index": 6
  },
  {
    "name": "Require(3) node_modules/egg-jsonp/config/config.default.js",
    "start": 1607713598960,
    "end": 1607713598960,
    "duration": 0,
    "pid": 3770,
    "index": 7
  },
  {
    "name": "Require(4) node_modules/egg-onerror/config/config.default.js",
    "start": 1607713598960,
    "end": 1607713598961,
    "duration": 1,
    "pid": 3770,
    "index": 8
  },
  {
    "name": "Require(5) node_modules/egg-i18n/config/config.default.js",
    "start": 1607713598961,
    "end": 1607713598961,
    "duration": 0,
    "pid": 3770,
    "index": 9
  },
  {
    "name": "Require(6) node_modules/egg-watcher/config/config.default.js",
    "start": 1607713598961,
    "end": 1607713598961,
    "duration": 0,
    "pid": 3770,
    "index": 10
  },
  {
    "name": "Require(7) node_modules/egg-schedule/config/config.default.js",
    "start": 1607713598962,
    "end": 1607713598962,
    "duration": 0,
    "pid": 3770,
    "index": 11
  },
  {
    "name": "Require(8) node_modules/egg-multipart/config/config.default.js",
    "start": 1607713598962,
    "end": 1607713598962,
    "duration": 0,
    "pid": 3770,
    "index": 12
  },
  {
    "name": "Require(9) node_modules/egg-development/config/config.default.js",
    "start": 1607713598963,
    "end": 1607713598963,
    "duration": 0,
    "pid": 3770,
    "index": 13
  },
  {
    "name": "Require(10) node_modules/egg-logrotator/config/config.default.js",
    "start": 1607713598963,
    "end": 1607713598963,
    "duration": 0,
    "pid": 3770,
    "index": 14
  },
  {
    "name": "Require(11) node_modules/egg-static/config/config.default.js",
    "start": 1607713598963,
    "end": 1607713598964,
    "duration": 1,
    "pid": 3770,
    "index": 15
  },
  {
    "name": "Require(12) node_modules/egg-view/config/config.default.js",
    "start": 1607713598964,
    "end": 1607713598964,
    "duration": 0,
    "pid": 3770,
    "index": 16
  },
  {
    "name": "Require(13) node_modules/egg-mysql/config/config.default.js",
    "start": 1607713598965,
    "end": 1607713598965,
    "duration": 0,
    "pid": 3770,
    "index": 17
  },
  {
    "name": "Require(14) node_modules/egg-cors/config/config.default.js",
    "start": 1607713598965,
    "end": 1607713598965,
    "duration": 0,
    "pid": 3770,
    "index": 18
  },
  {
    "name": "Require(15) node_modules/egg-jwt/config/config.default.js",
    "start": 1607713598965,
    "end": 1607713598966,
    "duration": 1,
    "pid": 3770,
    "index": 19
  },
  {
    "name": "Require(16) node_modules/egg/config/config.default.js",
    "start": 1607713598966,
    "end": 1607713598966,
    "duration": 0,
    "pid": 3770,
    "index": 20
  },
  {
    "name": "Require(17) config/config.default.js",
    "start": 1607713598967,
    "end": 1607713598967,
    "duration": 0,
    "pid": 3770,
    "index": 21
  },
  {
    "name": "Require(18) node_modules/egg-security/config/config.local.js",
    "start": 1607713598967,
    "end": 1607713598968,
    "duration": 1,
    "pid": 3770,
    "index": 22
  },
  {
    "name": "Require(19) node_modules/egg-watcher/config/config.local.js",
    "start": 1607713598968,
    "end": 1607713598968,
    "duration": 0,
    "pid": 3770,
    "index": 23
  },
  {
    "name": "Require(20) node_modules/egg-view/config/config.local.js",
    "start": 1607713598968,
    "end": 1607713598968,
    "duration": 0,
    "pid": 3770,
    "index": 24
  },
  {
    "name": "Require(21) node_modules/egg/config/config.local.js",
    "start": 1607713598969,
    "end": 1607713598969,
    "duration": 0,
    "pid": 3770,
    "index": 25
  },
  {
    "name": "Load extend/application.js",
    "start": 1607713598970,
    "end": 1607713598994,
    "duration": 24,
    "pid": 3770,
    "index": 26
  },
  {
    "name": "Require(22) node_modules/egg-session/app/extend/application.js",
    "start": 1607713598970,
    "end": 1607713598970,
    "duration": 0,
    "pid": 3770,
    "index": 27
  },
  {
    "name": "Require(23) node_modules/egg-security/app/extend/application.js",
    "start": 1607713598970,
    "end": 1607713598971,
    "duration": 1,
    "pid": 3770,
    "index": 28
  },
  {
    "name": "Require(24) node_modules/egg-jsonp/app/extend/application.js",
    "start": 1607713598971,
    "end": 1607713598972,
    "duration": 1,
    "pid": 3770,
    "index": 29
  },
  {
    "name": "Require(25) node_modules/egg-logrotator/app/extend/application.js",
    "start": 1607713598972,
    "end": 1607713598973,
    "duration": 1,
    "pid": 3770,
    "index": 30
  },
  {
    "name": "Require(26) node_modules/egg-view/app/extend/application.js",
    "start": 1607713598973,
    "end": 1607713598973,
    "duration": 0,
    "pid": 3770,
    "index": 31
  },
  {
    "name": "Require(27) node_modules/egg-jwt/app/extend/application.js",
    "start": 1607713598974,
    "end": 1607713598993,
    "duration": 19,
    "pid": 3770,
    "index": 32
  },
  {
    "name": "Load extend/request.js",
    "start": 1607713598994,
    "end": 1607713598996,
    "duration": 2,
    "pid": 3770,
    "index": 33
  },
  {
    "name": "Require(28) node_modules/egg/app/extend/request.js",
    "start": 1607713598994,
    "end": 1607713598995,
    "duration": 1,
    "pid": 3770,
    "index": 34
  },
  {
    "name": "Load extend/response.js",
    "start": 1607713598996,
    "end": 1607713598998,
    "duration": 2,
    "pid": 3770,
    "index": 35
  },
  {
    "name": "Require(29) node_modules/egg/app/extend/response.js",
    "start": 1607713598997,
    "end": 1607713598997,
    "duration": 0,
    "pid": 3770,
    "index": 36
  },
  {
    "name": "Load extend/context.js",
    "start": 1607713598998,
    "end": 1607713599035,
    "duration": 37,
    "pid": 3770,
    "index": 37
  },
  {
    "name": "Require(30) node_modules/egg-security/app/extend/context.js",
    "start": 1607713598998,
    "end": 1607713599003,
    "duration": 5,
    "pid": 3770,
    "index": 38
  },
  {
    "name": "Require(31) node_modules/egg-jsonp/app/extend/context.js",
    "start": 1607713599004,
    "end": 1607713599004,
    "duration": 0,
    "pid": 3770,
    "index": 39
  },
  {
    "name": "Require(32) node_modules/egg-i18n/app/extend/context.js",
    "start": 1607713599004,
    "end": 1607713599005,
    "duration": 1,
    "pid": 3770,
    "index": 40
  },
  {
    "name": "Require(33) node_modules/egg-multipart/app/extend/context.js",
    "start": 1607713599006,
    "end": 1607713599033,
    "duration": 27,
    "pid": 3770,
    "index": 41
  },
  {
    "name": "Require(34) node_modules/egg-view/app/extend/context.js",
    "start": 1607713599033,
    "end": 1607713599034,
    "duration": 1,
    "pid": 3770,
    "index": 42
  },
  {
    "name": "Require(35) node_modules/egg/app/extend/context.js",
    "start": 1607713599034,
    "end": 1607713599034,
    "duration": 0,
    "pid": 3770,
    "index": 43
  },
  {
    "name": "Load extend/helper.js",
    "start": 1607713599035,
    "end": 1607713599045,
    "duration": 10,
    "pid": 3770,
    "index": 44
  },
  {
    "name": "Require(36) node_modules/egg-security/app/extend/helper.js",
    "start": 1607713599035,
    "end": 1607713599043,
    "duration": 8,
    "pid": 3770,
    "index": 45
  },
  {
    "name": "Require(37) node_modules/egg/app/extend/helper.js",
    "start": 1607713599044,
    "end": 1607713599044,
    "duration": 0,
    "pid": 3770,
    "index": 46
  },
  {
    "name": "Load app.js",
    "start": 1607713599045,
    "end": 1607713599067,
    "duration": 22,
    "pid": 3770,
    "index": 47
  },
  {
    "name": "Require(38) node_modules/egg-session/app.js",
    "start": 1607713599045,
    "end": 1607713599045,
    "duration": 0,
    "pid": 3770,
    "index": 48
  },
  {
    "name": "Require(39) node_modules/egg-security/app.js",
    "start": 1607713599045,
    "end": 1607713599046,
    "duration": 1,
    "pid": 3770,
    "index": 49
  },
  {
    "name": "Require(40) node_modules/egg-onerror/app.js",
    "start": 1607713599046,
    "end": 1607713599049,
    "duration": 3,
    "pid": 3770,
    "index": 50
  },
  {
    "name": "Require(41) node_modules/egg-i18n/app.js",
    "start": 1607713599049,
    "end": 1607713599056,
    "duration": 7,
    "pid": 3770,
    "index": 51
  },
  {
    "name": "Require(42) node_modules/egg-watcher/app.js",
    "start": 1607713599056,
    "end": 1607713599057,
    "duration": 1,
    "pid": 3770,
    "index": 52
  },
  {
    "name": "Require(43) node_modules/egg-schedule/app.js",
    "start": 1607713599057,
    "end": 1607713599058,
    "duration": 1,
    "pid": 3770,
    "index": 53
  },
  {
    "name": "Require(44) node_modules/egg-multipart/app.js",
    "start": 1607713599058,
    "end": 1607713599058,
    "duration": 0,
    "pid": 3770,
    "index": 54
  },
  {
    "name": "Require(45) node_modules/egg-development/app.js",
    "start": 1607713599059,
    "end": 1607713599059,
    "duration": 0,
    "pid": 3770,
    "index": 55
  },
  {
    "name": "Require(46) node_modules/egg-logrotator/app.js",
    "start": 1607713599059,
    "end": 1607713599059,
    "duration": 0,
    "pid": 3770,
    "index": 56
  },
  {
    "name": "Require(47) node_modules/egg-static/app.js",
    "start": 1607713599059,
    "end": 1607713599059,
    "duration": 0,
    "pid": 3770,
    "index": 57
  },
  {
    "name": "Require(48) node_modules/egg-mysql/app.js",
    "start": 1607713599060,
    "end": 1607713599067,
    "duration": 7,
    "pid": 3770,
    "index": 58
  },
  {
    "name": "Require(49) node_modules/egg-cors/app.js",
    "start": 1607713599067,
    "end": 1607713599067,
    "duration": 0,
    "pid": 3770,
    "index": 59
  },
  {
    "name": "Require(50) node_modules/egg-jwt/app.js",
    "start": 1607713599067,
    "end": 1607713599067,
    "duration": 0,
    "pid": 3770,
    "index": 60
  },
  {
    "name": "Before Start in node_modules/egg-watcher/lib/init.js:15:14",
    "start": 1607713599074,
    "end": 1607713599221,
    "duration": 147,
    "pid": 3770,
    "index": 61
  },
  {
    "name": "Before Start in node_modules/egg-mysql/lib/mysql.js:20:7",
    "start": 1607713599140,
    "end": 1607713599224,
    "duration": 84,
    "pid": 3770,
    "index": 62
  },
  {
    "name": "Load Service",
    "start": 1607713599140,
    "end": 1607713599144,
    "duration": 4,
    "pid": 3770,
    "index": 63
  },
  {
    "name": "Load \"service\" to Context",
    "start": 1607713599140,
    "end": 1607713599144,
    "duration": 4,
    "pid": 3770,
    "index": 64
  },
  {
    "name": "Load Middleware",
    "start": 1607713599145,
    "end": 1607713599198,
    "duration": 53,
    "pid": 3770,
    "index": 65
  },
  {
    "name": "Load \"middlewares\" to Application",
    "start": 1607713599145,
    "end": 1607713599190,
    "duration": 45,
    "pid": 3770,
    "index": 66
  },
  {
    "name": "Load Controller",
    "start": 1607713599198,
    "end": 1607713599200,
    "duration": 2,
    "pid": 3770,
    "index": 67
  },
  {
    "name": "Load \"controller\" to Application",
    "start": 1607713599198,
    "end": 1607713599200,
    "duration": 2,
    "pid": 3770,
    "index": 68
  },
  {
    "name": "Load Router",
    "start": 1607713599200,
    "end": 1607713599202,
    "duration": 2,
    "pid": 3770,
    "index": 69
  },
  {
    "name": "Require(51) app/router.js",
    "start": 1607713599201,
    "end": 1607713599201,
    "duration": 0,
    "pid": 3770,
    "index": 70
  },
  {
    "name": "Before Start in node_modules/egg-core/lib/egg.js:303:10",
    "start": 1607713599201,
    "end": 1607713599212,
    "duration": 11,
    "pid": 3770,
    "index": 71
  }
]