[
  {
    "name": "Process Start",
    "start": 1607712688216,
    "end": 1607712689006,
    "duration": 790,
    "pid": 2417,
    "index": 0
  },
  {
    "name": "Application Start",
    "start": 1607712689007,
    "end": 1607712689489,
    "duration": 482,
    "pid": 2417,
    "index": 1
  },
  {
    "name": "Load Plugin",
    "start": 1607712689012,
    "end": 1607712689029,
    "duration": 17,
    "pid": 2417,
    "index": 2
  },
  {
    "name": "Load Config",
    "start": 1607712689029,
    "end": 1607712689055,
    "duration": 26,
    "pid": 2417,
    "index": 3
  },
  {
    "name": "Require(0) config/config.default.js",
    "start": 1607712689030,
    "end": 1607712689030,
    "duration": 0,
    "pid": 2417,
    "index": 4
  },
  {
    "name": "Require(1) node_modules/egg-session/config/config.default.js",
    "start": 1607712689032,
    "end": 1607712689033,
    "duration": 1,
    "pid": 2417,
    "index": 5
  },
  {
    "name": "Require(2) node_modules/egg-security/config/config.default.js",
    "start": 1607712689034,
    "end": 1607712689035,
    "duration": 1,
    "pid": 2417,
    "index": 6
  },
  {
    "name": "Require(3) node_modules/egg-jsonp/config/config.default.js",
    "start": 1607712689036,
    "end": 1607712689037,
    "duration": 1,
    "pid": 2417,
    "index": 7
  },
  {
    "name": "Require(4) node_modules/egg-onerror/config/config.default.js",
    "start": 1607712689037,
    "end": 1607712689038,
    "duration": 1,
    "pid": 2417,
    "index": 8
  },
  {
    "name": "Require(5) node_modules/egg-i18n/config/config.default.js",
    "start": 1607712689038,
    "end": 1607712689039,
    "duration": 1,
    "pid": 2417,
    "index": 9
  },
  {
    "name": "Require(6) node_modules/egg-watcher/config/config.default.js",
    "start": 1607712689039,
    "end": 1607712689040,
    "duration": 1,
    "pid": 2417,
    "index": 10
  },
  {
    "name": "Require(7) node_modules/egg-schedule/config/config.default.js",
    "start": 1607712689040,
    "end": 1607712689041,
    "duration": 1,
    "pid": 2417,
    "index": 11
  },
  {
    "name": "Require(8) node_modules/egg-multipart/config/config.default.js",
    "start": 1607712689042,
    "end": 1607712689042,
    "duration": 0,
    "pid": 2417,
    "index": 12
  },
  {
    "name": "Require(9) node_modules/egg-development/config/config.default.js",
    "start": 1607712689043,
    "end": 1607712689043,
    "duration": 0,
    "pid": 2417,
    "index": 13
  },
  {
    "name": "Require(10) node_modules/egg-logrotator/config/config.default.js",
    "start": 1607712689044,
    "end": 1607712689044,
    "duration": 0,
    "pid": 2417,
    "index": 14
  },
  {
    "name": "Require(11) node_modules/egg-static/config/config.default.js",
    "start": 1607712689044,
    "end": 1607712689045,
    "duration": 1,
    "pid": 2417,
    "index": 15
  },
  {
    "name": "Require(12) node_modules/egg-view/config/config.default.js",
    "start": 1607712689045,
    "end": 1607712689046,
    "duration": 1,
    "pid": 2417,
    "index": 16
  },
  {
    "name": "Require(13) node_modules/egg-mysql/config/config.default.js",
    "start": 1607712689046,
    "end": 1607712689047,
    "duration": 1,
    "pid": 2417,
    "index": 17
  },
  {
    "name": "Require(14) node_modules/egg-cors/config/config.default.js",
    "start": 1607712689047,
    "end": 1607712689048,
    "duration": 1,
    "pid": 2417,
    "index": 18
  },
  {
    "name": "Require(15) node_modules/egg-jwt/config/config.default.js",
    "start": 1607712689048,
    "end": 1607712689048,
    "duration": 0,
    "pid": 2417,
    "index": 19
  },
  {
    "name": "Require(16) node_modules/egg/config/config.default.js",
    "start": 1607712689049,
    "end": 1607712689049,
    "duration": 0,
    "pid": 2417,
    "index": 20
  },
  {
    "name": "Require(17) config/config.default.js",
    "start": 1607712689051,
    "end": 1607712689051,
    "duration": 0,
    "pid": 2417,
    "index": 21
  },
  {
    "name": "Require(18) node_modules/egg-security/config/config.local.js",
    "start": 1607712689051,
    "end": 1607712689052,
    "duration": 1,
    "pid": 2417,
    "index": 22
  },
  {
    "name": "Require(19) node_modules/egg-watcher/config/config.local.js",
    "start": 1607712689052,
    "end": 1607712689052,
    "duration": 0,
    "pid": 2417,
    "index": 23
  },
  {
    "name": "Require(20) node_modules/egg-view/config/config.local.js",
    "start": 1607712689053,
    "end": 1607712689054,
    "duration": 1,
    "pid": 2417,
    "index": 24
  },
  {
    "name": "Require(21) node_modules/egg/config/config.local.js",
    "start": 1607712689054,
    "end": 1607712689054,
    "duration": 0,
    "pid": 2417,
    "index": 25
  },
  {
    "name": "Load extend/application.js",
    "start": 1607712689056,
    "end": 1607712689095,
    "duration": 39,
    "pid": 2417,
    "index": 26
  },
  {
    "name": "Require(22) node_modules/egg-session/app/extend/application.js",
    "start": 1607712689056,
    "end": 1607712689057,
    "duration": 1,
    "pid": 2417,
    "index": 27
  },
  {
    "name": "Require(23) node_modules/egg-security/app/extend/application.js",
    "start": 1607712689057,
    "end": 1607712689058,
    "duration": 1,
    "pid": 2417,
    "index": 28
  },
  {
    "name": "Require(24) node_modules/egg-jsonp/app/extend/application.js",
    "start": 1607712689058,
    "end": 1607712689059,
    "duration": 1,
    "pid": 2417,
    "index": 29
  },
  {
    "name": "Require(25) node_modules/egg-logrotator/app/extend/application.js",
    "start": 1607712689060,
    "end": 1607712689061,
    "duration": 1,
    "pid": 2417,
    "index": 30
  },
  {
    "name": "Require(26) node_modules/egg-view/app/extend/application.js",
    "start": 1607712689061,
    "end": 1607712689063,
    "duration": 2,
    "pid": 2417,
    "index": 31
  },
  {
    "name": "Require(27) node_modules/egg-jwt/app/extend/application.js",
    "start": 1607712689063,
    "end": 1607712689093,
    "duration": 30,
    "pid": 2417,
    "index": 32
  },
  {
    "name": "Load extend/request.js",
    "start": 1607712689095,
    "end": 1607712689099,
    "duration": 4,
    "pid": 2417,
    "index": 33
  },
  {
    "name": "Require(28) node_modules/egg/app/extend/request.js",
    "start": 1607712689097,
    "end": 1607712689097,
    "duration": 0,
    "pid": 2417,
    "index": 34
  },
  {
    "name": "Load extend/response.js",
    "start": 1607712689099,
    "end": 1607712689103,
    "duration": 4,
    "pid": 2417,
    "index": 35
  },
  {
    "name": "Require(29) node_modules/egg/app/extend/response.js",
    "start": 1607712689100,
    "end": 1607712689101,
    "duration": 1,
    "pid": 2417,
    "index": 36
  },
  {
    "name": "Load extend/context.js",
    "start": 1607712689103,
    "end": 1607712689163,
    "duration": 60,
    "pid": 2417,
    "index": 37
  },
  {
    "name": "Require(30) node_modules/egg-security/app/extend/context.js",
    "start": 1607712689103,
    "end": 1607712689113,
    "duration": 10,
    "pid": 2417,
    "index": 38
  },
  {
    "name": "Require(31) node_modules/egg-jsonp/app/extend/context.js",
    "start": 1607712689113,
    "end": 1607712689114,
    "duration": 1,
    "pid": 2417,
    "index": 39
  },
  {
    "name": "Require(32) node_modules/egg-i18n/app/extend/context.js",
    "start": 1607712689115,
    "end": 1607712689116,
    "duration": 1,
    "pid": 2417,
    "index": 40
  },
  {
    "name": "Require(33) node_modules/egg-multipart/app/extend/context.js",
    "start": 1607712689116,
    "end": 1607712689158,
    "duration": 42,
    "pid": 2417,
    "index": 41
  },
  {
    "name": "Require(34) node_modules/egg-view/app/extend/context.js",
    "start": 1607712689158,
    "end": 1607712689160,
    "duration": 2,
    "pid": 2417,
    "index": 42
  },
  {
    "name": "Require(35) node_modules/egg/app/extend/context.js",
    "start": 1607712689161,
    "end": 1607712689162,
    "duration": 1,
    "pid": 2417,
    "index": 43
  },
  {
    "name": "Load extend/helper.js",
    "start": 1607712689163,
    "end": 1607712689192,
    "duration": 29,
    "pid": 2417,
    "index": 44
  },
  {
    "name": "Require(36) node_modules/egg-security/app/extend/helper.js",
    "start": 1607712689164,
    "end": 1607712689188,
    "duration": 24,
    "pid": 2417,
    "index": 45
  },
  {
    "name": "Require(37) node_modules/egg/app/extend/helper.js",
    "start": 1607712689189,
    "end": 1607712689190,
    "duration": 1,
    "pid": 2417,
    "index": 46
  },
  {
    "name": "Load app.js",
    "start": 1607712689192,
    "end": 1607712689263,
    "duration": 71,
    "pid": 2417,
    "index": 47
  },
  {
    "name": "Require(38) node_modules/egg-session/app.js",
    "start": 1607712689192,
    "end": 1607712689193,
    "duration": 1,
    "pid": 2417,
    "index": 48
  },
  {
    "name": "Require(39) node_modules/egg-security/app.js",
    "start": 1607712689193,
    "end": 1607712689195,
    "duration": 2,
    "pid": 2417,
    "index": 49
  },
  {
    "name": "Require(40) node_modules/egg-onerror/app.js",
    "start": 1607712689195,
    "end": 1607712689206,
    "duration": 11,
    "pid": 2417,
    "index": 50
  },
  {
    "name": "Require(41) node_modules/egg-i18n/app.js",
    "start": 1607712689207,
    "end": 1607712689224,
    "duration": 17,
    "pid": 2417,
    "index": 51
  },
  {
    "name": "Require(42) node_modules/egg-watcher/app.js",
    "start": 1607712689225,
    "end": 1607712689230,
    "duration": 5,
    "pid": 2417,
    "index": 52
  },
  {
    "name": "Require(43) node_modules/egg-schedule/app.js",
    "start": 1607712689230,
    "end": 1607712689232,
    "duration": 2,
    "pid": 2417,
    "index": 53
  },
  {
    "name": "Require(44) node_modules/egg-multipart/app.js",
    "start": 1607712689232,
    "end": 1607712689233,
    "duration": 1,
    "pid": 2417,
    "index": 54
  },
  {
    "name": "Require(45) node_modules/egg-development/app.js",
    "start": 1607712689233,
    "end": 1607712689234,
    "duration": 1,
    "pid": 2417,
    "index": 55
  },
  {
    "name": "Require(46) node_modules/egg-logrotator/app.js",
    "start": 1607712689234,
    "end": 1607712689235,
    "duration": 1,
    "pid": 2417,
    "index": 56
  },
  {
    "name": "Require(47) node_modules/egg-static/app.js",
    "start": 1607712689235,
    "end": 1607712689236,
    "duration": 1,
    "pid": 2417,
    "index": 57
  },
  {
    "name": "Require(48) node_modules/egg-mysql/app.js",
    "start": 1607712689236,
    "end": 1607712689260,
    "duration": 24,
    "pid": 2417,
    "index": 58
  },
  {
    "name": "Require(49) node_modules/egg-cors/app.js",
    "start": 1607712689261,
    "end": 1607712689261,
    "duration": 0,
    "pid": 2417,
    "index": 59
  },
  {
    "name": "Require(50) node_modules/egg-jwt/app.js",
    "start": 1607712689261,
    "end": 1607712689262,
    "duration": 1,
    "pid": 2417,
    "index": 60
  },
  {
    "name": "Before Start in node_modules/egg-watcher/lib/init.js:15:14",
    "start": 1607712689272,
    "end": 1607712689487,
    "duration": 215,
    "pid": 2417,
    "index": 61
  },
  {
    "name": "Before Start in node_modules/egg-mysql/lib/mysql.js:20:7",
    "start": 1607712689363,
    "end": 1607712689488,
    "duration": 125,
    "pid": 2417,
    "index": 62
  },
  {
    "name": "Load Service",
    "start": 1607712689363,
    "end": 1607712689368,
    "duration": 5,
    "pid": 2417,
    "index": 63
  },
  {
    "name": "Load \"service\" to Context",
    "start": 1607712689363,
    "end": 1607712689368,
    "duration": 5,
    "pid": 2417,
    "index": 64
  },
  {
    "name": "Load Middleware",
    "start": 1607712689368,
    "end": 1607712689461,
    "duration": 93,
    "pid": 2417,
    "index": 65
  },
  {
    "name": "Load \"middlewares\" to Application",
    "start": 1607712689368,
    "end": 1607712689451,
    "duration": 83,
    "pid": 2417,
    "index": 66
  },
  {
    "name": "Load Controller",
    "start": 1607712689461,
    "end": 1607712689465,
    "duration": 4,
    "pid": 2417,
    "index": 67
  },
  {
    "name": "Load \"controller\" to Application",
    "start": 1607712689461,
    "end": 1607712689465,
    "duration": 4,
    "pid": 2417,
    "index": 68
  },
  {
    "name": "Load Router",
    "start": 1607712689465,
    "end": 1607712689467,
    "duration": 2,
    "pid": 2417,
    "index": 69
  },
  {
    "name": "Require(51) app/router.js",
    "start": 1607712689465,
    "end": 1607712689465,
    "duration": 0,
    "pid": 2417,
    "index": 70
  },
  {
    "name": "Before Start in node_modules/egg-core/lib/egg.js:303:10",
    "start": 1607712689465,
    "end": 1607712689477,
    "duration": 12,
    "pid": 2417,
    "index": 71
  }
]