[
  {
    "name": "Process Start",
    "start": 1607713807610,
    "end": 1607713808436,
    "duration": 826,
    "pid": 4143,
    "index": 0
  },
  {
    "name": "Application Start",
    "start": 1607713808437,
    "end": 1607713808866,
    "duration": 429,
    "pid": 4143,
    "index": 1
  },
  {
    "name": "Load Plugin",
    "start": 1607713808441,
    "end": 1607713808453,
    "duration": 12,
    "pid": 4143,
    "index": 2
  },
  {
    "name": "Load Config",
    "start": 1607713808453,
    "end": 1607713808474,
    "duration": 21,
    "pid": 4143,
    "index": 3
  },
  {
    "name": "Require(0) config/config.default.js",
    "start": 1607713808454,
    "end": 1607713808454,
    "duration": 0,
    "pid": 4143,
    "index": 4
  },
  {
    "name": "Require(1) node_modules/egg-session/config/config.default.js",
    "start": 1607713808455,
    "end": 1607713808456,
    "duration": 1,
    "pid": 4143,
    "index": 5
  },
  {
    "name": "Require(2) node_modules/egg-security/config/config.default.js",
    "start": 1607713808456,
    "end": 1607713808457,
    "duration": 1,
    "pid": 4143,
    "index": 6
  },
  {
    "name": "Require(3) node_modules/egg-jsonp/config/config.default.js",
    "start": 1607713808458,
    "end": 1607713808458,
    "duration": 0,
    "pid": 4143,
    "index": 7
  },
  {
    "name": "Require(4) node_modules/egg-onerror/config/config.default.js",
    "start": 1607713808458,
    "end": 1607713808459,
    "duration": 1,
    "pid": 4143,
    "index": 8
  },
  {
    "name": "Require(5) node_modules/egg-i18n/config/config.default.js",
    "start": 1607713808459,
    "end": 1607713808460,
    "duration": 1,
    "pid": 4143,
    "index": 9
  },
  {
    "name": "Require(6) node_modules/egg-watcher/config/config.default.js",
    "start": 1607713808460,
    "end": 1607713808461,
    "duration": 1,
    "pid": 4143,
    "index": 10
  },
  {
    "name": "Require(7) node_modules/egg-schedule/config/config.default.js",
    "start": 1607713808461,
    "end": 1607713808462,
    "duration": 1,
    "pid": 4143,
    "index": 11
  },
  {
    "name": "Require(8) node_modules/egg-multipart/config/config.default.js",
    "start": 1607713808462,
    "end": 1607713808462,
    "duration": 0,
    "pid": 4143,
    "index": 12
  },
  {
    "name": "Require(9) node_modules/egg-development/config/config.default.js",
    "start": 1607713808463,
    "end": 1607713808463,
    "duration": 0,
    "pid": 4143,
    "index": 13
  },
  {
    "name": "Require(10) node_modules/egg-logrotator/config/config.default.js",
    "start": 1607713808464,
    "end": 1607713808464,
    "duration": 0,
    "pid": 4143,
    "index": 14
  },
  {
    "name": "Require(11) node_modules/egg-static/config/config.default.js",
    "start": 1607713808464,
    "end": 1607713808465,
    "duration": 1,
    "pid": 4143,
    "index": 15
  },
  {
    "name": "Require(12) node_modules/egg-view/config/config.default.js",
    "start": 1607713808465,
    "end": 1607713808466,
    "duration": 1,
    "pid": 4143,
    "index": 16
  },
  {
    "name": "Require(13) node_modules/egg-mysql/config/config.default.js",
    "start": 1607713808466,
    "end": 1607713808467,
    "duration": 1,
    "pid": 4143,
    "index": 17
  },
  {
    "name": "Require(14) node_modules/egg-cors/config/config.default.js",
    "start": 1607713808467,
    "end": 1607713808468,
    "duration": 1,
    "pid": 4143,
    "index": 18
  },
  {
    "name": "Require(15) node_modules/egg-jwt/config/config.default.js",
    "start": 1607713808468,
    "end": 1607713808468,
    "duration": 0,
    "pid": 4143,
    "index": 19
  },
  {
    "name": "Require(16) node_modules/egg/config/config.default.js",
    "start": 1607713808468,
    "end": 1607713808469,
    "duration": 1,
    "pid": 4143,
    "index": 20
  },
  {
    "name": "Require(17) config/config.default.js",
    "start": 1607713808471,
    "end": 1607713808471,
    "duration": 0,
    "pid": 4143,
    "index": 21
  },
  {
    "name": "Require(18) node_modules/egg-security/config/config.local.js",
    "start": 1607713808471,
    "end": 1607713808471,
    "duration": 0,
    "pid": 4143,
    "index": 22
  },
  {
    "name": "Require(19) node_modules/egg-watcher/config/config.local.js",
    "start": 1607713808472,
    "end": 1607713808472,
    "duration": 0,
    "pid": 4143,
    "index": 23
  },
  {
    "name": "Require(20) node_modules/egg-view/config/config.local.js",
    "start": 1607713808473,
    "end": 1607713808473,
    "duration": 0,
    "pid": 4143,
    "index": 24
  },
  {
    "name": "Require(21) node_modules/egg/config/config.local.js",
    "start": 1607713808474,
    "end": 1607713808474,
    "duration": 0,
    "pid": 4143,
    "index": 25
  },
  {
    "name": "Load extend/application.js",
    "start": 1607713808476,
    "end": 1607713808517,
    "duration": 41,
    "pid": 4143,
    "index": 26
  },
  {
    "name": "Require(22) node_modules/egg-session/app/extend/application.js",
    "start": 1607713808476,
    "end": 1607713808476,
    "duration": 0,
    "pid": 4143,
    "index": 27
  },
  {
    "name": "Require(23) node_modules/egg-security/app/extend/application.js",
    "start": 1607713808477,
    "end": 1607713808478,
    "duration": 1,
    "pid": 4143,
    "index": 28
  },
  {
    "name": "Require(24) node_modules/egg-jsonp/app/extend/application.js",
    "start": 1607713808478,
    "end": 1607713808479,
    "duration": 1,
    "pid": 4143,
    "index": 29
  },
  {
    "name": "Require(25) node_modules/egg-logrotator/app/extend/application.js",
    "start": 1607713808480,
    "end": 1607713808481,
    "duration": 1,
    "pid": 4143,
    "index": 30
  },
  {
    "name": "Require(26) node_modules/egg-view/app/extend/application.js",
    "start": 1607713808481,
    "end": 1607713808482,
    "duration": 1,
    "pid": 4143,
    "index": 31
  },
  {
    "name": "Require(27) node_modules/egg-jwt/app/extend/application.js",
    "start": 1607713808483,
    "end": 1607713808516,
    "duration": 33,
    "pid": 4143,
    "index": 32
  },
  {
    "name": "Load extend/request.js",
    "start": 1607713808517,
    "end": 1607713808520,
    "duration": 3,
    "pid": 4143,
    "index": 33
  },
  {
    "name": "Require(28) node_modules/egg/app/extend/request.js",
    "start": 1607713808518,
    "end": 1607713808519,
    "duration": 1,
    "pid": 4143,
    "index": 34
  },
  {
    "name": "Load extend/response.js",
    "start": 1607713808520,
    "end": 1607713808523,
    "duration": 3,
    "pid": 4143,
    "index": 35
  },
  {
    "name": "Require(29) node_modules/egg/app/extend/response.js",
    "start": 1607713808520,
    "end": 1607713808522,
    "duration": 2,
    "pid": 4143,
    "index": 36
  },
  {
    "name": "Load extend/context.js",
    "start": 1607713808523,
    "end": 1607713808577,
    "duration": 54,
    "pid": 4143,
    "index": 37
  },
  {
    "name": "Require(30) node_modules/egg-security/app/extend/context.js",
    "start": 1607713808523,
    "end": 1607713808535,
    "duration": 12,
    "pid": 4143,
    "index": 38
  },
  {
    "name": "Require(31) node_modules/egg-jsonp/app/extend/context.js",
    "start": 1607713808535,
    "end": 1607713808536,
    "duration": 1,
    "pid": 4143,
    "index": 39
  },
  {
    "name": "Require(32) node_modules/egg-i18n/app/extend/context.js",
    "start": 1607713808536,
    "end": 1607713808538,
    "duration": 2,
    "pid": 4143,
    "index": 40
  },
  {
    "name": "Require(33) node_modules/egg-multipart/app/extend/context.js",
    "start": 1607713808538,
    "end": 1607713808574,
    "duration": 36,
    "pid": 4143,
    "index": 41
  },
  {
    "name": "Require(34) node_modules/egg-view/app/extend/context.js",
    "start": 1607713808574,
    "end": 1607713808575,
    "duration": 1,
    "pid": 4143,
    "index": 42
  },
  {
    "name": "Require(35) node_modules/egg/app/extend/context.js",
    "start": 1607713808576,
    "end": 1607713808576,
    "duration": 0,
    "pid": 4143,
    "index": 43
  },
  {
    "name": "Load extend/helper.js",
    "start": 1607713808578,
    "end": 1607713808597,
    "duration": 19,
    "pid": 4143,
    "index": 44
  },
  {
    "name": "Require(36) node_modules/egg-security/app/extend/helper.js",
    "start": 1607713808578,
    "end": 1607713808595,
    "duration": 17,
    "pid": 4143,
    "index": 45
  },
  {
    "name": "Require(37) node_modules/egg/app/extend/helper.js",
    "start": 1607713808596,
    "end": 1607713808596,
    "duration": 0,
    "pid": 4143,
    "index": 46
  },
  {
    "name": "Load app.js",
    "start": 1607713808598,
    "end": 1607713808639,
    "duration": 41,
    "pid": 4143,
    "index": 47
  },
  {
    "name": "Require(38) node_modules/egg-session/app.js",
    "start": 1607713808598,
    "end": 1607713808598,
    "duration": 0,
    "pid": 4143,
    "index": 48
  },
  {
    "name": "Require(39) node_modules/egg-security/app.js",
    "start": 1607713808599,
    "end": 1607713808600,
    "duration": 1,
    "pid": 4143,
    "index": 49
  },
  {
    "name": "Require(40) node_modules/egg-onerror/app.js",
    "start": 1607713808600,
    "end": 1607713808607,
    "duration": 7,
    "pid": 4143,
    "index": 50
  },
  {
    "name": "Require(41) node_modules/egg-i18n/app.js",
    "start": 1607713808607,
    "end": 1607713808618,
    "duration": 11,
    "pid": 4143,
    "index": 51
  },
  {
    "name": "Require(42) node_modules/egg-watcher/app.js",
    "start": 1607713808618,
    "end": 1607713808621,
    "duration": 3,
    "pid": 4143,
    "index": 52
  },
  {
    "name": "Require(43) node_modules/egg-schedule/app.js",
    "start": 1607713808621,
    "end": 1607713808622,
    "duration": 1,
    "pid": 4143,
    "index": 53
  },
  {
    "name": "Require(44) node_modules/egg-multipart/app.js",
    "start": 1607713808622,
    "end": 1607713808623,
    "duration": 1,
    "pid": 4143,
    "index": 54
  },
  {
    "name": "Require(45) node_modules/egg-development/app.js",
    "start": 1607713808623,
    "end": 1607713808623,
    "duration": 0,
    "pid": 4143,
    "index": 55
  },
  {
    "name": "Require(46) node_modules/egg-logrotator/app.js",
    "start": 1607713808624,
    "end": 1607713808624,
    "duration": 0,
    "pid": 4143,
    "index": 56
  },
  {
    "name": "Require(47) node_modules/egg-static/app.js",
    "start": 1607713808624,
    "end": 1607713808624,
    "duration": 0,
    "pid": 4143,
    "index": 57
  },
  {
    "name": "Require(48) node_modules/egg-mysql/app.js",
    "start": 1607713808625,
    "end": 1607713808638,
    "duration": 13,
    "pid": 4143,
    "index": 58
  },
  {
    "name": "Require(49) node_modules/egg-cors/app.js",
    "start": 1607713808638,
    "end": 1607713808638,
    "duration": 0,
    "pid": 4143,
    "index": 59
  },
  {
    "name": "Require(50) node_modules/egg-jwt/app.js",
    "start": 1607713808638,
    "end": 1607713808639,
    "duration": 1,
    "pid": 4143,
    "index": 60
  },
  {
    "name": "Before Start in node_modules/egg-watcher/lib/init.js:15:14",
    "start": 1607713808647,
    "end": 1607713808863,
    "duration": 216,
    "pid": 4143,
    "index": 61
  },
  {
    "name": "Before Start in node_modules/egg-mysql/lib/mysql.js:20:7",
    "start": 1607713808741,
    "end": 1607713808866,
    "duration": 125,
    "pid": 4143,
    "index": 62
  },
  {
    "name": "Load Service",
    "start": 1607713808741,
    "end": 1607713808747,
    "duration": 6,
    "pid": 4143,
    "index": 63
  },
  {
    "name": "Load \"service\" to Context",
    "start": 1607713808741,
    "end": 1607713808747,
    "duration": 6,
    "pid": 4143,
    "index": 64
  },
  {
    "name": "Load Middleware",
    "start": 1607713808747,
    "end": 1607713808838,
    "duration": 91,
    "pid": 4143,
    "index": 65
  },
  {
    "name": "Load \"middlewares\" to Application",
    "start": 1607713808747,
    "end": 1607713808827,
    "duration": 80,
    "pid": 4143,
    "index": 66
  },
  {
    "name": "Load Controller",
    "start": 1607713808838,
    "end": 1607713808842,
    "duration": 4,
    "pid": 4143,
    "index": 67
  },
  {
    "name": "Load \"controller\" to Application",
    "start": 1607713808838,
    "end": 1607713808842,
    "duration": 4,
    "pid": 4143,
    "index": 68
  },
  {
    "name": "Load Router",
    "start": 1607713808842,
    "end": 1607713808845,
    "duration": 3,
    "pid": 4143,
    "index": 69
  },
  {
    "name": "Require(51) app/router.js",
    "start": 1607713808843,
    "end": 1607713808843,
    "duration": 0,
    "pid": 4143,
    "index": 70
  },
  {
    "name": "Before Start in node_modules/egg-core/lib/egg.js:303:10",
    "start": 1607713808843,
    "end": 1607713808855,
    "duration": 12,
    "pid": 4143,
    "index": 71
  }
]