[
  {
    "name": "Process Start",
    "start": 1607714403377,
    "end": 1607714404229,
    "duration": 852,
    "pid": 4986,
    "index": 0
  },
  {
    "name": "Application Start",
    "start": 1607714404229,
    "end": 1607714404675,
    "duration": 446,
    "pid": 4986,
    "index": 1
  },
  {
    "name": "Load Plugin",
    "start": 1607714404233,
    "end": 1607714404245,
    "duration": 12,
    "pid": 4986,
    "index": 2
  },
  {
    "name": "Load Config",
    "start": 1607714404245,
    "end": 1607714404263,
    "duration": 18,
    "pid": 4986,
    "index": 3
  },
  {
    "name": "Require(0) config/config.default.js",
    "start": 1607714404245,
    "end": 1607714404246,
    "duration": 1,
    "pid": 4986,
    "index": 4
  },
  {
    "name": "Require(1) node_modules/egg-session/config/config.default.js",
    "start": 1607714404247,
    "end": 1607714404247,
    "duration": 0,
    "pid": 4986,
    "index": 5
  },
  {
    "name": "Require(2) node_modules/egg-security/config/config.default.js",
    "start": 1607714404247,
    "end": 1607714404248,
    "duration": 1,
    "pid": 4986,
    "index": 6
  },
  {
    "name": "Require(3) node_modules/egg-jsonp/config/config.default.js",
    "start": 1607714404248,
    "end": 1607714404249,
    "duration": 1,
    "pid": 4986,
    "index": 7
  },
  {
    "name": "Require(4) node_modules/egg-onerror/config/config.default.js",
    "start": 1607714404249,
    "end": 1607714404250,
    "duration": 1,
    "pid": 4986,
    "index": 8
  },
  {
    "name": "Require(5) node_modules/egg-i18n/config/config.default.js",
    "start": 1607714404250,
    "end": 1607714404250,
    "duration": 0,
    "pid": 4986,
    "index": 9
  },
  {
    "name": "Require(6) node_modules/egg-watcher/config/config.default.js",
    "start": 1607714404251,
    "end": 1607714404251,
    "duration": 0,
    "pid": 4986,
    "index": 10
  },
  {
    "name": "Require(7) node_modules/egg-schedule/config/config.default.js",
    "start": 1607714404251,
    "end": 1607714404252,
    "duration": 1,
    "pid": 4986,
    "index": 11
  },
  {
    "name": "Require(8) node_modules/egg-multipart/config/config.default.js",
    "start": 1607714404252,
    "end": 1607714404253,
    "duration": 1,
    "pid": 4986,
    "index": 12
  },
  {
    "name": "Require(9) node_modules/egg-development/config/config.default.js",
    "start": 1607714404253,
    "end": 1607714404254,
    "duration": 1,
    "pid": 4986,
    "index": 13
  },
  {
    "name": "Require(10) node_modules/egg-logrotator/config/config.default.js",
    "start": 1607714404254,
    "end": 1607714404254,
    "duration": 0,
    "pid": 4986,
    "index": 14
  },
  {
    "name": "Require(11) node_modules/egg-static/config/config.default.js",
    "start": 1607714404255,
    "end": 1607714404255,
    "duration": 0,
    "pid": 4986,
    "index": 15
  },
  {
    "name": "Require(12) node_modules/egg-view/config/config.default.js",
    "start": 1607714404255,
    "end": 1607714404256,
    "duration": 1,
    "pid": 4986,
    "index": 16
  },
  {
    "name": "Require(13) node_modules/egg-mysql/config/config.default.js",
    "start": 1607714404256,
    "end": 1607714404257,
    "duration": 1,
    "pid": 4986,
    "index": 17
  },
  {
    "name": "Require(14) node_modules/egg-cors/config/config.default.js",
    "start": 1607714404257,
    "end": 1607714404257,
    "duration": 0,
    "pid": 4986,
    "index": 18
  },
  {
    "name": "Require(15) node_modules/egg-jwt/config/config.default.js",
    "start": 1607714404257,
    "end": 1607714404258,
    "duration": 1,
    "pid": 4986,
    "index": 19
  },
  {
    "name": "Require(16) node_modules/egg/config/config.default.js",
    "start": 1607714404258,
    "end": 1607714404259,
    "duration": 1,
    "pid": 4986,
    "index": 20
  },
  {
    "name": "Require(17) config/config.default.js",
    "start": 1607714404260,
    "end": 1607714404260,
    "duration": 0,
    "pid": 4986,
    "index": 21
  },
  {
    "name": "Require(18) node_modules/egg-security/config/config.local.js",
    "start": 1607714404261,
    "end": 1607714404261,
    "duration": 0,
    "pid": 4986,
    "index": 22
  },
  {
    "name": "Require(19) node_modules/egg-watcher/config/config.local.js",
    "start": 1607714404261,
    "end": 1607714404262,
    "duration": 1,
    "pid": 4986,
    "index": 23
  },
  {
    "name": "Require(20) node_modules/egg-view/config/config.local.js",
    "start": 1607714404262,
    "end": 1607714404263,
    "duration": 1,
    "pid": 4986,
    "index": 24
  },
  {
    "name": "Require(21) node_modules/egg/config/config.local.js",
    "start": 1607714404263,
    "end": 1607714404263,
    "duration": 0,
    "pid": 4986,
    "index": 25
  },
  {
    "name": "Load extend/application.js",
    "start": 1607714404264,
    "end": 1607714404306,
    "duration": 42,
    "pid": 4986,
    "index": 26
  },
  {
    "name": "Require(22) node_modules/egg-session/app/extend/application.js",
    "start": 1607714404265,
    "end": 1607714404265,
    "duration": 0,
    "pid": 4986,
    "index": 27
  },
  {
    "name": "Require(23) node_modules/egg-security/app/extend/application.js",
    "start": 1607714404265,
    "end": 1607714404266,
    "duration": 1,
    "pid": 4986,
    "index": 28
  },
  {
    "name": "Require(24) node_modules/egg-jsonp/app/extend/application.js",
    "start": 1607714404267,
    "end": 1607714404268,
    "duration": 1,
    "pid": 4986,
    "index": 29
  },
  {
    "name": "Require(25) node_modules/egg-logrotator/app/extend/application.js",
    "start": 1607714404268,
    "end": 1607714404270,
    "duration": 2,
    "pid": 4986,
    "index": 30
  },
  {
    "name": "Require(26) node_modules/egg-view/app/extend/application.js",
    "start": 1607714404270,
    "end": 1607714404271,
    "duration": 1,
    "pid": 4986,
    "index": 31
  },
  {
    "name": "Require(27) node_modules/egg-jwt/app/extend/application.js",
    "start": 1607714404271,
    "end": 1607714404305,
    "duration": 34,
    "pid": 4986,
    "index": 32
  },
  {
    "name": "Load extend/request.js",
    "start": 1607714404306,
    "end": 1607714404309,
    "duration": 3,
    "pid": 4986,
    "index": 33
  },
  {
    "name": "Require(28) node_modules/egg/app/extend/request.js",
    "start": 1607714404307,
    "end": 1607714404308,
    "duration": 1,
    "pid": 4986,
    "index": 34
  },
  {
    "name": "Load extend/response.js",
    "start": 1607714404309,
    "end": 1607714404312,
    "duration": 3,
    "pid": 4986,
    "index": 35
  },
  {
    "name": "Require(29) node_modules/egg/app/extend/response.js",
    "start": 1607714404309,
    "end": 1607714404311,
    "duration": 2,
    "pid": 4986,
    "index": 36
  },
  {
    "name": "Load extend/context.js",
    "start": 1607714404312,
    "end": 1607714404365,
    "duration": 53,
    "pid": 4986,
    "index": 37
  },
  {
    "name": "Require(30) node_modules/egg-security/app/extend/context.js",
    "start": 1607714404312,
    "end": 1607714404321,
    "duration": 9,
    "pid": 4986,
    "index": 38
  },
  {
    "name": "Require(31) node_modules/egg-jsonp/app/extend/context.js",
    "start": 1607714404322,
    "end": 1607714404323,
    "duration": 1,
    "pid": 4986,
    "index": 39
  },
  {
    "name": "Require(32) node_modules/egg-i18n/app/extend/context.js",
    "start": 1607714404323,
    "end": 1607714404325,
    "duration": 2,
    "pid": 4986,
    "index": 40
  },
  {
    "name": "Require(33) node_modules/egg-multipart/app/extend/context.js",
    "start": 1607714404325,
    "end": 1607714404362,
    "duration": 37,
    "pid": 4986,
    "index": 41
  },
  {
    "name": "Require(34) node_modules/egg-view/app/extend/context.js",
    "start": 1607714404362,
    "end": 1607714404363,
    "duration": 1,
    "pid": 4986,
    "index": 42
  },
  {
    "name": "Require(35) node_modules/egg/app/extend/context.js",
    "start": 1607714404363,
    "end": 1607714404364,
    "duration": 1,
    "pid": 4986,
    "index": 43
  },
  {
    "name": "Load extend/helper.js",
    "start": 1607714404365,
    "end": 1607714404380,
    "duration": 15,
    "pid": 4986,
    "index": 44
  },
  {
    "name": "Require(36) node_modules/egg-security/app/extend/helper.js",
    "start": 1607714404365,
    "end": 1607714404378,
    "duration": 13,
    "pid": 4986,
    "index": 45
  },
  {
    "name": "Require(37) node_modules/egg/app/extend/helper.js",
    "start": 1607714404379,
    "end": 1607714404379,
    "duration": 0,
    "pid": 4986,
    "index": 46
  },
  {
    "name": "Load app.js",
    "start": 1607714404381,
    "end": 1607714404421,
    "duration": 40,
    "pid": 4986,
    "index": 47
  },
  {
    "name": "Require(38) node_modules/egg-session/app.js",
    "start": 1607714404381,
    "end": 1607714404381,
    "duration": 0,
    "pid": 4986,
    "index": 48
  },
  {
    "name": "Require(39) node_modules/egg-security/app.js",
    "start": 1607714404381,
    "end": 1607714404382,
    "duration": 1,
    "pid": 4986,
    "index": 49
  },
  {
    "name": "Require(40) node_modules/egg-onerror/app.js",
    "start": 1607714404383,
    "end": 1607714404389,
    "duration": 6,
    "pid": 4986,
    "index": 50
  },
  {
    "name": "Require(41) node_modules/egg-i18n/app.js",
    "start": 1607714404389,
    "end": 1607714404400,
    "duration": 11,
    "pid": 4986,
    "index": 51
  },
  {
    "name": "Require(42) node_modules/egg-watcher/app.js",
    "start": 1607714404400,
    "end": 1607714404403,
    "duration": 3,
    "pid": 4986,
    "index": 52
  },
  {
    "name": "Require(43) node_modules/egg-schedule/app.js",
    "start": 1607714404403,
    "end": 1607714404404,
    "duration": 1,
    "pid": 4986,
    "index": 53
  },
  {
    "name": "Require(44) node_modules/egg-multipart/app.js",
    "start": 1607714404405,
    "end": 1607714404405,
    "duration": 0,
    "pid": 4986,
    "index": 54
  },
  {
    "name": "Require(45) node_modules/egg-development/app.js",
    "start": 1607714404405,
    "end": 1607714404406,
    "duration": 1,
    "pid": 4986,
    "index": 55
  },
  {
    "name": "Require(46) node_modules/egg-logrotator/app.js",
    "start": 1607714404406,
    "end": 1607714404406,
    "duration": 0,
    "pid": 4986,
    "index": 56
  },
  {
    "name": "Require(47) node_modules/egg-static/app.js",
    "start": 1607714404406,
    "end": 1607714404407,
    "duration": 1,
    "pid": 4986,
    "index": 57
  },
  {
    "name": "Require(48) node_modules/egg-mysql/app.js",
    "start": 1607714404407,
    "end": 1607714404419,
    "duration": 12,
    "pid": 4986,
    "index": 58
  },
  {
    "name": "Require(49) node_modules/egg-cors/app.js",
    "start": 1607714404420,
    "end": 1607714404420,
    "duration": 0,
    "pid": 4986,
    "index": 59
  },
  {
    "name": "Require(50) node_modules/egg-jwt/app.js",
    "start": 1607714404420,
    "end": 1607714404421,
    "duration": 1,
    "pid": 4986,
    "index": 60
  },
  {
    "name": "Before Start in node_modules/egg-watcher/lib/init.js:15:14",
    "start": 1607714404428,
    "end": 1607714404671,
    "duration": 243,
    "pid": 4986,
    "index": 61
  },
  {
    "name": "Before Start in node_modules/egg-mysql/lib/mysql.js:20:7",
    "start": 1607714404528,
    "end": 1607714404674,
    "duration": 146,
    "pid": 4986,
    "index": 62
  },
  {
    "name": "Load Service",
    "start": 1607714404529,
    "end": 1607714404535,
    "duration": 6,
    "pid": 4986,
    "index": 63
  },
  {
    "name": "Load \"service\" to Context",
    "start": 1607714404529,
    "end": 1607714404535,
    "duration": 6,
    "pid": 4986,
    "index": 64
  },
  {
    "name": "Load Middleware",
    "start": 1607714404535,
    "end": 1607714404645,
    "duration": 110,
    "pid": 4986,
    "index": 65
  },
  {
    "name": "Load \"middlewares\" to Application",
    "start": 1607714404535,
    "end": 1607714404635,
    "duration": 100,
    "pid": 4986,
    "index": 66
  },
  {
    "name": "Load Controller",
    "start": 1607714404645,
    "end": 1607714404649,
    "duration": 4,
    "pid": 4986,
    "index": 67
  },
  {
    "name": "Load \"controller\" to Application",
    "start": 1607714404645,
    "end": 1607714404649,
    "duration": 4,
    "pid": 4986,
    "index": 68
  },
  {
    "name": "Load Router",
    "start": 1607714404649,
    "end": 1607714404651,
    "duration": 2,
    "pid": 4986,
    "index": 69
  },
  {
    "name": "Require(51) app/router.js",
    "start": 1607714404649,
    "end": 1607714404649,
    "duration": 0,
    "pid": 4986,
    "index": 70
  },
  {
    "name": "Before Start in node_modules/egg-core/lib/egg.js:303:10",
    "start": 1607714404650,
    "end": 1607714404661,
    "duration": 11,
    "pid": 4986,
    "index": 71
  }
]