[
  {
    "name": "Process Start",
    "start": 1607713778723,
    "end": 1607713779265,
    "duration": 542,
    "pid": 4095,
    "index": 0
  },
  {
    "name": "Application Start",
    "start": 1607713779265,
    "end": 1607713779547,
    "duration": 282,
    "pid": 4095,
    "index": 1
  },
  {
    "name": "Load Plugin",
    "start": 1607713779268,
    "end": 1607713779275,
    "duration": 7,
    "pid": 4095,
    "index": 2
  },
  {
    "name": "Load Config",
    "start": 1607713779275,
    "end": 1607713779288,
    "duration": 13,
    "pid": 4095,
    "index": 3
  },
  {
    "name": "Require(0) config/config.default.js",
    "start": 1607713779275,
    "end": 1607713779276,
    "duration": 1,
    "pid": 4095,
    "index": 4
  },
  {
    "name": "Require(1) node_modules/egg-session/config/config.default.js",
    "start": 1607713779277,
    "end": 1607713779277,
    "duration": 0,
    "pid": 4095,
    "index": 5
  },
  {
    "name": "Require(2) node_modules/egg-security/config/config.default.js",
    "start": 1607713779277,
    "end": 1607713779277,
    "duration": 0,
    "pid": 4095,
    "index": 6
  },
  {
    "name": "Require(3) node_modules/egg-jsonp/config/config.default.js",
    "start": 1607713779278,
    "end": 1607713779278,
    "duration": 0,
    "pid": 4095,
    "index": 7
  },
  {
    "name": "Require(4) node_modules/egg-onerror/config/config.default.js",
    "start": 1607713779279,
    "end": 1607713779279,
    "duration": 0,
    "pid": 4095,
    "index": 8
  },
  {
    "name": "Require(5) node_modules/egg-i18n/config/config.default.js",
    "start": 1607713779279,
    "end": 1607713779280,
    "duration": 1,
    "pid": 4095,
    "index": 9
  },
  {
    "name": "Require(6) node_modules/egg-watcher/config/config.default.js",
    "start": 1607713779280,
    "end": 1607713779280,
    "duration": 0,
    "pid": 4095,
    "index": 10
  },
  {
    "name": "Require(7) node_modules/egg-schedule/config/config.default.js",
    "start": 1607713779280,
    "end": 1607713779281,
    "duration": 1,
    "pid": 4095,
    "index": 11
  },
  {
    "name": "Require(8) node_modules/egg-multipart/config/config.default.js",
    "start": 1607713779281,
    "end": 1607713779281,
    "duration": 0,
    "pid": 4095,
    "index": 12
  },
  {
    "name": "Require(9) node_modules/egg-development/config/config.default.js",
    "start": 1607713779282,
    "end": 1607713779282,
    "duration": 0,
    "pid": 4095,
    "index": 13
  },
  {
    "name": "Require(10) node_modules/egg-logrotator/config/config.default.js",
    "start": 1607713779282,
    "end": 1607713779282,
    "duration": 0,
    "pid": 4095,
    "index": 14
  },
  {
    "name": "Require(11) node_modules/egg-static/config/config.default.js",
    "start": 1607713779282,
    "end": 1607713779283,
    "duration": 1,
    "pid": 4095,
    "index": 15
  },
  {
    "name": "Require(12) node_modules/egg-view/config/config.default.js",
    "start": 1607713779283,
    "end": 1607713779283,
    "duration": 0,
    "pid": 4095,
    "index": 16
  },
  {
    "name": "Require(13) node_modules/egg-mysql/config/config.default.js",
    "start": 1607713779283,
    "end": 1607713779284,
    "duration": 1,
    "pid": 4095,
    "index": 17
  },
  {
    "name": "Require(14) node_modules/egg-cors/config/config.default.js",
    "start": 1607713779284,
    "end": 1607713779284,
    "duration": 0,
    "pid": 4095,
    "index": 18
  },
  {
    "name": "Require(15) node_modules/egg-jwt/config/config.default.js",
    "start": 1607713779284,
    "end": 1607713779284,
    "duration": 0,
    "pid": 4095,
    "index": 19
  },
  {
    "name": "Require(16) node_modules/egg/config/config.default.js",
    "start": 1607713779284,
    "end": 1607713779285,
    "duration": 1,
    "pid": 4095,
    "index": 20
  },
  {
    "name": "Require(17) config/config.default.js",
    "start": 1607713779286,
    "end": 1607713779286,
    "duration": 0,
    "pid": 4095,
    "index": 21
  },
  {
    "name": "Require(18) node_modules/egg-security/config/config.local.js",
    "start": 1607713779286,
    "end": 1607713779286,
    "duration": 0,
    "pid": 4095,
    "index": 22
  },
  {
    "name": "Require(19) node_modules/egg-watcher/config/config.local.js",
    "start": 1607713779287,
    "end": 1607713779287,
    "duration": 0,
    "pid": 4095,
    "index": 23
  },
  {
    "name": "Require(20) node_modules/egg-view/config/config.local.js",
    "start": 1607713779287,
    "end": 1607713779287,
    "duration": 0,
    "pid": 4095,
    "index": 24
  },
  {
    "name": "Require(21) node_modules/egg/config/config.local.js",
    "start": 1607713779288,
    "end": 1607713779288,
    "duration": 0,
    "pid": 4095,
    "index": 25
  },
  {
    "name": "Load extend/application.js",
    "start": 1607713779289,
    "end": 1607713779312,
    "duration": 23,
    "pid": 4095,
    "index": 26
  },
  {
    "name": "Require(22) node_modules/egg-session/app/extend/application.js",
    "start": 1607713779289,
    "end": 1607713779289,
    "duration": 0,
    "pid": 4095,
    "index": 27
  },
  {
    "name": "Require(23) node_modules/egg-security/app/extend/application.js",
    "start": 1607713779289,
    "end": 1607713779290,
    "duration": 1,
    "pid": 4095,
    "index": 28
  },
  {
    "name": "Require(24) node_modules/egg-jsonp/app/extend/application.js",
    "start": 1607713779290,
    "end": 1607713779291,
    "duration": 1,
    "pid": 4095,
    "index": 29
  },
  {
    "name": "Require(25) node_modules/egg-logrotator/app/extend/application.js",
    "start": 1607713779291,
    "end": 1607713779292,
    "duration": 1,
    "pid": 4095,
    "index": 30
  },
  {
    "name": "Require(26) node_modules/egg-view/app/extend/application.js",
    "start": 1607713779292,
    "end": 1607713779292,
    "duration": 0,
    "pid": 4095,
    "index": 31
  },
  {
    "name": "Require(27) node_modules/egg-jwt/app/extend/application.js",
    "start": 1607713779292,
    "end": 1607713779311,
    "duration": 19,
    "pid": 4095,
    "index": 32
  },
  {
    "name": "Load extend/request.js",
    "start": 1607713779312,
    "end": 1607713779315,
    "duration": 3,
    "pid": 4095,
    "index": 33
  },
  {
    "name": "Require(28) node_modules/egg/app/extend/request.js",
    "start": 1607713779313,
    "end": 1607713779314,
    "duration": 1,
    "pid": 4095,
    "index": 34
  },
  {
    "name": "Load extend/response.js",
    "start": 1607713779315,
    "end": 1607713779317,
    "duration": 2,
    "pid": 4095,
    "index": 35
  },
  {
    "name": "Require(29) node_modules/egg/app/extend/response.js",
    "start": 1607713779315,
    "end": 1607713779316,
    "duration": 1,
    "pid": 4095,
    "index": 36
  },
  {
    "name": "Load extend/context.js",
    "start": 1607713779317,
    "end": 1607713779355,
    "duration": 38,
    "pid": 4095,
    "index": 37
  },
  {
    "name": "Require(30) node_modules/egg-security/app/extend/context.js",
    "start": 1607713779317,
    "end": 1607713779321,
    "duration": 4,
    "pid": 4095,
    "index": 38
  },
  {
    "name": "Require(31) node_modules/egg-jsonp/app/extend/context.js",
    "start": 1607713779321,
    "end": 1607713779323,
    "duration": 2,
    "pid": 4095,
    "index": 39
  },
  {
    "name": "Require(32) node_modules/egg-i18n/app/extend/context.js",
    "start": 1607713779323,
    "end": 1607713779324,
    "duration": 1,
    "pid": 4095,
    "index": 40
  },
  {
    "name": "Require(33) node_modules/egg-multipart/app/extend/context.js",
    "start": 1607713779324,
    "end": 1607713779352,
    "duration": 28,
    "pid": 4095,
    "index": 41
  },
  {
    "name": "Require(34) node_modules/egg-view/app/extend/context.js",
    "start": 1607713779352,
    "end": 1607713779353,
    "duration": 1,
    "pid": 4095,
    "index": 42
  },
  {
    "name": "Require(35) node_modules/egg/app/extend/context.js",
    "start": 1607713779353,
    "end": 1607713779354,
    "duration": 1,
    "pid": 4095,
    "index": 43
  },
  {
    "name": "Load extend/helper.js",
    "start": 1607713779355,
    "end": 1607713779365,
    "duration": 10,
    "pid": 4095,
    "index": 44
  },
  {
    "name": "Require(36) node_modules/egg-security/app/extend/helper.js",
    "start": 1607713779355,
    "end": 1607713779364,
    "duration": 9,
    "pid": 4095,
    "index": 45
  },
  {
    "name": "Require(37) node_modules/egg/app/extend/helper.js",
    "start": 1607713779364,
    "end": 1607713779365,
    "duration": 1,
    "pid": 4095,
    "index": 46
  },
  {
    "name": "Load app.js",
    "start": 1607713779366,
    "end": 1607713779389,
    "duration": 23,
    "pid": 4095,
    "index": 47
  },
  {
    "name": "Require(38) node_modules/egg-session/app.js",
    "start": 1607713779366,
    "end": 1607713779366,
    "duration": 0,
    "pid": 4095,
    "index": 48
  },
  {
    "name": "Require(39) node_modules/egg-security/app.js",
    "start": 1607713779366,
    "end": 1607713779367,
    "duration": 1,
    "pid": 4095,
    "index": 49
  },
  {
    "name": "Require(40) node_modules/egg-onerror/app.js",
    "start": 1607713779367,
    "end": 1607713779371,
    "duration": 4,
    "pid": 4095,
    "index": 50
  },
  {
    "name": "Require(41) node_modules/egg-i18n/app.js",
    "start": 1607713779371,
    "end": 1607713779378,
    "duration": 7,
    "pid": 4095,
    "index": 51
  },
  {
    "name": "Require(42) node_modules/egg-watcher/app.js",
    "start": 1607713779378,
    "end": 1607713779379,
    "duration": 1,
    "pid": 4095,
    "index": 52
  },
  {
    "name": "Require(43) node_modules/egg-schedule/app.js",
    "start": 1607713779379,
    "end": 1607713779380,
    "duration": 1,
    "pid": 4095,
    "index": 53
  },
  {
    "name": "Require(44) node_modules/egg-multipart/app.js",
    "start": 1607713779380,
    "end": 1607713779380,
    "duration": 0,
    "pid": 4095,
    "index": 54
  },
  {
    "name": "Require(45) node_modules/egg-development/app.js",
    "start": 1607713779380,
    "end": 1607713779381,
    "duration": 1,
    "pid": 4095,
    "index": 55
  },
  {
    "name": "Require(46) node_modules/egg-logrotator/app.js",
    "start": 1607713779381,
    "end": 1607713779381,
    "duration": 0,
    "pid": 4095,
    "index": 56
  },
  {
    "name": "Require(47) node_modules/egg-static/app.js",
    "start": 1607713779381,
    "end": 1607713779381,
    "duration": 0,
    "pid": 4095,
    "index": 57
  },
  {
    "name": "Require(48) node_modules/egg-mysql/app.js",
    "start": 1607713779381,
    "end": 1607713779388,
    "duration": 7,
    "pid": 4095,
    "index": 58
  },
  {
    "name": "Require(49) node_modules/egg-cors/app.js",
    "start": 1607713779388,
    "end": 1607713779389,
    "duration": 1,
    "pid": 4095,
    "index": 59
  },
  {
    "name": "Require(50) node_modules/egg-jwt/app.js",
    "start": 1607713779389,
    "end": 1607713779389,
    "duration": 0,
    "pid": 4095,
    "index": 60
  },
  {
    "name": "Before Start in node_modules/egg-watcher/lib/init.js:15:14",
    "start": 1607713779396,
    "end": 1607713779546,
    "duration": 150,
    "pid": 4095,
    "index": 61
  },
  {
    "name": "Before Start in node_modules/egg-mysql/lib/mysql.js:20:7",
    "start": 1607713779462,
    "end": 1607713779547,
    "duration": 85,
    "pid": 4095,
    "index": 62
  },
  {
    "name": "Load Service",
    "start": 1607713779462,
    "end": 1607713779466,
    "duration": 4,
    "pid": 4095,
    "index": 63
  },
  {
    "name": "Load \"service\" to Context",
    "start": 1607713779462,
    "end": 1607713779466,
    "duration": 4,
    "pid": 4095,
    "index": 64
  },
  {
    "name": "Load Middleware",
    "start": 1607713779467,
    "end": 1607713779521,
    "duration": 54,
    "pid": 4095,
    "index": 65
  },
  {
    "name": "Load \"middlewares\" to Application",
    "start": 1607713779467,
    "end": 1607713779513,
    "duration": 46,
    "pid": 4095,
    "index": 66
  },
  {
    "name": "Load Controller",
    "start": 1607713779521,
    "end": 1607713779523,
    "duration": 2,
    "pid": 4095,
    "index": 67
  },
  {
    "name": "Load \"controller\" to Application",
    "start": 1607713779521,
    "end": 1607713779523,
    "duration": 2,
    "pid": 4095,
    "index": 68
  },
  {
    "name": "Load Router",
    "start": 1607713779523,
    "end": 1607713779525,
    "duration": 2,
    "pid": 4095,
    "index": 69
  },
  {
    "name": "Require(51) app/router.js",
    "start": 1607713779523,
    "end": 1607713779523,
    "duration": 0,
    "pid": 4095,
    "index": 70
  },
  {
    "name": "Before Start in node_modules/egg-core/lib/egg.js:303:10",
    "start": 1607713779523,
    "end": 1607713779535,
    "duration": 12,
    "pid": 4095,
    "index": 71
  }
]