[
  {
    "name": "Process Start",
    "start": 1607713607018,
    "end": 1607713607527,
    "duration": 509,
    "pid": 3809,
    "index": 0
  },
  {
    "name": "Application Start",
    "start": 1607713607527,
    "end": 1607713607780,
    "duration": 253,
    "pid": 3809,
    "index": 1
  },
  {
    "name": "Load Plugin",
    "start": 1607713607531,
    "end": 1607713607537,
    "duration": 6,
    "pid": 3809,
    "index": 2
  },
  {
    "name": "Load Config",
    "start": 1607713607537,
    "end": 1607713607548,
    "duration": 11,
    "pid": 3809,
    "index": 3
  },
  {
    "name": "Require(0) config/config.default.js",
    "start": 1607713607537,
    "end": 1607713607537,
    "duration": 0,
    "pid": 3809,
    "index": 4
  },
  {
    "name": "Require(1) node_modules/egg-session/config/config.default.js",
    "start": 1607713607538,
    "end": 1607713607538,
    "duration": 0,
    "pid": 3809,
    "index": 5
  },
  {
    "name": "Require(2) node_modules/egg-security/config/config.default.js",
    "start": 1607713607538,
    "end": 1607713607539,
    "duration": 1,
    "pid": 3809,
    "index": 6
  },
  {
    "name": "Require(3) node_modules/egg-jsonp/config/config.default.js",
    "start": 1607713607539,
    "end": 1607713607540,
    "duration": 1,
    "pid": 3809,
    "index": 7
  },
  {
    "name": "Require(4) node_modules/egg-onerror/config/config.default.js",
    "start": 1607713607540,
    "end": 1607713607540,
    "duration": 0,
    "pid": 3809,
    "index": 8
  },
  {
    "name": "Require(5) node_modules/egg-i18n/config/config.default.js",
    "start": 1607713607540,
    "end": 1607713607540,
    "duration": 0,
    "pid": 3809,
    "index": 9
  },
  {
    "name": "Require(6) node_modules/egg-watcher/config/config.default.js",
    "start": 1607713607540,
    "end": 1607713607541,
    "duration": 1,
    "pid": 3809,
    "index": 10
  },
  {
    "name": "Require(7) node_modules/egg-schedule/config/config.default.js",
    "start": 1607713607541,
    "end": 1607713607541,
    "duration": 0,
    "pid": 3809,
    "index": 11
  },
  {
    "name": "Require(8) node_modules/egg-multipart/config/config.default.js",
    "start": 1607713607541,
    "end": 1607713607542,
    "duration": 1,
    "pid": 3809,
    "index": 12
  },
  {
    "name": "Require(9) node_modules/egg-development/config/config.default.js",
    "start": 1607713607542,
    "end": 1607713607542,
    "duration": 0,
    "pid": 3809,
    "index": 13
  },
  {
    "name": "Require(10) node_modules/egg-logrotator/config/config.default.js",
    "start": 1607713607542,
    "end": 1607713607542,
    "duration": 0,
    "pid": 3809,
    "index": 14
  },
  {
    "name": "Require(11) node_modules/egg-static/config/config.default.js",
    "start": 1607713607543,
    "end": 1607713607543,
    "duration": 0,
    "pid": 3809,
    "index": 15
  },
  {
    "name": "Require(12) node_modules/egg-view/config/config.default.js",
    "start": 1607713607543,
    "end": 1607713607543,
    "duration": 0,
    "pid": 3809,
    "index": 16
  },
  {
    "name": "Require(13) node_modules/egg-mysql/config/config.default.js",
    "start": 1607713607543,
    "end": 1607713607544,
    "duration": 1,
    "pid": 3809,
    "index": 17
  },
  {
    "name": "Require(14) node_modules/egg-cors/config/config.default.js",
    "start": 1607713607544,
    "end": 1607713607544,
    "duration": 0,
    "pid": 3809,
    "index": 18
  },
  {
    "name": "Require(15) node_modules/egg-jwt/config/config.default.js",
    "start": 1607713607544,
    "end": 1607713607544,
    "duration": 0,
    "pid": 3809,
    "index": 19
  },
  {
    "name": "Require(16) node_modules/egg/config/config.default.js",
    "start": 1607713607544,
    "end": 1607713607545,
    "duration": 1,
    "pid": 3809,
    "index": 20
  },
  {
    "name": "Require(17) config/config.default.js",
    "start": 1607713607546,
    "end": 1607713607546,
    "duration": 0,
    "pid": 3809,
    "index": 21
  },
  {
    "name": "Require(18) node_modules/egg-security/config/config.local.js",
    "start": 1607713607546,
    "end": 1607713607546,
    "duration": 0,
    "pid": 3809,
    "index": 22
  },
  {
    "name": "Require(19) node_modules/egg-watcher/config/config.local.js",
    "start": 1607713607546,
    "end": 1607713607547,
    "duration": 1,
    "pid": 3809,
    "index": 23
  },
  {
    "name": "Require(20) node_modules/egg-view/config/config.local.js",
    "start": 1607713607547,
    "end": 1607713607547,
    "duration": 0,
    "pid": 3809,
    "index": 24
  },
  {
    "name": "Require(21) node_modules/egg/config/config.local.js",
    "start": 1607713607547,
    "end": 1607713607548,
    "duration": 1,
    "pid": 3809,
    "index": 25
  },
  {
    "name": "Load extend/application.js",
    "start": 1607713607548,
    "end": 1607713607569,
    "duration": 21,
    "pid": 3809,
    "index": 26
  },
  {
    "name": "Require(22) node_modules/egg-session/app/extend/application.js",
    "start": 1607713607549,
    "end": 1607713607549,
    "duration": 0,
    "pid": 3809,
    "index": 27
  },
  {
    "name": "Require(23) node_modules/egg-security/app/extend/application.js",
    "start": 1607713607549,
    "end": 1607713607549,
    "duration": 0,
    "pid": 3809,
    "index": 28
  },
  {
    "name": "Require(24) node_modules/egg-jsonp/app/extend/application.js",
    "start": 1607713607550,
    "end": 1607713607550,
    "duration": 0,
    "pid": 3809,
    "index": 29
  },
  {
    "name": "Require(25) node_modules/egg-logrotator/app/extend/application.js",
    "start": 1607713607550,
    "end": 1607713607551,
    "duration": 1,
    "pid": 3809,
    "index": 30
  },
  {
    "name": "Require(26) node_modules/egg-view/app/extend/application.js",
    "start": 1607713607551,
    "end": 1607713607552,
    "duration": 1,
    "pid": 3809,
    "index": 31
  },
  {
    "name": "Require(27) node_modules/egg-jwt/app/extend/application.js",
    "start": 1607713607552,
    "end": 1607713607568,
    "duration": 16,
    "pid": 3809,
    "index": 32
  },
  {
    "name": "Load extend/request.js",
    "start": 1607713607569,
    "end": 1607713607571,
    "duration": 2,
    "pid": 3809,
    "index": 33
  },
  {
    "name": "Require(28) node_modules/egg/app/extend/request.js",
    "start": 1607713607570,
    "end": 1607713607570,
    "duration": 0,
    "pid": 3809,
    "index": 34
  },
  {
    "name": "Load extend/response.js",
    "start": 1607713607571,
    "end": 1607713607573,
    "duration": 2,
    "pid": 3809,
    "index": 35
  },
  {
    "name": "Require(29) node_modules/egg/app/extend/response.js",
    "start": 1607713607572,
    "end": 1607713607572,
    "duration": 0,
    "pid": 3809,
    "index": 36
  },
  {
    "name": "Load extend/context.js",
    "start": 1607713607573,
    "end": 1607713607607,
    "duration": 34,
    "pid": 3809,
    "index": 37
  },
  {
    "name": "Require(30) node_modules/egg-security/app/extend/context.js",
    "start": 1607713607573,
    "end": 1607713607578,
    "duration": 5,
    "pid": 3809,
    "index": 38
  },
  {
    "name": "Require(31) node_modules/egg-jsonp/app/extend/context.js",
    "start": 1607713607578,
    "end": 1607713607579,
    "duration": 1,
    "pid": 3809,
    "index": 39
  },
  {
    "name": "Require(32) node_modules/egg-i18n/app/extend/context.js",
    "start": 1607713607579,
    "end": 1607713607580,
    "duration": 1,
    "pid": 3809,
    "index": 40
  },
  {
    "name": "Require(33) node_modules/egg-multipart/app/extend/context.js",
    "start": 1607713607580,
    "end": 1607713607605,
    "duration": 25,
    "pid": 3809,
    "index": 41
  },
  {
    "name": "Require(34) node_modules/egg-view/app/extend/context.js",
    "start": 1607713607605,
    "end": 1607713607605,
    "duration": 0,
    "pid": 3809,
    "index": 42
  },
  {
    "name": "Require(35) node_modules/egg/app/extend/context.js",
    "start": 1607713607606,
    "end": 1607713607606,
    "duration": 0,
    "pid": 3809,
    "index": 43
  },
  {
    "name": "Load extend/helper.js",
    "start": 1607713607608,
    "end": 1607713607616,
    "duration": 8,
    "pid": 3809,
    "index": 44
  },
  {
    "name": "Require(36) node_modules/egg-security/app/extend/helper.js",
    "start": 1607713607608,
    "end": 1607713607615,
    "duration": 7,
    "pid": 3809,
    "index": 45
  },
  {
    "name": "Require(37) node_modules/egg/app/extend/helper.js",
    "start": 1607713607615,
    "end": 1607713607616,
    "duration": 1,
    "pid": 3809,
    "index": 46
  },
  {
    "name": "Load app.js",
    "start": 1607713607617,
    "end": 1607713607636,
    "duration": 19,
    "pid": 3809,
    "index": 47
  },
  {
    "name": "Require(38) node_modules/egg-session/app.js",
    "start": 1607713607617,
    "end": 1607713607617,
    "duration": 0,
    "pid": 3809,
    "index": 48
  },
  {
    "name": "Require(39) node_modules/egg-security/app.js",
    "start": 1607713607617,
    "end": 1607713607617,
    "duration": 0,
    "pid": 3809,
    "index": 49
  },
  {
    "name": "Require(40) node_modules/egg-onerror/app.js",
    "start": 1607713607618,
    "end": 1607713607621,
    "duration": 3,
    "pid": 3809,
    "index": 50
  },
  {
    "name": "Require(41) node_modules/egg-i18n/app.js",
    "start": 1607713607621,
    "end": 1607713607626,
    "duration": 5,
    "pid": 3809,
    "index": 51
  },
  {
    "name": "Require(42) node_modules/egg-watcher/app.js",
    "start": 1607713607626,
    "end": 1607713607628,
    "duration": 2,
    "pid": 3809,
    "index": 52
  },
  {
    "name": "Require(43) node_modules/egg-schedule/app.js",
    "start": 1607713607628,
    "end": 1607713607628,
    "duration": 0,
    "pid": 3809,
    "index": 53
  },
  {
    "name": "Require(44) node_modules/egg-multipart/app.js",
    "start": 1607713607628,
    "end": 1607713607629,
    "duration": 1,
    "pid": 3809,
    "index": 54
  },
  {
    "name": "Require(45) node_modules/egg-development/app.js",
    "start": 1607713607629,
    "end": 1607713607629,
    "duration": 0,
    "pid": 3809,
    "index": 55
  },
  {
    "name": "Require(46) node_modules/egg-logrotator/app.js",
    "start": 1607713607629,
    "end": 1607713607629,
    "duration": 0,
    "pid": 3809,
    "index": 56
  },
  {
    "name": "Require(47) node_modules/egg-static/app.js",
    "start": 1607713607629,
    "end": 1607713607629,
    "duration": 0,
    "pid": 3809,
    "index": 57
  },
  {
    "name": "Require(48) node_modules/egg-mysql/app.js",
    "start": 1607713607630,
    "end": 1607713607636,
    "duration": 6,
    "pid": 3809,
    "index": 58
  },
  {
    "name": "Require(49) node_modules/egg-cors/app.js",
    "start": 1607713607636,
    "end": 1607713607636,
    "duration": 0,
    "pid": 3809,
    "index": 59
  },
  {
    "name": "Require(50) node_modules/egg-jwt/app.js",
    "start": 1607713607636,
    "end": 1607713607636,
    "duration": 0,
    "pid": 3809,
    "index": 60
  },
  {
    "name": "Before Start in node_modules/egg-watcher/lib/init.js:15:14",
    "start": 1607713607643,
    "end": 1607713607777,
    "duration": 134,
    "pid": 3809,
    "index": 61
  },
  {
    "name": "Before Start in node_modules/egg-mysql/lib/mysql.js:20:7",
    "start": 1607713607704,
    "end": 1607713607780,
    "duration": 76,
    "pid": 3809,
    "index": 62
  },
  {
    "name": "Load Service",
    "start": 1607713607704,
    "end": 1607713607708,
    "duration": 4,
    "pid": 3809,
    "index": 63
  },
  {
    "name": "Load \"service\" to Context",
    "start": 1607713607704,
    "end": 1607713607708,
    "duration": 4,
    "pid": 3809,
    "index": 64
  },
  {
    "name": "Load Middleware",
    "start": 1607713607708,
    "end": 1607713607755,
    "duration": 47,
    "pid": 3809,
    "index": 65
  },
  {
    "name": "Load \"middlewares\" to Application",
    "start": 1607713607708,
    "end": 1607713607748,
    "duration": 40,
    "pid": 3809,
    "index": 66
  },
  {
    "name": "Load Controller",
    "start": 1607713607755,
    "end": 1607713607757,
    "duration": 2,
    "pid": 3809,
    "index": 67
  },
  {
    "name": "Load \"controller\" to Application",
    "start": 1607713607755,
    "end": 1607713607757,
    "duration": 2,
    "pid": 3809,
    "index": 68
  },
  {
    "name": "Load Router",
    "start": 1607713607757,
    "end": 1607713607759,
    "duration": 2,
    "pid": 3809,
    "index": 69
  },
  {
    "name": "Require(51) app/router.js",
    "start": 1607713607757,
    "end": 1607713607757,
    "duration": 0,
    "pid": 3809,
    "index": 70
  },
  {
    "name": "Before Start in node_modules/egg-core/lib/egg.js:303:10",
    "start": 1607713607757,
    "end": 1607713607768,
    "duration": 11,
    "pid": 3809,
    "index": 71
  }
]