[
  {
    "name": "Process Start",
    "start": 1607713825938,
    "end": 1607713826445,
    "duration": 507,
    "pid": 4204,
    "index": 0
  },
  {
    "name": "Application Start",
    "start": 1607713826446,
    "end": 1607713826723,
    "duration": 277,
    "pid": 4204,
    "index": 1
  },
  {
    "name": "Load Plugin",
    "start": 1607713826449,
    "end": 1607713826455,
    "duration": 6,
    "pid": 4204,
    "index": 2
  },
  {
    "name": "Load Config",
    "start": 1607713826456,
    "end": 1607713826467,
    "duration": 11,
    "pid": 4204,
    "index": 3
  },
  {
    "name": "Require(0) config/config.default.js",
    "start": 1607713826456,
    "end": 1607713826456,
    "duration": 0,
    "pid": 4204,
    "index": 4
  },
  {
    "name": "Require(1) node_modules/egg-session/config/config.default.js",
    "start": 1607713826457,
    "end": 1607713826457,
    "duration": 0,
    "pid": 4204,
    "index": 5
  },
  {
    "name": "Require(2) node_modules/egg-security/config/config.default.js",
    "start": 1607713826457,
    "end": 1607713826458,
    "duration": 1,
    "pid": 4204,
    "index": 6
  },
  {
    "name": "Require(3) node_modules/egg-jsonp/config/config.default.js",
    "start": 1607713826458,
    "end": 1607713826459,
    "duration": 1,
    "pid": 4204,
    "index": 7
  },
  {
    "name": "Require(4) node_modules/egg-onerror/config/config.default.js",
    "start": 1607713826459,
    "end": 1607713826459,
    "duration": 0,
    "pid": 4204,
    "index": 8
  },
  {
    "name": "Require(5) node_modules/egg-i18n/config/config.default.js",
    "start": 1607713826459,
    "end": 1607713826460,
    "duration": 1,
    "pid": 4204,
    "index": 9
  },
  {
    "name": "Require(6) node_modules/egg-watcher/config/config.default.js",
    "start": 1607713826460,
    "end": 1607713826460,
    "duration": 0,
    "pid": 4204,
    "index": 10
  },
  {
    "name": "Require(7) node_modules/egg-schedule/config/config.default.js",
    "start": 1607713826460,
    "end": 1607713826460,
    "duration": 0,
    "pid": 4204,
    "index": 11
  },
  {
    "name": "Require(8) node_modules/egg-multipart/config/config.default.js",
    "start": 1607713826461,
    "end": 1607713826461,
    "duration": 0,
    "pid": 4204,
    "index": 12
  },
  {
    "name": "Require(9) node_modules/egg-development/config/config.default.js",
    "start": 1607713826461,
    "end": 1607713826461,
    "duration": 0,
    "pid": 4204,
    "index": 13
  },
  {
    "name": "Require(10) node_modules/egg-logrotator/config/config.default.js",
    "start": 1607713826462,
    "end": 1607713826462,
    "duration": 0,
    "pid": 4204,
    "index": 14
  },
  {
    "name": "Require(11) node_modules/egg-static/config/config.default.js",
    "start": 1607713826462,
    "end": 1607713826462,
    "duration": 0,
    "pid": 4204,
    "index": 15
  },
  {
    "name": "Require(12) node_modules/egg-view/config/config.default.js",
    "start": 1607713826462,
    "end": 1607713826463,
    "duration": 1,
    "pid": 4204,
    "index": 16
  },
  {
    "name": "Require(13) node_modules/egg-mysql/config/config.default.js",
    "start": 1607713826463,
    "end": 1607713826463,
    "duration": 0,
    "pid": 4204,
    "index": 17
  },
  {
    "name": "Require(14) node_modules/egg-cors/config/config.default.js",
    "start": 1607713826463,
    "end": 1607713826464,
    "duration": 1,
    "pid": 4204,
    "index": 18
  },
  {
    "name": "Require(15) node_modules/egg-jwt/config/config.default.js",
    "start": 1607713826464,
    "end": 1607713826464,
    "duration": 0,
    "pid": 4204,
    "index": 19
  },
  {
    "name": "Require(16) node_modules/egg/config/config.default.js",
    "start": 1607713826464,
    "end": 1607713826464,
    "duration": 0,
    "pid": 4204,
    "index": 20
  },
  {
    "name": "Require(17) config/config.default.js",
    "start": 1607713826465,
    "end": 1607713826465,
    "duration": 0,
    "pid": 4204,
    "index": 21
  },
  {
    "name": "Require(18) node_modules/egg-security/config/config.local.js",
    "start": 1607713826466,
    "end": 1607713826466,
    "duration": 0,
    "pid": 4204,
    "index": 22
  },
  {
    "name": "Require(19) node_modules/egg-watcher/config/config.local.js",
    "start": 1607713826466,
    "end": 1607713826466,
    "duration": 0,
    "pid": 4204,
    "index": 23
  },
  {
    "name": "Require(20) node_modules/egg-view/config/config.local.js",
    "start": 1607713826467,
    "end": 1607713826467,
    "duration": 0,
    "pid": 4204,
    "index": 24
  },
  {
    "name": "Require(21) node_modules/egg/config/config.local.js",
    "start": 1607713826467,
    "end": 1607713826467,
    "duration": 0,
    "pid": 4204,
    "index": 25
  },
  {
    "name": "Load extend/application.js",
    "start": 1607713826468,
    "end": 1607713826493,
    "duration": 25,
    "pid": 4204,
    "index": 26
  },
  {
    "name": "Require(22) node_modules/egg-session/app/extend/application.js",
    "start": 1607713826468,
    "end": 1607713826469,
    "duration": 1,
    "pid": 4204,
    "index": 27
  },
  {
    "name": "Require(23) node_modules/egg-security/app/extend/application.js",
    "start": 1607713826469,
    "end": 1607713826469,
    "duration": 0,
    "pid": 4204,
    "index": 28
  },
  {
    "name": "Require(24) node_modules/egg-jsonp/app/extend/application.js",
    "start": 1607713826469,
    "end": 1607713826470,
    "duration": 1,
    "pid": 4204,
    "index": 29
  },
  {
    "name": "Require(25) node_modules/egg-logrotator/app/extend/application.js",
    "start": 1607713826470,
    "end": 1607713826471,
    "duration": 1,
    "pid": 4204,
    "index": 30
  },
  {
    "name": "Require(26) node_modules/egg-view/app/extend/application.js",
    "start": 1607713826471,
    "end": 1607713826472,
    "duration": 1,
    "pid": 4204,
    "index": 31
  },
  {
    "name": "Require(27) node_modules/egg-jwt/app/extend/application.js",
    "start": 1607713826472,
    "end": 1607713826492,
    "duration": 20,
    "pid": 4204,
    "index": 32
  },
  {
    "name": "Load extend/request.js",
    "start": 1607713826493,
    "end": 1607713826495,
    "duration": 2,
    "pid": 4204,
    "index": 33
  },
  {
    "name": "Require(28) node_modules/egg/app/extend/request.js",
    "start": 1607713826494,
    "end": 1607713826494,
    "duration": 0,
    "pid": 4204,
    "index": 34
  },
  {
    "name": "Load extend/response.js",
    "start": 1607713826495,
    "end": 1607713826497,
    "duration": 2,
    "pid": 4204,
    "index": 35
  },
  {
    "name": "Require(29) node_modules/egg/app/extend/response.js",
    "start": 1607713826496,
    "end": 1607713826496,
    "duration": 0,
    "pid": 4204,
    "index": 36
  },
  {
    "name": "Load extend/context.js",
    "start": 1607713826497,
    "end": 1607713826536,
    "duration": 39,
    "pid": 4204,
    "index": 37
  },
  {
    "name": "Require(30) node_modules/egg-security/app/extend/context.js",
    "start": 1607713826497,
    "end": 1607713826503,
    "duration": 6,
    "pid": 4204,
    "index": 38
  },
  {
    "name": "Require(31) node_modules/egg-jsonp/app/extend/context.js",
    "start": 1607713826503,
    "end": 1607713826503,
    "duration": 0,
    "pid": 4204,
    "index": 39
  },
  {
    "name": "Require(32) node_modules/egg-i18n/app/extend/context.js",
    "start": 1607713826504,
    "end": 1607713826505,
    "duration": 1,
    "pid": 4204,
    "index": 40
  },
  {
    "name": "Require(33) node_modules/egg-multipart/app/extend/context.js",
    "start": 1607713826505,
    "end": 1607713826533,
    "duration": 28,
    "pid": 4204,
    "index": 41
  },
  {
    "name": "Require(34) node_modules/egg-view/app/extend/context.js",
    "start": 1607713826534,
    "end": 1607713826534,
    "duration": 0,
    "pid": 4204,
    "index": 42
  },
  {
    "name": "Require(35) node_modules/egg/app/extend/context.js",
    "start": 1607713826534,
    "end": 1607713826535,
    "duration": 1,
    "pid": 4204,
    "index": 43
  },
  {
    "name": "Load extend/helper.js",
    "start": 1607713826536,
    "end": 1607713826545,
    "duration": 9,
    "pid": 4204,
    "index": 44
  },
  {
    "name": "Require(36) node_modules/egg-security/app/extend/helper.js",
    "start": 1607713826536,
    "end": 1607713826544,
    "duration": 8,
    "pid": 4204,
    "index": 45
  },
  {
    "name": "Require(37) node_modules/egg/app/extend/helper.js",
    "start": 1607713826545,
    "end": 1607713826545,
    "duration": 0,
    "pid": 4204,
    "index": 46
  },
  {
    "name": "Load app.js",
    "start": 1607713826546,
    "end": 1607713826569,
    "duration": 23,
    "pid": 4204,
    "index": 47
  },
  {
    "name": "Require(38) node_modules/egg-session/app.js",
    "start": 1607713826546,
    "end": 1607713826546,
    "duration": 0,
    "pid": 4204,
    "index": 48
  },
  {
    "name": "Require(39) node_modules/egg-security/app.js",
    "start": 1607713826546,
    "end": 1607713826547,
    "duration": 1,
    "pid": 4204,
    "index": 49
  },
  {
    "name": "Require(40) node_modules/egg-onerror/app.js",
    "start": 1607713826547,
    "end": 1607713826550,
    "duration": 3,
    "pid": 4204,
    "index": 50
  },
  {
    "name": "Require(41) node_modules/egg-i18n/app.js",
    "start": 1607713826551,
    "end": 1607713826557,
    "duration": 6,
    "pid": 4204,
    "index": 51
  },
  {
    "name": "Require(42) node_modules/egg-watcher/app.js",
    "start": 1607713826558,
    "end": 1607713826559,
    "duration": 1,
    "pid": 4204,
    "index": 52
  },
  {
    "name": "Require(43) node_modules/egg-schedule/app.js",
    "start": 1607713826559,
    "end": 1607713826560,
    "duration": 1,
    "pid": 4204,
    "index": 53
  },
  {
    "name": "Require(44) node_modules/egg-multipart/app.js",
    "start": 1607713826560,
    "end": 1607713826560,
    "duration": 0,
    "pid": 4204,
    "index": 54
  },
  {
    "name": "Require(45) node_modules/egg-development/app.js",
    "start": 1607713826560,
    "end": 1607713826560,
    "duration": 0,
    "pid": 4204,
    "index": 55
  },
  {
    "name": "Require(46) node_modules/egg-logrotator/app.js",
    "start": 1607713826561,
    "end": 1607713826561,
    "duration": 0,
    "pid": 4204,
    "index": 56
  },
  {
    "name": "Require(47) node_modules/egg-static/app.js",
    "start": 1607713826561,
    "end": 1607713826561,
    "duration": 0,
    "pid": 4204,
    "index": 57
  },
  {
    "name": "Require(48) node_modules/egg-mysql/app.js",
    "start": 1607713826561,
    "end": 1607713826568,
    "duration": 7,
    "pid": 4204,
    "index": 58
  },
  {
    "name": "Require(49) node_modules/egg-cors/app.js",
    "start": 1607713826568,
    "end": 1607713826568,
    "duration": 0,
    "pid": 4204,
    "index": 59
  },
  {
    "name": "Require(50) node_modules/egg-jwt/app.js",
    "start": 1607713826568,
    "end": 1607713826568,
    "duration": 0,
    "pid": 4204,
    "index": 60
  },
  {
    "name": "Before Start in node_modules/egg-watcher/lib/init.js:15:14",
    "start": 1607713826576,
    "end": 1607713826721,
    "duration": 145,
    "pid": 4204,
    "index": 61
  },
  {
    "name": "Before Start in node_modules/egg-mysql/lib/mysql.js:20:7",
    "start": 1607713826641,
    "end": 1607713826723,
    "duration": 82,
    "pid": 4204,
    "index": 62
  },
  {
    "name": "Load Service",
    "start": 1607713826642,
    "end": 1607713826647,
    "duration": 5,
    "pid": 4204,
    "index": 63
  },
  {
    "name": "Load \"service\" to Context",
    "start": 1607713826642,
    "end": 1607713826647,
    "duration": 5,
    "pid": 4204,
    "index": 64
  },
  {
    "name": "Load Middleware",
    "start": 1607713826647,
    "end": 1607713826699,
    "duration": 52,
    "pid": 4204,
    "index": 65
  },
  {
    "name": "Load \"middlewares\" to Application",
    "start": 1607713826647,
    "end": 1607713826692,
    "duration": 45,
    "pid": 4204,
    "index": 66
  },
  {
    "name": "Load Controller",
    "start": 1607713826699,
    "end": 1607713826701,
    "duration": 2,
    "pid": 4204,
    "index": 67
  },
  {
    "name": "Load \"controller\" to Application",
    "start": 1607713826699,
    "end": 1607713826701,
    "duration": 2,
    "pid": 4204,
    "index": 68
  },
  {
    "name": "Load Router",
    "start": 1607713826701,
    "end": 1607713826703,
    "duration": 2,
    "pid": 4204,
    "index": 69
  },
  {
    "name": "Require(51) app/router.js",
    "start": 1607713826701,
    "end": 1607713826701,
    "duration": 0,
    "pid": 4204,
    "index": 70
  },
  {
    "name": "Before Start in node_modules/egg-core/lib/egg.js:303:10",
    "start": 1607713826702,
    "end": 1607713826712,
    "duration": 10,
    "pid": 4204,
    "index": 71
  }
]