[
  {
    "name": "Process Start",
    "start": 1607712511507,
    "end": 1607712512286,
    "duration": 779,
    "pid": 2126,
    "index": 0
  },
  {
    "name": "Application Start",
    "start": 1607712512287,
    "end": 1607712512746,
    "duration": 459,
    "pid": 2126,
    "index": 1
  },
  {
    "name": "Load Plugin",
    "start": 1607712512291,
    "end": 1607712512298,
    "duration": 7,
    "pid": 2126,
    "index": 2
  },
  {
    "name": "Load Config",
    "start": 1607712512299,
    "end": 1607712512321,
    "duration": 22,
    "pid": 2126,
    "index": 3
  },
  {
    "name": "Require(0) config/config.default.js",
    "start": 1607712512299,
    "end": 1607712512299,
    "duration": 0,
    "pid": 2126,
    "index": 4
  },
  {
    "name": "Require(1) node_modules/egg-session/config/config.default.js",
    "start": 1607712512300,
    "end": 1607712512301,
    "duration": 1,
    "pid": 2126,
    "index": 5
  },
  {
    "name": "Require(2) node_modules/egg-security/config/config.default.js",
    "start": 1607712512301,
    "end": 1607712512302,
    "duration": 1,
    "pid": 2126,
    "index": 6
  },
  {
    "name": "Require(3) node_modules/egg-jsonp/config/config.default.js",
    "start": 1607712512303,
    "end": 1607712512304,
    "duration": 1,
    "pid": 2126,
    "index": 7
  },
  {
    "name": "Require(4) node_modules/egg-onerror/config/config.default.js",
    "start": 1607712512304,
    "end": 1607712512304,
    "duration": 0,
    "pid": 2126,
    "index": 8
  },
  {
    "name": "Require(5) node_modules/egg-i18n/config/config.default.js",
    "start": 1607712512305,
    "end": 1607712512305,
    "duration": 0,
    "pid": 2126,
    "index": 9
  },
  {
    "name": "Require(6) node_modules/egg-watcher/config/config.default.js",
    "start": 1607712512306,
    "end": 1607712512307,
    "duration": 1,
    "pid": 2126,
    "index": 10
  },
  {
    "name": "Require(7) node_modules/egg-schedule/config/config.default.js",
    "start": 1607712512307,
    "end": 1607712512308,
    "duration": 1,
    "pid": 2126,
    "index": 11
  },
  {
    "name": "Require(8) node_modules/egg-multipart/config/config.default.js",
    "start": 1607712512308,
    "end": 1607712512309,
    "duration": 1,
    "pid": 2126,
    "index": 12
  },
  {
    "name": "Require(9) node_modules/egg-development/config/config.default.js",
    "start": 1607712512309,
    "end": 1607712512310,
    "duration": 1,
    "pid": 2126,
    "index": 13
  },
  {
    "name": "Require(10) node_modules/egg-logrotator/config/config.default.js",
    "start": 1607712512310,
    "end": 1607712512311,
    "duration": 1,
    "pid": 2126,
    "index": 14
  },
  {
    "name": "Require(11) node_modules/egg-static/config/config.default.js",
    "start": 1607712512311,
    "end": 1607712512312,
    "duration": 1,
    "pid": 2126,
    "index": 15
  },
  {
    "name": "Require(12) node_modules/egg-view/config/config.default.js",
    "start": 1607712512312,
    "end": 1607712512313,
    "duration": 1,
    "pid": 2126,
    "index": 16
  },
  {
    "name": "Require(13) node_modules/egg-mysql/config/config.default.js",
    "start": 1607712512313,
    "end": 1607712512314,
    "duration": 1,
    "pid": 2126,
    "index": 17
  },
  {
    "name": "Require(14) node_modules/egg-cors/config/config.default.js",
    "start": 1607712512314,
    "end": 1607712512315,
    "duration": 1,
    "pid": 2126,
    "index": 18
  },
  {
    "name": "Require(15) node_modules/egg-jwt/config/config.default.js",
    "start": 1607712512315,
    "end": 1607712512315,
    "duration": 0,
    "pid": 2126,
    "index": 19
  },
  {
    "name": "Require(16) node_modules/egg/config/config.default.js",
    "start": 1607712512316,
    "end": 1607712512316,
    "duration": 0,
    "pid": 2126,
    "index": 20
  },
  {
    "name": "Require(17) config/config.default.js",
    "start": 1607712512318,
    "end": 1607712512318,
    "duration": 0,
    "pid": 2126,
    "index": 21
  },
  {
    "name": "Require(18) node_modules/egg-security/config/config.local.js",
    "start": 1607712512318,
    "end": 1607712512318,
    "duration": 0,
    "pid": 2126,
    "index": 22
  },
  {
    "name": "Require(19) node_modules/egg-watcher/config/config.local.js",
    "start": 1607712512319,
    "end": 1607712512319,
    "duration": 0,
    "pid": 2126,
    "index": 23
  },
  {
    "name": "Require(20) node_modules/egg-view/config/config.local.js",
    "start": 1607712512320,
    "end": 1607712512320,
    "duration": 0,
    "pid": 2126,
    "index": 24
  },
  {
    "name": "Require(21) node_modules/egg/config/config.local.js",
    "start": 1607712512321,
    "end": 1607712512321,
    "duration": 0,
    "pid": 2126,
    "index": 25
  },
  {
    "name": "Load extend/application.js",
    "start": 1607712512322,
    "end": 1607712512369,
    "duration": 47,
    "pid": 2126,
    "index": 26
  },
  {
    "name": "Require(22) node_modules/egg-session/app/extend/application.js",
    "start": 1607712512323,
    "end": 1607712512323,
    "duration": 0,
    "pid": 2126,
    "index": 27
  },
  {
    "name": "Require(23) node_modules/egg-security/app/extend/application.js",
    "start": 1607712512323,
    "end": 1607712512324,
    "duration": 1,
    "pid": 2126,
    "index": 28
  },
  {
    "name": "Require(24) node_modules/egg-jsonp/app/extend/application.js",
    "start": 1607712512325,
    "end": 1607712512326,
    "duration": 1,
    "pid": 2126,
    "index": 29
  },
  {
    "name": "Require(25) node_modules/egg-logrotator/app/extend/application.js",
    "start": 1607712512326,
    "end": 1607712512328,
    "duration": 2,
    "pid": 2126,
    "index": 30
  },
  {
    "name": "Require(26) node_modules/egg-view/app/extend/application.js",
    "start": 1607712512328,
    "end": 1607712512330,
    "duration": 2,
    "pid": 2126,
    "index": 31
  },
  {
    "name": "Require(27) node_modules/egg-jwt/app/extend/application.js",
    "start": 1607712512330,
    "end": 1607712512368,
    "duration": 38,
    "pid": 2126,
    "index": 32
  },
  {
    "name": "Load extend/request.js",
    "start": 1607712512369,
    "end": 1607712512372,
    "duration": 3,
    "pid": 2126,
    "index": 33
  },
  {
    "name": "Require(28) node_modules/egg/app/extend/request.js",
    "start": 1607712512370,
    "end": 1607712512371,
    "duration": 1,
    "pid": 2126,
    "index": 34
  },
  {
    "name": "Load extend/response.js",
    "start": 1607712512372,
    "end": 1607712512376,
    "duration": 4,
    "pid": 2126,
    "index": 35
  },
  {
    "name": "Require(29) node_modules/egg/app/extend/response.js",
    "start": 1607712512373,
    "end": 1607712512375,
    "duration": 2,
    "pid": 2126,
    "index": 36
  },
  {
    "name": "Load extend/context.js",
    "start": 1607712512376,
    "end": 1607712512433,
    "duration": 57,
    "pid": 2126,
    "index": 37
  },
  {
    "name": "Require(30) node_modules/egg-security/app/extend/context.js",
    "start": 1607712512376,
    "end": 1607712512387,
    "duration": 11,
    "pid": 2126,
    "index": 38
  },
  {
    "name": "Require(31) node_modules/egg-jsonp/app/extend/context.js",
    "start": 1607712512387,
    "end": 1607712512389,
    "duration": 2,
    "pid": 2126,
    "index": 39
  },
  {
    "name": "Require(32) node_modules/egg-i18n/app/extend/context.js",
    "start": 1607712512389,
    "end": 1607712512391,
    "duration": 2,
    "pid": 2126,
    "index": 40
  },
  {
    "name": "Require(33) node_modules/egg-multipart/app/extend/context.js",
    "start": 1607712512391,
    "end": 1607712512429,
    "duration": 38,
    "pid": 2126,
    "index": 41
  },
  {
    "name": "Require(34) node_modules/egg-view/app/extend/context.js",
    "start": 1607712512429,
    "end": 1607712512431,
    "duration": 2,
    "pid": 2126,
    "index": 42
  },
  {
    "name": "Require(35) node_modules/egg/app/extend/context.js",
    "start": 1607712512431,
    "end": 1607712512432,
    "duration": 1,
    "pid": 2126,
    "index": 43
  },
  {
    "name": "Load extend/helper.js",
    "start": 1607712512433,
    "end": 1607712512455,
    "duration": 22,
    "pid": 2126,
    "index": 44
  },
  {
    "name": "Require(36) node_modules/egg-security/app/extend/helper.js",
    "start": 1607712512433,
    "end": 1607712512452,
    "duration": 19,
    "pid": 2126,
    "index": 45
  },
  {
    "name": "Require(37) node_modules/egg/app/extend/helper.js",
    "start": 1607712512453,
    "end": 1607712512454,
    "duration": 1,
    "pid": 2126,
    "index": 46
  },
  {
    "name": "Load app.js",
    "start": 1607712512455,
    "end": 1607712512510,
    "duration": 55,
    "pid": 2126,
    "index": 47
  },
  {
    "name": "Require(38) node_modules/egg-session/app.js",
    "start": 1607712512455,
    "end": 1607712512456,
    "duration": 1,
    "pid": 2126,
    "index": 48
  },
  {
    "name": "Require(39) node_modules/egg-security/app.js",
    "start": 1607712512456,
    "end": 1607712512458,
    "duration": 2,
    "pid": 2126,
    "index": 49
  },
  {
    "name": "Require(40) node_modules/egg-onerror/app.js",
    "start": 1607712512458,
    "end": 1607712512466,
    "duration": 8,
    "pid": 2126,
    "index": 50
  },
  {
    "name": "Require(41) node_modules/egg-i18n/app.js",
    "start": 1607712512466,
    "end": 1607712512479,
    "duration": 13,
    "pid": 2126,
    "index": 51
  },
  {
    "name": "Require(42) node_modules/egg-watcher/app.js",
    "start": 1607712512479,
    "end": 1607712512484,
    "duration": 5,
    "pid": 2126,
    "index": 52
  },
  {
    "name": "Require(43) node_modules/egg-schedule/app.js",
    "start": 1607712512484,
    "end": 1607712512486,
    "duration": 2,
    "pid": 2126,
    "index": 53
  },
  {
    "name": "Require(44) node_modules/egg-multipart/app.js",
    "start": 1607712512486,
    "end": 1607712512487,
    "duration": 1,
    "pid": 2126,
    "index": 54
  },
  {
    "name": "Require(45) node_modules/egg-development/app.js",
    "start": 1607712512487,
    "end": 1607712512488,
    "duration": 1,
    "pid": 2126,
    "index": 55
  },
  {
    "name": "Require(46) node_modules/egg-logrotator/app.js",
    "start": 1607712512488,
    "end": 1607712512489,
    "duration": 1,
    "pid": 2126,
    "index": 56
  },
  {
    "name": "Require(47) node_modules/egg-static/app.js",
    "start": 1607712512489,
    "end": 1607712512490,
    "duration": 1,
    "pid": 2126,
    "index": 57
  },
  {
    "name": "Require(48) node_modules/egg-mysql/app.js",
    "start": 1607712512490,
    "end": 1607712512508,
    "duration": 18,
    "pid": 2126,
    "index": 58
  },
  {
    "name": "Require(49) node_modules/egg-cors/app.js",
    "start": 1607712512508,
    "end": 1607712512509,
    "duration": 1,
    "pid": 2126,
    "index": 59
  },
  {
    "name": "Require(50) node_modules/egg-jwt/app.js",
    "start": 1607712512509,
    "end": 1607712512510,
    "duration": 1,
    "pid": 2126,
    "index": 60
  },
  {
    "name": "Before Start in node_modules/egg-watcher/lib/init.js:15:14",
    "start": 1607712512518,
    "end": 1607712512744,
    "duration": 226,
    "pid": 2126,
    "index": 61
  },
  {
    "name": "Before Start in node_modules/egg-mysql/lib/mysql.js:20:7",
    "start": 1607712512613,
    "end": 1607712512745,
    "duration": 132,
    "pid": 2126,
    "index": 62
  },
  {
    "name": "Load Service",
    "start": 1607712512614,
    "end": 1607712512618,
    "duration": 4,
    "pid": 2126,
    "index": 63
  },
  {
    "name": "Load \"service\" to Context",
    "start": 1607712512614,
    "end": 1607712512618,
    "duration": 4,
    "pid": 2126,
    "index": 64
  },
  {
    "name": "Load Middleware",
    "start": 1607712512619,
    "end": 1607712512718,
    "duration": 99,
    "pid": 2126,
    "index": 65
  },
  {
    "name": "Load \"middlewares\" to Application",
    "start": 1607712512619,
    "end": 1607712512709,
    "duration": 90,
    "pid": 2126,
    "index": 66
  },
  {
    "name": "Load Controller",
    "start": 1607712512719,
    "end": 1607712512722,
    "duration": 3,
    "pid": 2126,
    "index": 67
  },
  {
    "name": "Load \"controller\" to Application",
    "start": 1607712512719,
    "end": 1607712512722,
    "duration": 3,
    "pid": 2126,
    "index": 68
  },
  {
    "name": "Load Router",
    "start": 1607712512722,
    "end": 1607712512724,
    "duration": 2,
    "pid": 2126,
    "index": 69
  },
  {
    "name": "Require(51) app/router.js",
    "start": 1607712512722,
    "end": 1607712512722,
    "duration": 0,
    "pid": 2126,
    "index": 70
  },
  {
    "name": "Before Start in node_modules/egg-core/lib/egg.js:303:10",
    "start": 1607712512723,
    "end": 1607712512734,
    "duration": 11,
    "pid": 2126,
    "index": 71
  }
]