[
  {
    "name": "Process Start",
    "start": 1607712691387,
    "end": 1607712691921,
    "duration": 534,
    "pid": 2429,
    "index": 0
  },
  {
    "name": "Application Start",
    "start": 1607712691921,
    "end": 1607712692188,
    "duration": 267,
    "pid": 2429,
    "index": 1
  },
  {
    "name": "Load Plugin",
    "start": 1607712691924,
    "end": 1607712691931,
    "duration": 7,
    "pid": 2429,
    "index": 2
  },
  {
    "name": "Load Config",
    "start": 1607712691932,
    "end": 1607712691944,
    "duration": 12,
    "pid": 2429,
    "index": 3
  },
  {
    "name": "Require(0) config/config.default.js",
    "start": 1607712691932,
    "end": 1607712691932,
    "duration": 0,
    "pid": 2429,
    "index": 4
  },
  {
    "name": "Require(1) node_modules/egg-session/config/config.default.js",
    "start": 1607712691933,
    "end": 1607712691934,
    "duration": 1,
    "pid": 2429,
    "index": 5
  },
  {
    "name": "Require(2) node_modules/egg-security/config/config.default.js",
    "start": 1607712691934,
    "end": 1607712691934,
    "duration": 0,
    "pid": 2429,
    "index": 6
  },
  {
    "name": "Require(3) node_modules/egg-jsonp/config/config.default.js",
    "start": 1607712691935,
    "end": 1607712691935,
    "duration": 0,
    "pid": 2429,
    "index": 7
  },
  {
    "name": "Require(4) node_modules/egg-onerror/config/config.default.js",
    "start": 1607712691935,
    "end": 1607712691935,
    "duration": 0,
    "pid": 2429,
    "index": 8
  },
  {
    "name": "Require(5) node_modules/egg-i18n/config/config.default.js",
    "start": 1607712691935,
    "end": 1607712691936,
    "duration": 1,
    "pid": 2429,
    "index": 9
  },
  {
    "name": "Require(6) node_modules/egg-watcher/config/config.default.js",
    "start": 1607712691936,
    "end": 1607712691936,
    "duration": 0,
    "pid": 2429,
    "index": 10
  },
  {
    "name": "Require(7) node_modules/egg-schedule/config/config.default.js",
    "start": 1607712691936,
    "end": 1607712691936,
    "duration": 0,
    "pid": 2429,
    "index": 11
  },
  {
    "name": "Require(8) node_modules/egg-multipart/config/config.default.js",
    "start": 1607712691937,
    "end": 1607712691937,
    "duration": 0,
    "pid": 2429,
    "index": 12
  },
  {
    "name": "Require(9) node_modules/egg-development/config/config.default.js",
    "start": 1607712691938,
    "end": 1607712691938,
    "duration": 0,
    "pid": 2429,
    "index": 13
  },
  {
    "name": "Require(10) node_modules/egg-logrotator/config/config.default.js",
    "start": 1607712691938,
    "end": 1607712691938,
    "duration": 0,
    "pid": 2429,
    "index": 14
  },
  {
    "name": "Require(11) node_modules/egg-static/config/config.default.js",
    "start": 1607712691938,
    "end": 1607712691939,
    "duration": 1,
    "pid": 2429,
    "index": 15
  },
  {
    "name": "Require(12) node_modules/egg-view/config/config.default.js",
    "start": 1607712691939,
    "end": 1607712691939,
    "duration": 0,
    "pid": 2429,
    "index": 16
  },
  {
    "name": "Require(13) node_modules/egg-mysql/config/config.default.js",
    "start": 1607712691939,
    "end": 1607712691940,
    "duration": 1,
    "pid": 2429,
    "index": 17
  },
  {
    "name": "Require(14) node_modules/egg-cors/config/config.default.js",
    "start": 1607712691940,
    "end": 1607712691940,
    "duration": 0,
    "pid": 2429,
    "index": 18
  },
  {
    "name": "Require(15) node_modules/egg-jwt/config/config.default.js",
    "start": 1607712691940,
    "end": 1607712691940,
    "duration": 0,
    "pid": 2429,
    "index": 19
  },
  {
    "name": "Require(16) node_modules/egg/config/config.default.js",
    "start": 1607712691941,
    "end": 1607712691941,
    "duration": 0,
    "pid": 2429,
    "index": 20
  },
  {
    "name": "Require(17) config/config.default.js",
    "start": 1607712691942,
    "end": 1607712691942,
    "duration": 0,
    "pid": 2429,
    "index": 21
  },
  {
    "name": "Require(18) node_modules/egg-security/config/config.local.js",
    "start": 1607712691942,
    "end": 1607712691942,
    "duration": 0,
    "pid": 2429,
    "index": 22
  },
  {
    "name": "Require(19) node_modules/egg-watcher/config/config.local.js",
    "start": 1607712691943,
    "end": 1607712691943,
    "duration": 0,
    "pid": 2429,
    "index": 23
  },
  {
    "name": "Require(20) node_modules/egg-view/config/config.local.js",
    "start": 1607712691943,
    "end": 1607712691943,
    "duration": 0,
    "pid": 2429,
    "index": 24
  },
  {
    "name": "Require(21) node_modules/egg/config/config.local.js",
    "start": 1607712691944,
    "end": 1607712691944,
    "duration": 0,
    "pid": 2429,
    "index": 25
  },
  {
    "name": "Load extend/application.js",
    "start": 1607712691945,
    "end": 1607712691968,
    "duration": 23,
    "pid": 2429,
    "index": 26
  },
  {
    "name": "Require(22) node_modules/egg-session/app/extend/application.js",
    "start": 1607712691945,
    "end": 1607712691945,
    "duration": 0,
    "pid": 2429,
    "index": 27
  },
  {
    "name": "Require(23) node_modules/egg-security/app/extend/application.js",
    "start": 1607712691945,
    "end": 1607712691946,
    "duration": 1,
    "pid": 2429,
    "index": 28
  },
  {
    "name": "Require(24) node_modules/egg-jsonp/app/extend/application.js",
    "start": 1607712691946,
    "end": 1607712691946,
    "duration": 0,
    "pid": 2429,
    "index": 29
  },
  {
    "name": "Require(25) node_modules/egg-logrotator/app/extend/application.js",
    "start": 1607712691947,
    "end": 1607712691947,
    "duration": 0,
    "pid": 2429,
    "index": 30
  },
  {
    "name": "Require(26) node_modules/egg-view/app/extend/application.js",
    "start": 1607712691947,
    "end": 1607712691948,
    "duration": 1,
    "pid": 2429,
    "index": 31
  },
  {
    "name": "Require(27) node_modules/egg-jwt/app/extend/application.js",
    "start": 1607712691948,
    "end": 1607712691967,
    "duration": 19,
    "pid": 2429,
    "index": 32
  },
  {
    "name": "Load extend/request.js",
    "start": 1607712691968,
    "end": 1607712691970,
    "duration": 2,
    "pid": 2429,
    "index": 33
  },
  {
    "name": "Require(28) node_modules/egg/app/extend/request.js",
    "start": 1607712691969,
    "end": 1607712691969,
    "duration": 0,
    "pid": 2429,
    "index": 34
  },
  {
    "name": "Load extend/response.js",
    "start": 1607712691970,
    "end": 1607712691972,
    "duration": 2,
    "pid": 2429,
    "index": 35
  },
  {
    "name": "Require(29) node_modules/egg/app/extend/response.js",
    "start": 1607712691971,
    "end": 1607712691971,
    "duration": 0,
    "pid": 2429,
    "index": 36
  },
  {
    "name": "Load extend/context.js",
    "start": 1607712691972,
    "end": 1607712692008,
    "duration": 36,
    "pid": 2429,
    "index": 37
  },
  {
    "name": "Require(30) node_modules/egg-security/app/extend/context.js",
    "start": 1607712691972,
    "end": 1607712691978,
    "duration": 6,
    "pid": 2429,
    "index": 38
  },
  {
    "name": "Require(31) node_modules/egg-jsonp/app/extend/context.js",
    "start": 1607712691978,
    "end": 1607712691978,
    "duration": 0,
    "pid": 2429,
    "index": 39
  },
  {
    "name": "Require(32) node_modules/egg-i18n/app/extend/context.js",
    "start": 1607712691979,
    "end": 1607712691980,
    "duration": 1,
    "pid": 2429,
    "index": 40
  },
  {
    "name": "Require(33) node_modules/egg-multipart/app/extend/context.js",
    "start": 1607712691980,
    "end": 1607712692006,
    "duration": 26,
    "pid": 2429,
    "index": 41
  },
  {
    "name": "Require(34) node_modules/egg-view/app/extend/context.js",
    "start": 1607712692006,
    "end": 1607712692007,
    "duration": 1,
    "pid": 2429,
    "index": 42
  },
  {
    "name": "Require(35) node_modules/egg/app/extend/context.js",
    "start": 1607712692007,
    "end": 1607712692007,
    "duration": 0,
    "pid": 2429,
    "index": 43
  },
  {
    "name": "Load extend/helper.js",
    "start": 1607712692008,
    "end": 1607712692017,
    "duration": 9,
    "pid": 2429,
    "index": 44
  },
  {
    "name": "Require(36) node_modules/egg-security/app/extend/helper.js",
    "start": 1607712692008,
    "end": 1607712692016,
    "duration": 8,
    "pid": 2429,
    "index": 45
  },
  {
    "name": "Require(37) node_modules/egg/app/extend/helper.js",
    "start": 1607712692016,
    "end": 1607712692016,
    "duration": 0,
    "pid": 2429,
    "index": 46
  },
  {
    "name": "Load app.js",
    "start": 1607712692017,
    "end": 1607712692037,
    "duration": 20,
    "pid": 2429,
    "index": 47
  },
  {
    "name": "Require(38) node_modules/egg-session/app.js",
    "start": 1607712692017,
    "end": 1607712692018,
    "duration": 1,
    "pid": 2429,
    "index": 48
  },
  {
    "name": "Require(39) node_modules/egg-security/app.js",
    "start": 1607712692018,
    "end": 1607712692018,
    "duration": 0,
    "pid": 2429,
    "index": 49
  },
  {
    "name": "Require(40) node_modules/egg-onerror/app.js",
    "start": 1607712692018,
    "end": 1607712692021,
    "duration": 3,
    "pid": 2429,
    "index": 50
  },
  {
    "name": "Require(41) node_modules/egg-i18n/app.js",
    "start": 1607712692022,
    "end": 1607712692027,
    "duration": 5,
    "pid": 2429,
    "index": 51
  },
  {
    "name": "Require(42) node_modules/egg-watcher/app.js",
    "start": 1607712692027,
    "end": 1607712692028,
    "duration": 1,
    "pid": 2429,
    "index": 52
  },
  {
    "name": "Require(43) node_modules/egg-schedule/app.js",
    "start": 1607712692028,
    "end": 1607712692029,
    "duration": 1,
    "pid": 2429,
    "index": 53
  },
  {
    "name": "Require(44) node_modules/egg-multipart/app.js",
    "start": 1607712692029,
    "end": 1607712692029,
    "duration": 0,
    "pid": 2429,
    "index": 54
  },
  {
    "name": "Require(45) node_modules/egg-development/app.js",
    "start": 1607712692030,
    "end": 1607712692030,
    "duration": 0,
    "pid": 2429,
    "index": 55
  },
  {
    "name": "Require(46) node_modules/egg-logrotator/app.js",
    "start": 1607712692030,
    "end": 1607712692030,
    "duration": 0,
    "pid": 2429,
    "index": 56
  },
  {
    "name": "Require(47) node_modules/egg-static/app.js",
    "start": 1607712692030,
    "end": 1607712692030,
    "duration": 0,
    "pid": 2429,
    "index": 57
  },
  {
    "name": "Require(48) node_modules/egg-mysql/app.js",
    "start": 1607712692030,
    "end": 1607712692037,
    "duration": 7,
    "pid": 2429,
    "index": 58
  },
  {
    "name": "Require(49) node_modules/egg-cors/app.js",
    "start": 1607712692037,
    "end": 1607712692037,
    "duration": 0,
    "pid": 2429,
    "index": 59
  },
  {
    "name": "Require(50) node_modules/egg-jwt/app.js",
    "start": 1607712692037,
    "end": 1607712692037,
    "duration": 0,
    "pid": 2429,
    "index": 60
  },
  {
    "name": "Before Start in node_modules/egg-watcher/lib/init.js:15:14",
    "start": 1607712692043,
    "end": 1607712692185,
    "duration": 142,
    "pid": 2429,
    "index": 61
  },
  {
    "name": "Before Start in node_modules/egg-mysql/lib/mysql.js:20:7",
    "start": 1607712692104,
    "end": 1607712692188,
    "duration": 84,
    "pid": 2429,
    "index": 62
  },
  {
    "name": "Load Service",
    "start": 1607712692104,
    "end": 1607712692109,
    "duration": 5,
    "pid": 2429,
    "index": 63
  },
  {
    "name": "Load \"service\" to Context",
    "start": 1607712692105,
    "end": 1607712692109,
    "duration": 4,
    "pid": 2429,
    "index": 64
  },
  {
    "name": "Load Middleware",
    "start": 1607712692109,
    "end": 1607712692163,
    "duration": 54,
    "pid": 2429,
    "index": 65
  },
  {
    "name": "Load \"middlewares\" to Application",
    "start": 1607712692109,
    "end": 1607712692155,
    "duration": 46,
    "pid": 2429,
    "index": 66
  },
  {
    "name": "Load Controller",
    "start": 1607712692163,
    "end": 1607712692165,
    "duration": 2,
    "pid": 2429,
    "index": 67
  },
  {
    "name": "Load \"controller\" to Application",
    "start": 1607712692163,
    "end": 1607712692165,
    "duration": 2,
    "pid": 2429,
    "index": 68
  },
  {
    "name": "Load Router",
    "start": 1607712692165,
    "end": 1607712692167,
    "duration": 2,
    "pid": 2429,
    "index": 69
  },
  {
    "name": "Require(51) app/router.js",
    "start": 1607712692165,
    "end": 1607712692165,
    "duration": 0,
    "pid": 2429,
    "index": 70
  },
  {
    "name": "Before Start in node_modules/egg-core/lib/egg.js:303:10",
    "start": 1607712692165,
    "end": 1607712692177,
    "duration": 12,
    "pid": 2429,
    "index": 71
  }
]