[
  {
    "name": "Process Start",
    "start": 1607712564056,
    "end": 1607712564610,
    "duration": 554,
    "pid": 2225,
    "index": 0
  },
  {
    "name": "Application Start",
    "start": 1607712564611,
    "end": 1607712564900,
    "duration": 289,
    "pid": 2225,
    "index": 1
  },
  {
    "name": "Load Plugin",
    "start": 1607712564615,
    "end": 1607712564621,
    "duration": 6,
    "pid": 2225,
    "index": 2
  },
  {
    "name": "Load Config",
    "start": 1607712564621,
    "end": 1607712564634,
    "duration": 13,
    "pid": 2225,
    "index": 3
  },
  {
    "name": "Require(0) config/config.default.js",
    "start": 1607712564622,
    "end": 1607712564622,
    "duration": 0,
    "pid": 2225,
    "index": 4
  },
  {
    "name": "Require(1) node_modules/egg-session/config/config.default.js",
    "start": 1607712564623,
    "end": 1607712564623,
    "duration": 0,
    "pid": 2225,
    "index": 5
  },
  {
    "name": "Require(2) node_modules/egg-security/config/config.default.js",
    "start": 1607712564624,
    "end": 1607712564624,
    "duration": 0,
    "pid": 2225,
    "index": 6
  },
  {
    "name": "Require(3) node_modules/egg-jsonp/config/config.default.js",
    "start": 1607712564624,
    "end": 1607712564625,
    "duration": 1,
    "pid": 2225,
    "index": 7
  },
  {
    "name": "Require(4) node_modules/egg-onerror/config/config.default.js",
    "start": 1607712564625,
    "end": 1607712564625,
    "duration": 0,
    "pid": 2225,
    "index": 8
  },
  {
    "name": "Require(5) node_modules/egg-i18n/config/config.default.js",
    "start": 1607712564625,
    "end": 1607712564625,
    "duration": 0,
    "pid": 2225,
    "index": 9
  },
  {
    "name": "Require(6) node_modules/egg-watcher/config/config.default.js",
    "start": 1607712564626,
    "end": 1607712564626,
    "duration": 0,
    "pid": 2225,
    "index": 10
  },
  {
    "name": "Require(7) node_modules/egg-schedule/config/config.default.js",
    "start": 1607712564626,
    "end": 1607712564626,
    "duration": 0,
    "pid": 2225,
    "index": 11
  },
  {
    "name": "Require(8) node_modules/egg-multipart/config/config.default.js",
    "start": 1607712564627,
    "end": 1607712564627,
    "duration": 0,
    "pid": 2225,
    "index": 12
  },
  {
    "name": "Require(9) node_modules/egg-development/config/config.default.js",
    "start": 1607712564627,
    "end": 1607712564627,
    "duration": 0,
    "pid": 2225,
    "index": 13
  },
  {
    "name": "Require(10) node_modules/egg-logrotator/config/config.default.js",
    "start": 1607712564627,
    "end": 1607712564628,
    "duration": 1,
    "pid": 2225,
    "index": 14
  },
  {
    "name": "Require(11) node_modules/egg-static/config/config.default.js",
    "start": 1607712564628,
    "end": 1607712564628,
    "duration": 0,
    "pid": 2225,
    "index": 15
  },
  {
    "name": "Require(12) node_modules/egg-view/config/config.default.js",
    "start": 1607712564628,
    "end": 1607712564629,
    "duration": 1,
    "pid": 2225,
    "index": 16
  },
  {
    "name": "Require(13) node_modules/egg-mysql/config/config.default.js",
    "start": 1607712564629,
    "end": 1607712564629,
    "duration": 0,
    "pid": 2225,
    "index": 17
  },
  {
    "name": "Require(14) node_modules/egg-cors/config/config.default.js",
    "start": 1607712564630,
    "end": 1607712564630,
    "duration": 0,
    "pid": 2225,
    "index": 18
  },
  {
    "name": "Require(15) node_modules/egg-jwt/config/config.default.js",
    "start": 1607712564630,
    "end": 1607712564630,
    "duration": 0,
    "pid": 2225,
    "index": 19
  },
  {
    "name": "Require(16) node_modules/egg/config/config.default.js",
    "start": 1607712564631,
    "end": 1607712564631,
    "duration": 0,
    "pid": 2225,
    "index": 20
  },
  {
    "name": "Require(17) config/config.default.js",
    "start": 1607712564632,
    "end": 1607712564632,
    "duration": 0,
    "pid": 2225,
    "index": 21
  },
  {
    "name": "Require(18) node_modules/egg-security/config/config.local.js",
    "start": 1607712564632,
    "end": 1607712564633,
    "duration": 1,
    "pid": 2225,
    "index": 22
  },
  {
    "name": "Require(19) node_modules/egg-watcher/config/config.local.js",
    "start": 1607712564633,
    "end": 1607712564633,
    "duration": 0,
    "pid": 2225,
    "index": 23
  },
  {
    "name": "Require(20) node_modules/egg-view/config/config.local.js",
    "start": 1607712564633,
    "end": 1607712564634,
    "duration": 1,
    "pid": 2225,
    "index": 24
  },
  {
    "name": "Require(21) node_modules/egg/config/config.local.js",
    "start": 1607712564634,
    "end": 1607712564634,
    "duration": 0,
    "pid": 2225,
    "index": 25
  },
  {
    "name": "Load extend/application.js",
    "start": 1607712564635,
    "end": 1607712564659,
    "duration": 24,
    "pid": 2225,
    "index": 26
  },
  {
    "name": "Require(22) node_modules/egg-session/app/extend/application.js",
    "start": 1607712564635,
    "end": 1607712564635,
    "duration": 0,
    "pid": 2225,
    "index": 27
  },
  {
    "name": "Require(23) node_modules/egg-security/app/extend/application.js",
    "start": 1607712564635,
    "end": 1607712564636,
    "duration": 1,
    "pid": 2225,
    "index": 28
  },
  {
    "name": "Require(24) node_modules/egg-jsonp/app/extend/application.js",
    "start": 1607712564636,
    "end": 1607712564637,
    "duration": 1,
    "pid": 2225,
    "index": 29
  },
  {
    "name": "Require(25) node_modules/egg-logrotator/app/extend/application.js",
    "start": 1607712564637,
    "end": 1607712564637,
    "duration": 0,
    "pid": 2225,
    "index": 30
  },
  {
    "name": "Require(26) node_modules/egg-view/app/extend/application.js",
    "start": 1607712564638,
    "end": 1607712564638,
    "duration": 0,
    "pid": 2225,
    "index": 31
  },
  {
    "name": "Require(27) node_modules/egg-jwt/app/extend/application.js",
    "start": 1607712564638,
    "end": 1607712564658,
    "duration": 20,
    "pid": 2225,
    "index": 32
  },
  {
    "name": "Load extend/request.js",
    "start": 1607712564659,
    "end": 1607712564661,
    "duration": 2,
    "pid": 2225,
    "index": 33
  },
  {
    "name": "Require(28) node_modules/egg/app/extend/request.js",
    "start": 1607712564660,
    "end": 1607712564660,
    "duration": 0,
    "pid": 2225,
    "index": 34
  },
  {
    "name": "Load extend/response.js",
    "start": 1607712564661,
    "end": 1607712564664,
    "duration": 3,
    "pid": 2225,
    "index": 35
  },
  {
    "name": "Require(29) node_modules/egg/app/extend/response.js",
    "start": 1607712564662,
    "end": 1607712564663,
    "duration": 1,
    "pid": 2225,
    "index": 36
  },
  {
    "name": "Load extend/context.js",
    "start": 1607712564664,
    "end": 1607712564701,
    "duration": 37,
    "pid": 2225,
    "index": 37
  },
  {
    "name": "Require(30) node_modules/egg-security/app/extend/context.js",
    "start": 1607712564664,
    "end": 1607712564668,
    "duration": 4,
    "pid": 2225,
    "index": 38
  },
  {
    "name": "Require(31) node_modules/egg-jsonp/app/extend/context.js",
    "start": 1607712564668,
    "end": 1607712564668,
    "duration": 0,
    "pid": 2225,
    "index": 39
  },
  {
    "name": "Require(32) node_modules/egg-i18n/app/extend/context.js",
    "start": 1607712564670,
    "end": 1607712564671,
    "duration": 1,
    "pid": 2225,
    "index": 40
  },
  {
    "name": "Require(33) node_modules/egg-multipart/app/extend/context.js",
    "start": 1607712564671,
    "end": 1607712564699,
    "duration": 28,
    "pid": 2225,
    "index": 41
  },
  {
    "name": "Require(34) node_modules/egg-view/app/extend/context.js",
    "start": 1607712564699,
    "end": 1607712564699,
    "duration": 0,
    "pid": 2225,
    "index": 42
  },
  {
    "name": "Require(35) node_modules/egg/app/extend/context.js",
    "start": 1607712564700,
    "end": 1607712564700,
    "duration": 0,
    "pid": 2225,
    "index": 43
  },
  {
    "name": "Load extend/helper.js",
    "start": 1607712564701,
    "end": 1607712564711,
    "duration": 10,
    "pid": 2225,
    "index": 44
  },
  {
    "name": "Require(36) node_modules/egg-security/app/extend/helper.js",
    "start": 1607712564701,
    "end": 1607712564708,
    "duration": 7,
    "pid": 2225,
    "index": 45
  },
  {
    "name": "Require(37) node_modules/egg/app/extend/helper.js",
    "start": 1607712564709,
    "end": 1607712564710,
    "duration": 1,
    "pid": 2225,
    "index": 46
  },
  {
    "name": "Load app.js",
    "start": 1607712564711,
    "end": 1607712564735,
    "duration": 24,
    "pid": 2225,
    "index": 47
  },
  {
    "name": "Require(38) node_modules/egg-session/app.js",
    "start": 1607712564711,
    "end": 1607712564711,
    "duration": 0,
    "pid": 2225,
    "index": 48
  },
  {
    "name": "Require(39) node_modules/egg-security/app.js",
    "start": 1607712564712,
    "end": 1607712564712,
    "duration": 0,
    "pid": 2225,
    "index": 49
  },
  {
    "name": "Require(40) node_modules/egg-onerror/app.js",
    "start": 1607712564713,
    "end": 1607712564716,
    "duration": 3,
    "pid": 2225,
    "index": 50
  },
  {
    "name": "Require(41) node_modules/egg-i18n/app.js",
    "start": 1607712564716,
    "end": 1607712564723,
    "duration": 7,
    "pid": 2225,
    "index": 51
  },
  {
    "name": "Require(42) node_modules/egg-watcher/app.js",
    "start": 1607712564723,
    "end": 1607712564724,
    "duration": 1,
    "pid": 2225,
    "index": 52
  },
  {
    "name": "Require(43) node_modules/egg-schedule/app.js",
    "start": 1607712564725,
    "end": 1607712564725,
    "duration": 0,
    "pid": 2225,
    "index": 53
  },
  {
    "name": "Require(44) node_modules/egg-multipart/app.js",
    "start": 1607712564725,
    "end": 1607712564726,
    "duration": 1,
    "pid": 2225,
    "index": 54
  },
  {
    "name": "Require(45) node_modules/egg-development/app.js",
    "start": 1607712564726,
    "end": 1607712564726,
    "duration": 0,
    "pid": 2225,
    "index": 55
  },
  {
    "name": "Require(46) node_modules/egg-logrotator/app.js",
    "start": 1607712564726,
    "end": 1607712564726,
    "duration": 0,
    "pid": 2225,
    "index": 56
  },
  {
    "name": "Require(47) node_modules/egg-static/app.js",
    "start": 1607712564726,
    "end": 1607712564727,
    "duration": 1,
    "pid": 2225,
    "index": 57
  },
  {
    "name": "Require(48) node_modules/egg-mysql/app.js",
    "start": 1607712564727,
    "end": 1607712564734,
    "duration": 7,
    "pid": 2225,
    "index": 58
  },
  {
    "name": "Require(49) node_modules/egg-cors/app.js",
    "start": 1607712564734,
    "end": 1607712564734,
    "duration": 0,
    "pid": 2225,
    "index": 59
  },
  {
    "name": "Require(50) node_modules/egg-jwt/app.js",
    "start": 1607712564734,
    "end": 1607712564735,
    "duration": 1,
    "pid": 2225,
    "index": 60
  },
  {
    "name": "Before Start in node_modules/egg-watcher/lib/init.js:15:14",
    "start": 1607712564742,
    "end": 1607712564897,
    "duration": 155,
    "pid": 2225,
    "index": 61
  },
  {
    "name": "Before Start in node_modules/egg-mysql/lib/mysql.js:20:7",
    "start": 1607712564817,
    "end": 1607712564900,
    "duration": 83,
    "pid": 2225,
    "index": 62
  },
  {
    "name": "Load Service",
    "start": 1607712564817,
    "end": 1607712564821,
    "duration": 4,
    "pid": 2225,
    "index": 63
  },
  {
    "name": "Load \"service\" to Context",
    "start": 1607712564817,
    "end": 1607712564821,
    "duration": 4,
    "pid": 2225,
    "index": 64
  },
  {
    "name": "Load Middleware",
    "start": 1607712564821,
    "end": 1607712564874,
    "duration": 53,
    "pid": 2225,
    "index": 65
  },
  {
    "name": "Load \"middlewares\" to Application",
    "start": 1607712564821,
    "end": 1607712564867,
    "duration": 46,
    "pid": 2225,
    "index": 66
  },
  {
    "name": "Load Controller",
    "start": 1607712564874,
    "end": 1607712564876,
    "duration": 2,
    "pid": 2225,
    "index": 67
  },
  {
    "name": "Load \"controller\" to Application",
    "start": 1607712564874,
    "end": 1607712564876,
    "duration": 2,
    "pid": 2225,
    "index": 68
  },
  {
    "name": "Load Router",
    "start": 1607712564876,
    "end": 1607712564878,
    "duration": 2,
    "pid": 2225,
    "index": 69
  },
  {
    "name": "Require(51) app/router.js",
    "start": 1607712564876,
    "end": 1607712564876,
    "duration": 0,
    "pid": 2225,
    "index": 70
  },
  {
    "name": "Before Start in node_modules/egg-core/lib/egg.js:303:10",
    "start": 1607712564876,
    "end": 1607712564888,
    "duration": 12,
    "pid": 2225,
    "index": 71
  }
]