[
  {
    "name": "Process Start",
    "start": 1607713721226,
    "end": 1607713721757,
    "duration": 531,
    "pid": 3988,
    "index": 0
  },
  {
    "name": "Application Start",
    "start": 1607713721758,
    "end": 1607713722045,
    "duration": 287,
    "pid": 3988,
    "index": 1
  },
  {
    "name": "Load Plugin",
    "start": 1607713721761,
    "end": 1607713721768,
    "duration": 7,
    "pid": 3988,
    "index": 2
  },
  {
    "name": "Load Config",
    "start": 1607713721768,
    "end": 1607713721782,
    "duration": 14,
    "pid": 3988,
    "index": 3
  },
  {
    "name": "Require(0) config/config.default.js",
    "start": 1607713721768,
    "end": 1607713721768,
    "duration": 0,
    "pid": 3988,
    "index": 4
  },
  {
    "name": "Require(1) node_modules/egg-session/config/config.default.js",
    "start": 1607713721769,
    "end": 1607713721770,
    "duration": 1,
    "pid": 3988,
    "index": 5
  },
  {
    "name": "Require(2) node_modules/egg-security/config/config.default.js",
    "start": 1607713721770,
    "end": 1607713721770,
    "duration": 0,
    "pid": 3988,
    "index": 6
  },
  {
    "name": "Require(3) node_modules/egg-jsonp/config/config.default.js",
    "start": 1607713721771,
    "end": 1607713721771,
    "duration": 0,
    "pid": 3988,
    "index": 7
  },
  {
    "name": "Require(4) node_modules/egg-onerror/config/config.default.js",
    "start": 1607713721771,
    "end": 1607713721771,
    "duration": 0,
    "pid": 3988,
    "index": 8
  },
  {
    "name": "Require(5) node_modules/egg-i18n/config/config.default.js",
    "start": 1607713721772,
    "end": 1607713721772,
    "duration": 0,
    "pid": 3988,
    "index": 9
  },
  {
    "name": "Require(6) node_modules/egg-watcher/config/config.default.js",
    "start": 1607713721772,
    "end": 1607713721772,
    "duration": 0,
    "pid": 3988,
    "index": 10
  },
  {
    "name": "Require(7) node_modules/egg-schedule/config/config.default.js",
    "start": 1607713721772,
    "end": 1607713721773,
    "duration": 1,
    "pid": 3988,
    "index": 11
  },
  {
    "name": "Require(8) node_modules/egg-multipart/config/config.default.js",
    "start": 1607713721773,
    "end": 1607713721773,
    "duration": 0,
    "pid": 3988,
    "index": 12
  },
  {
    "name": "Require(9) node_modules/egg-development/config/config.default.js",
    "start": 1607713721774,
    "end": 1607713721774,
    "duration": 0,
    "pid": 3988,
    "index": 13
  },
  {
    "name": "Require(10) node_modules/egg-logrotator/config/config.default.js",
    "start": 1607713721774,
    "end": 1607713721774,
    "duration": 0,
    "pid": 3988,
    "index": 14
  },
  {
    "name": "Require(11) node_modules/egg-static/config/config.default.js",
    "start": 1607713721774,
    "end": 1607713721775,
    "duration": 1,
    "pid": 3988,
    "index": 15
  },
  {
    "name": "Require(12) node_modules/egg-view/config/config.default.js",
    "start": 1607713721775,
    "end": 1607713721775,
    "duration": 0,
    "pid": 3988,
    "index": 16
  },
  {
    "name": "Require(13) node_modules/egg-mysql/config/config.default.js",
    "start": 1607713721776,
    "end": 1607713721776,
    "duration": 0,
    "pid": 3988,
    "index": 17
  },
  {
    "name": "Require(14) node_modules/egg-cors/config/config.default.js",
    "start": 1607713721777,
    "end": 1607713721777,
    "duration": 0,
    "pid": 3988,
    "index": 18
  },
  {
    "name": "Require(15) node_modules/egg-jwt/config/config.default.js",
    "start": 1607713721777,
    "end": 1607713721778,
    "duration": 1,
    "pid": 3988,
    "index": 19
  },
  {
    "name": "Require(16) node_modules/egg/config/config.default.js",
    "start": 1607713721778,
    "end": 1607713721778,
    "duration": 0,
    "pid": 3988,
    "index": 20
  },
  {
    "name": "Require(17) config/config.default.js",
    "start": 1607713721779,
    "end": 1607713721779,
    "duration": 0,
    "pid": 3988,
    "index": 21
  },
  {
    "name": "Require(18) node_modules/egg-security/config/config.local.js",
    "start": 1607713721780,
    "end": 1607713721780,
    "duration": 0,
    "pid": 3988,
    "index": 22
  },
  {
    "name": "Require(19) node_modules/egg-watcher/config/config.local.js",
    "start": 1607713721780,
    "end": 1607713721780,
    "duration": 0,
    "pid": 3988,
    "index": 23
  },
  {
    "name": "Require(20) node_modules/egg-view/config/config.local.js",
    "start": 1607713721781,
    "end": 1607713721781,
    "duration": 0,
    "pid": 3988,
    "index": 24
  },
  {
    "name": "Require(21) node_modules/egg/config/config.local.js",
    "start": 1607713721781,
    "end": 1607713721781,
    "duration": 0,
    "pid": 3988,
    "index": 25
  },
  {
    "name": "Load extend/application.js",
    "start": 1607713721783,
    "end": 1607713721809,
    "duration": 26,
    "pid": 3988,
    "index": 26
  },
  {
    "name": "Require(22) node_modules/egg-session/app/extend/application.js",
    "start": 1607713721783,
    "end": 1607713721783,
    "duration": 0,
    "pid": 3988,
    "index": 27
  },
  {
    "name": "Require(23) node_modules/egg-security/app/extend/application.js",
    "start": 1607713721784,
    "end": 1607713721784,
    "duration": 0,
    "pid": 3988,
    "index": 28
  },
  {
    "name": "Require(24) node_modules/egg-jsonp/app/extend/application.js",
    "start": 1607713721784,
    "end": 1607713721785,
    "duration": 1,
    "pid": 3988,
    "index": 29
  },
  {
    "name": "Require(25) node_modules/egg-logrotator/app/extend/application.js",
    "start": 1607713721786,
    "end": 1607713721786,
    "duration": 0,
    "pid": 3988,
    "index": 30
  },
  {
    "name": "Require(26) node_modules/egg-view/app/extend/application.js",
    "start": 1607713721787,
    "end": 1607713721787,
    "duration": 0,
    "pid": 3988,
    "index": 31
  },
  {
    "name": "Require(27) node_modules/egg-jwt/app/extend/application.js",
    "start": 1607713721787,
    "end": 1607713721807,
    "duration": 20,
    "pid": 3988,
    "index": 32
  },
  {
    "name": "Load extend/request.js",
    "start": 1607713721809,
    "end": 1607713721812,
    "duration": 3,
    "pid": 3988,
    "index": 33
  },
  {
    "name": "Require(28) node_modules/egg/app/extend/request.js",
    "start": 1607713721810,
    "end": 1607713721811,
    "duration": 1,
    "pid": 3988,
    "index": 34
  },
  {
    "name": "Load extend/response.js",
    "start": 1607713721812,
    "end": 1607713721814,
    "duration": 2,
    "pid": 3988,
    "index": 35
  },
  {
    "name": "Require(29) node_modules/egg/app/extend/response.js",
    "start": 1607713721813,
    "end": 1607713721813,
    "duration": 0,
    "pid": 3988,
    "index": 36
  },
  {
    "name": "Load extend/context.js",
    "start": 1607713721814,
    "end": 1607713721854,
    "duration": 40,
    "pid": 3988,
    "index": 37
  },
  {
    "name": "Require(30) node_modules/egg-security/app/extend/context.js",
    "start": 1607713721815,
    "end": 1607713721820,
    "duration": 5,
    "pid": 3988,
    "index": 38
  },
  {
    "name": "Require(31) node_modules/egg-jsonp/app/extend/context.js",
    "start": 1607713721821,
    "end": 1607713721821,
    "duration": 0,
    "pid": 3988,
    "index": 39
  },
  {
    "name": "Require(32) node_modules/egg-i18n/app/extend/context.js",
    "start": 1607713721821,
    "end": 1607713721822,
    "duration": 1,
    "pid": 3988,
    "index": 40
  },
  {
    "name": "Require(33) node_modules/egg-multipart/app/extend/context.js",
    "start": 1607713721822,
    "end": 1607713721851,
    "duration": 29,
    "pid": 3988,
    "index": 41
  },
  {
    "name": "Require(34) node_modules/egg-view/app/extend/context.js",
    "start": 1607713721851,
    "end": 1607713721852,
    "duration": 1,
    "pid": 3988,
    "index": 42
  },
  {
    "name": "Require(35) node_modules/egg/app/extend/context.js",
    "start": 1607713721852,
    "end": 1607713721853,
    "duration": 1,
    "pid": 3988,
    "index": 43
  },
  {
    "name": "Load extend/helper.js",
    "start": 1607713721854,
    "end": 1607713721864,
    "duration": 10,
    "pid": 3988,
    "index": 44
  },
  {
    "name": "Require(36) node_modules/egg-security/app/extend/helper.js",
    "start": 1607713721854,
    "end": 1607713721863,
    "duration": 9,
    "pid": 3988,
    "index": 45
  },
  {
    "name": "Require(37) node_modules/egg/app/extend/helper.js",
    "start": 1607713721863,
    "end": 1607713721863,
    "duration": 0,
    "pid": 3988,
    "index": 46
  },
  {
    "name": "Load app.js",
    "start": 1607713721865,
    "end": 1607713721888,
    "duration": 23,
    "pid": 3988,
    "index": 47
  },
  {
    "name": "Require(38) node_modules/egg-session/app.js",
    "start": 1607713721865,
    "end": 1607713721865,
    "duration": 0,
    "pid": 3988,
    "index": 48
  },
  {
    "name": "Require(39) node_modules/egg-security/app.js",
    "start": 1607713721865,
    "end": 1607713721866,
    "duration": 1,
    "pid": 3988,
    "index": 49
  },
  {
    "name": "Require(40) node_modules/egg-onerror/app.js",
    "start": 1607713721866,
    "end": 1607713721870,
    "duration": 4,
    "pid": 3988,
    "index": 50
  },
  {
    "name": "Require(41) node_modules/egg-i18n/app.js",
    "start": 1607713721870,
    "end": 1607713721877,
    "duration": 7,
    "pid": 3988,
    "index": 51
  },
  {
    "name": "Require(42) node_modules/egg-watcher/app.js",
    "start": 1607713721877,
    "end": 1607713721878,
    "duration": 1,
    "pid": 3988,
    "index": 52
  },
  {
    "name": "Require(43) node_modules/egg-schedule/app.js",
    "start": 1607713721878,
    "end": 1607713721879,
    "duration": 1,
    "pid": 3988,
    "index": 53
  },
  {
    "name": "Require(44) node_modules/egg-multipart/app.js",
    "start": 1607713721879,
    "end": 1607713721879,
    "duration": 0,
    "pid": 3988,
    "index": 54
  },
  {
    "name": "Require(45) node_modules/egg-development/app.js",
    "start": 1607713721879,
    "end": 1607713721880,
    "duration": 1,
    "pid": 3988,
    "index": 55
  },
  {
    "name": "Require(46) node_modules/egg-logrotator/app.js",
    "start": 1607713721880,
    "end": 1607713721880,
    "duration": 0,
    "pid": 3988,
    "index": 56
  },
  {
    "name": "Require(47) node_modules/egg-static/app.js",
    "start": 1607713721880,
    "end": 1607713721880,
    "duration": 0,
    "pid": 3988,
    "index": 57
  },
  {
    "name": "Require(48) node_modules/egg-mysql/app.js",
    "start": 1607713721880,
    "end": 1607713721887,
    "duration": 7,
    "pid": 3988,
    "index": 58
  },
  {
    "name": "Require(49) node_modules/egg-cors/app.js",
    "start": 1607713721888,
    "end": 1607713721888,
    "duration": 0,
    "pid": 3988,
    "index": 59
  },
  {
    "name": "Require(50) node_modules/egg-jwt/app.js",
    "start": 1607713721888,
    "end": 1607713721888,
    "duration": 0,
    "pid": 3988,
    "index": 60
  },
  {
    "name": "Before Start in node_modules/egg-watcher/lib/init.js:15:14",
    "start": 1607713721896,
    "end": 1607713722042,
    "duration": 146,
    "pid": 3988,
    "index": 61
  },
  {
    "name": "Before Start in node_modules/egg-mysql/lib/mysql.js:20:7",
    "start": 1607713721962,
    "end": 1607713722045,
    "duration": 83,
    "pid": 3988,
    "index": 62
  },
  {
    "name": "Load Service",
    "start": 1607713721962,
    "end": 1607713721967,
    "duration": 5,
    "pid": 3988,
    "index": 63
  },
  {
    "name": "Load \"service\" to Context",
    "start": 1607713721962,
    "end": 1607713721967,
    "duration": 5,
    "pid": 3988,
    "index": 64
  },
  {
    "name": "Load Middleware",
    "start": 1607713721967,
    "end": 1607713722020,
    "duration": 53,
    "pid": 3988,
    "index": 65
  },
  {
    "name": "Load \"middlewares\" to Application",
    "start": 1607713721967,
    "end": 1607713722012,
    "duration": 45,
    "pid": 3988,
    "index": 66
  },
  {
    "name": "Load Controller",
    "start": 1607713722020,
    "end": 1607713722022,
    "duration": 2,
    "pid": 3988,
    "index": 67
  },
  {
    "name": "Load \"controller\" to Application",
    "start": 1607713722020,
    "end": 1607713722022,
    "duration": 2,
    "pid": 3988,
    "index": 68
  },
  {
    "name": "Load Router",
    "start": 1607713722022,
    "end": 1607713722024,
    "duration": 2,
    "pid": 3988,
    "index": 69
  },
  {
    "name": "Require(51) app/router.js",
    "start": 1607713722022,
    "end": 1607713722022,
    "duration": 0,
    "pid": 3988,
    "index": 70
  },
  {
    "name": "Before Start in node_modules/egg-core/lib/egg.js:303:10",
    "start": 1607713722023,
    "end": 1607713722033,
    "duration": 10,
    "pid": 3988,
    "index": 71
  }
]