[
  {
    "name": "Process Start",
    "start": 1607712522492,
    "end": 1607712523009,
    "duration": 517,
    "pid": 2174,
    "index": 0
  },
  {
    "name": "Application Start",
    "start": 1607712523010,
    "end": 1607712523286,
    "duration": 276,
    "pid": 2174,
    "index": 1
  },
  {
    "name": "Load Plugin",
    "start": 1607712523013,
    "end": 1607712523019,
    "duration": 6,
    "pid": 2174,
    "index": 2
  },
  {
    "name": "Load Config",
    "start": 1607712523019,
    "end": 1607712523032,
    "duration": 13,
    "pid": 2174,
    "index": 3
  },
  {
    "name": "Require(0) config/config.default.js",
    "start": 1607712523020,
    "end": 1607712523020,
    "duration": 0,
    "pid": 2174,
    "index": 4
  },
  {
    "name": "Require(1) node_modules/egg-session/config/config.default.js",
    "start": 1607712523021,
    "end": 1607712523021,
    "duration": 0,
    "pid": 2174,
    "index": 5
  },
  {
    "name": "Require(2) node_modules/egg-security/config/config.default.js",
    "start": 1607712523021,
    "end": 1607712523022,
    "duration": 1,
    "pid": 2174,
    "index": 6
  },
  {
    "name": "Require(3) node_modules/egg-jsonp/config/config.default.js",
    "start": 1607712523022,
    "end": 1607712523023,
    "duration": 1,
    "pid": 2174,
    "index": 7
  },
  {
    "name": "Require(4) node_modules/egg-onerror/config/config.default.js",
    "start": 1607712523023,
    "end": 1607712523023,
    "duration": 0,
    "pid": 2174,
    "index": 8
  },
  {
    "name": "Require(5) node_modules/egg-i18n/config/config.default.js",
    "start": 1607712523023,
    "end": 1607712523023,
    "duration": 0,
    "pid": 2174,
    "index": 9
  },
  {
    "name": "Require(6) node_modules/egg-watcher/config/config.default.js",
    "start": 1607712523024,
    "end": 1607712523024,
    "duration": 0,
    "pid": 2174,
    "index": 10
  },
  {
    "name": "Require(7) node_modules/egg-schedule/config/config.default.js",
    "start": 1607712523024,
    "end": 1607712523024,
    "duration": 0,
    "pid": 2174,
    "index": 11
  },
  {
    "name": "Require(8) node_modules/egg-multipart/config/config.default.js",
    "start": 1607712523025,
    "end": 1607712523025,
    "duration": 0,
    "pid": 2174,
    "index": 12
  },
  {
    "name": "Require(9) node_modules/egg-development/config/config.default.js",
    "start": 1607712523025,
    "end": 1607712523025,
    "duration": 0,
    "pid": 2174,
    "index": 13
  },
  {
    "name": "Require(10) node_modules/egg-logrotator/config/config.default.js",
    "start": 1607712523026,
    "end": 1607712523026,
    "duration": 0,
    "pid": 2174,
    "index": 14
  },
  {
    "name": "Require(11) node_modules/egg-static/config/config.default.js",
    "start": 1607712523026,
    "end": 1607712523027,
    "duration": 1,
    "pid": 2174,
    "index": 15
  },
  {
    "name": "Require(12) node_modules/egg-view/config/config.default.js",
    "start": 1607712523027,
    "end": 1607712523027,
    "duration": 0,
    "pid": 2174,
    "index": 16
  },
  {
    "name": "Require(13) node_modules/egg-mysql/config/config.default.js",
    "start": 1607712523028,
    "end": 1607712523028,
    "duration": 0,
    "pid": 2174,
    "index": 17
  },
  {
    "name": "Require(14) node_modules/egg-cors/config/config.default.js",
    "start": 1607712523028,
    "end": 1607712523028,
    "duration": 0,
    "pid": 2174,
    "index": 18
  },
  {
    "name": "Require(15) node_modules/egg-jwt/config/config.default.js",
    "start": 1607712523028,
    "end": 1607712523029,
    "duration": 1,
    "pid": 2174,
    "index": 19
  },
  {
    "name": "Require(16) node_modules/egg/config/config.default.js",
    "start": 1607712523029,
    "end": 1607712523029,
    "duration": 0,
    "pid": 2174,
    "index": 20
  },
  {
    "name": "Require(17) config/config.default.js",
    "start": 1607712523030,
    "end": 1607712523030,
    "duration": 0,
    "pid": 2174,
    "index": 21
  },
  {
    "name": "Require(18) node_modules/egg-security/config/config.local.js",
    "start": 1607712523030,
    "end": 1607712523030,
    "duration": 0,
    "pid": 2174,
    "index": 22
  },
  {
    "name": "Require(19) node_modules/egg-watcher/config/config.local.js",
    "start": 1607712523031,
    "end": 1607712523031,
    "duration": 0,
    "pid": 2174,
    "index": 23
  },
  {
    "name": "Require(20) node_modules/egg-view/config/config.local.js",
    "start": 1607712523031,
    "end": 1607712523031,
    "duration": 0,
    "pid": 2174,
    "index": 24
  },
  {
    "name": "Require(21) node_modules/egg/config/config.local.js",
    "start": 1607712523032,
    "end": 1607712523032,
    "duration": 0,
    "pid": 2174,
    "index": 25
  },
  {
    "name": "Load extend/application.js",
    "start": 1607712523033,
    "end": 1607712523057,
    "duration": 24,
    "pid": 2174,
    "index": 26
  },
  {
    "name": "Require(22) node_modules/egg-session/app/extend/application.js",
    "start": 1607712523033,
    "end": 1607712523033,
    "duration": 0,
    "pid": 2174,
    "index": 27
  },
  {
    "name": "Require(23) node_modules/egg-security/app/extend/application.js",
    "start": 1607712523033,
    "end": 1607712523034,
    "duration": 1,
    "pid": 2174,
    "index": 28
  },
  {
    "name": "Require(24) node_modules/egg-jsonp/app/extend/application.js",
    "start": 1607712523034,
    "end": 1607712523035,
    "duration": 1,
    "pid": 2174,
    "index": 29
  },
  {
    "name": "Require(25) node_modules/egg-logrotator/app/extend/application.js",
    "start": 1607712523035,
    "end": 1607712523036,
    "duration": 1,
    "pid": 2174,
    "index": 30
  },
  {
    "name": "Require(26) node_modules/egg-view/app/extend/application.js",
    "start": 1607712523037,
    "end": 1607712523037,
    "duration": 0,
    "pid": 2174,
    "index": 31
  },
  {
    "name": "Require(27) node_modules/egg-jwt/app/extend/application.js",
    "start": 1607712523037,
    "end": 1607712523056,
    "duration": 19,
    "pid": 2174,
    "index": 32
  },
  {
    "name": "Load extend/request.js",
    "start": 1607712523057,
    "end": 1607712523060,
    "duration": 3,
    "pid": 2174,
    "index": 33
  },
  {
    "name": "Require(28) node_modules/egg/app/extend/request.js",
    "start": 1607712523058,
    "end": 1607712523059,
    "duration": 1,
    "pid": 2174,
    "index": 34
  },
  {
    "name": "Load extend/response.js",
    "start": 1607712523060,
    "end": 1607712523062,
    "duration": 2,
    "pid": 2174,
    "index": 35
  },
  {
    "name": "Require(29) node_modules/egg/app/extend/response.js",
    "start": 1607712523061,
    "end": 1607712523061,
    "duration": 0,
    "pid": 2174,
    "index": 36
  },
  {
    "name": "Load extend/context.js",
    "start": 1607712523062,
    "end": 1607712523098,
    "duration": 36,
    "pid": 2174,
    "index": 37
  },
  {
    "name": "Require(30) node_modules/egg-security/app/extend/context.js",
    "start": 1607712523062,
    "end": 1607712523067,
    "duration": 5,
    "pid": 2174,
    "index": 38
  },
  {
    "name": "Require(31) node_modules/egg-jsonp/app/extend/context.js",
    "start": 1607712523067,
    "end": 1607712523068,
    "duration": 1,
    "pid": 2174,
    "index": 39
  },
  {
    "name": "Require(32) node_modules/egg-i18n/app/extend/context.js",
    "start": 1607712523068,
    "end": 1607712523069,
    "duration": 1,
    "pid": 2174,
    "index": 40
  },
  {
    "name": "Require(33) node_modules/egg-multipart/app/extend/context.js",
    "start": 1607712523069,
    "end": 1607712523096,
    "duration": 27,
    "pid": 2174,
    "index": 41
  },
  {
    "name": "Require(34) node_modules/egg-view/app/extend/context.js",
    "start": 1607712523096,
    "end": 1607712523097,
    "duration": 1,
    "pid": 2174,
    "index": 42
  },
  {
    "name": "Require(35) node_modules/egg/app/extend/context.js",
    "start": 1607712523097,
    "end": 1607712523097,
    "duration": 0,
    "pid": 2174,
    "index": 43
  },
  {
    "name": "Load extend/helper.js",
    "start": 1607712523098,
    "end": 1607712523108,
    "duration": 10,
    "pid": 2174,
    "index": 44
  },
  {
    "name": "Require(36) node_modules/egg-security/app/extend/helper.js",
    "start": 1607712523099,
    "end": 1607712523107,
    "duration": 8,
    "pid": 2174,
    "index": 45
  },
  {
    "name": "Require(37) node_modules/egg/app/extend/helper.js",
    "start": 1607712523107,
    "end": 1607712523108,
    "duration": 1,
    "pid": 2174,
    "index": 46
  },
  {
    "name": "Load app.js",
    "start": 1607712523109,
    "end": 1607712523132,
    "duration": 23,
    "pid": 2174,
    "index": 47
  },
  {
    "name": "Require(38) node_modules/egg-session/app.js",
    "start": 1607712523109,
    "end": 1607712523109,
    "duration": 0,
    "pid": 2174,
    "index": 48
  },
  {
    "name": "Require(39) node_modules/egg-security/app.js",
    "start": 1607712523109,
    "end": 1607712523110,
    "duration": 1,
    "pid": 2174,
    "index": 49
  },
  {
    "name": "Require(40) node_modules/egg-onerror/app.js",
    "start": 1607712523110,
    "end": 1607712523113,
    "duration": 3,
    "pid": 2174,
    "index": 50
  },
  {
    "name": "Require(41) node_modules/egg-i18n/app.js",
    "start": 1607712523113,
    "end": 1607712523120,
    "duration": 7,
    "pid": 2174,
    "index": 51
  },
  {
    "name": "Require(42) node_modules/egg-watcher/app.js",
    "start": 1607712523120,
    "end": 1607712523121,
    "duration": 1,
    "pid": 2174,
    "index": 52
  },
  {
    "name": "Require(43) node_modules/egg-schedule/app.js",
    "start": 1607712523121,
    "end": 1607712523122,
    "duration": 1,
    "pid": 2174,
    "index": 53
  },
  {
    "name": "Require(44) node_modules/egg-multipart/app.js",
    "start": 1607712523122,
    "end": 1607712523123,
    "duration": 1,
    "pid": 2174,
    "index": 54
  },
  {
    "name": "Require(45) node_modules/egg-development/app.js",
    "start": 1607712523123,
    "end": 1607712523123,
    "duration": 0,
    "pid": 2174,
    "index": 55
  },
  {
    "name": "Require(46) node_modules/egg-logrotator/app.js",
    "start": 1607712523123,
    "end": 1607712523124,
    "duration": 1,
    "pid": 2174,
    "index": 56
  },
  {
    "name": "Require(47) node_modules/egg-static/app.js",
    "start": 1607712523124,
    "end": 1607712523124,
    "duration": 0,
    "pid": 2174,
    "index": 57
  },
  {
    "name": "Require(48) node_modules/egg-mysql/app.js",
    "start": 1607712523124,
    "end": 1607712523131,
    "duration": 7,
    "pid": 2174,
    "index": 58
  },
  {
    "name": "Require(49) node_modules/egg-cors/app.js",
    "start": 1607712523131,
    "end": 1607712523131,
    "duration": 0,
    "pid": 2174,
    "index": 59
  },
  {
    "name": "Require(50) node_modules/egg-jwt/app.js",
    "start": 1607712523132,
    "end": 1607712523132,
    "duration": 0,
    "pid": 2174,
    "index": 60
  },
  {
    "name": "Before Start in node_modules/egg-watcher/lib/init.js:15:14",
    "start": 1607712523138,
    "end": 1607712523284,
    "duration": 146,
    "pid": 2174,
    "index": 61
  },
  {
    "name": "Before Start in node_modules/egg-mysql/lib/mysql.js:20:7",
    "start": 1607712523205,
    "end": 1607712523286,
    "duration": 81,
    "pid": 2174,
    "index": 62
  },
  {
    "name": "Load Service",
    "start": 1607712523206,
    "end": 1607712523209,
    "duration": 3,
    "pid": 2174,
    "index": 63
  },
  {
    "name": "Load \"service\" to Context",
    "start": 1607712523206,
    "end": 1607712523209,
    "duration": 3,
    "pid": 2174,
    "index": 64
  },
  {
    "name": "Load Middleware",
    "start": 1607712523209,
    "end": 1607712523260,
    "duration": 51,
    "pid": 2174,
    "index": 65
  },
  {
    "name": "Load \"middlewares\" to Application",
    "start": 1607712523210,
    "end": 1607712523253,
    "duration": 43,
    "pid": 2174,
    "index": 66
  },
  {
    "name": "Load Controller",
    "start": 1607712523260,
    "end": 1607712523263,
    "duration": 3,
    "pid": 2174,
    "index": 67
  },
  {
    "name": "Load \"controller\" to Application",
    "start": 1607712523260,
    "end": 1607712523263,
    "duration": 3,
    "pid": 2174,
    "index": 68
  },
  {
    "name": "Load Router",
    "start": 1607712523263,
    "end": 1607712523265,
    "duration": 2,
    "pid": 2174,
    "index": 69
  },
  {
    "name": "Require(51) app/router.js",
    "start": 1607712523263,
    "end": 1607712523264,
    "duration": 1,
    "pid": 2174,
    "index": 70
  },
  {
    "name": "Before Start in node_modules/egg-core/lib/egg.js:303:10",
    "start": 1607712523264,
    "end": 1607712523275,
    "duration": 11,
    "pid": 2174,
    "index": 71
  }
]