[
  {
    "name": "Process Start",
    "start": 1607713755326,
    "end": 1607713755857,
    "duration": 531,
    "pid": 4068,
    "index": 0
  },
  {
    "name": "Application Start",
    "start": 1607713755858,
    "end": 1607713756138,
    "duration": 280,
    "pid": 4068,
    "index": 1
  },
  {
    "name": "Load Plugin",
    "start": 1607713755861,
    "end": 1607713755867,
    "duration": 6,
    "pid": 4068,
    "index": 2
  },
  {
    "name": "Load Config",
    "start": 1607713755868,
    "end": 1607713755880,
    "duration": 12,
    "pid": 4068,
    "index": 3
  },
  {
    "name": "Require(0) config/config.default.js",
    "start": 1607713755868,
    "end": 1607713755868,
    "duration": 0,
    "pid": 4068,
    "index": 4
  },
  {
    "name": "Require(1) node_modules/egg-session/config/config.default.js",
    "start": 1607713755869,
    "end": 1607713755869,
    "duration": 0,
    "pid": 4068,
    "index": 5
  },
  {
    "name": "Require(2) node_modules/egg-security/config/config.default.js",
    "start": 1607713755870,
    "end": 1607713755870,
    "duration": 0,
    "pid": 4068,
    "index": 6
  },
  {
    "name": "Require(3) node_modules/egg-jsonp/config/config.default.js",
    "start": 1607713755870,
    "end": 1607713755871,
    "duration": 1,
    "pid": 4068,
    "index": 7
  },
  {
    "name": "Require(4) node_modules/egg-onerror/config/config.default.js",
    "start": 1607713755871,
    "end": 1607713755871,
    "duration": 0,
    "pid": 4068,
    "index": 8
  },
  {
    "name": "Require(5) node_modules/egg-i18n/config/config.default.js",
    "start": 1607713755871,
    "end": 1607713755872,
    "duration": 1,
    "pid": 4068,
    "index": 9
  },
  {
    "name": "Require(6) node_modules/egg-watcher/config/config.default.js",
    "start": 1607713755872,
    "end": 1607713755872,
    "duration": 0,
    "pid": 4068,
    "index": 10
  },
  {
    "name": "Require(7) node_modules/egg-schedule/config/config.default.js",
    "start": 1607713755872,
    "end": 1607713755872,
    "duration": 0,
    "pid": 4068,
    "index": 11
  },
  {
    "name": "Require(8) node_modules/egg-multipart/config/config.default.js",
    "start": 1607713755873,
    "end": 1607713755873,
    "duration": 0,
    "pid": 4068,
    "index": 12
  },
  {
    "name": "Require(9) node_modules/egg-development/config/config.default.js",
    "start": 1607713755873,
    "end": 1607713755873,
    "duration": 0,
    "pid": 4068,
    "index": 13
  },
  {
    "name": "Require(10) node_modules/egg-logrotator/config/config.default.js",
    "start": 1607713755874,
    "end": 1607713755874,
    "duration": 0,
    "pid": 4068,
    "index": 14
  },
  {
    "name": "Require(11) node_modules/egg-static/config/config.default.js",
    "start": 1607713755874,
    "end": 1607713755874,
    "duration": 0,
    "pid": 4068,
    "index": 15
  },
  {
    "name": "Require(12) node_modules/egg-view/config/config.default.js",
    "start": 1607713755875,
    "end": 1607713755875,
    "duration": 0,
    "pid": 4068,
    "index": 16
  },
  {
    "name": "Require(13) node_modules/egg-mysql/config/config.default.js",
    "start": 1607713755875,
    "end": 1607713755876,
    "duration": 1,
    "pid": 4068,
    "index": 17
  },
  {
    "name": "Require(14) node_modules/egg-cors/config/config.default.js",
    "start": 1607713755876,
    "end": 1607713755876,
    "duration": 0,
    "pid": 4068,
    "index": 18
  },
  {
    "name": "Require(15) node_modules/egg-jwt/config/config.default.js",
    "start": 1607713755876,
    "end": 1607713755876,
    "duration": 0,
    "pid": 4068,
    "index": 19
  },
  {
    "name": "Require(16) node_modules/egg/config/config.default.js",
    "start": 1607713755877,
    "end": 1607713755877,
    "duration": 0,
    "pid": 4068,
    "index": 20
  },
  {
    "name": "Require(17) config/config.default.js",
    "start": 1607713755878,
    "end": 1607713755878,
    "duration": 0,
    "pid": 4068,
    "index": 21
  },
  {
    "name": "Require(18) node_modules/egg-security/config/config.local.js",
    "start": 1607713755878,
    "end": 1607713755879,
    "duration": 1,
    "pid": 4068,
    "index": 22
  },
  {
    "name": "Require(19) node_modules/egg-watcher/config/config.local.js",
    "start": 1607713755879,
    "end": 1607713755879,
    "duration": 0,
    "pid": 4068,
    "index": 23
  },
  {
    "name": "Require(20) node_modules/egg-view/config/config.local.js",
    "start": 1607713755879,
    "end": 1607713755880,
    "duration": 1,
    "pid": 4068,
    "index": 24
  },
  {
    "name": "Require(21) node_modules/egg/config/config.local.js",
    "start": 1607713755880,
    "end": 1607713755880,
    "duration": 0,
    "pid": 4068,
    "index": 25
  },
  {
    "name": "Load extend/application.js",
    "start": 1607713755881,
    "end": 1607713755904,
    "duration": 23,
    "pid": 4068,
    "index": 26
  },
  {
    "name": "Require(22) node_modules/egg-session/app/extend/application.js",
    "start": 1607713755881,
    "end": 1607713755881,
    "duration": 0,
    "pid": 4068,
    "index": 27
  },
  {
    "name": "Require(23) node_modules/egg-security/app/extend/application.js",
    "start": 1607713755882,
    "end": 1607713755882,
    "duration": 0,
    "pid": 4068,
    "index": 28
  },
  {
    "name": "Require(24) node_modules/egg-jsonp/app/extend/application.js",
    "start": 1607713755882,
    "end": 1607713755883,
    "duration": 1,
    "pid": 4068,
    "index": 29
  },
  {
    "name": "Require(25) node_modules/egg-logrotator/app/extend/application.js",
    "start": 1607713755883,
    "end": 1607713755884,
    "duration": 1,
    "pid": 4068,
    "index": 30
  },
  {
    "name": "Require(26) node_modules/egg-view/app/extend/application.js",
    "start": 1607713755884,
    "end": 1607713755885,
    "duration": 1,
    "pid": 4068,
    "index": 31
  },
  {
    "name": "Require(27) node_modules/egg-jwt/app/extend/application.js",
    "start": 1607713755885,
    "end": 1607713755903,
    "duration": 18,
    "pid": 4068,
    "index": 32
  },
  {
    "name": "Load extend/request.js",
    "start": 1607713755904,
    "end": 1607713755906,
    "duration": 2,
    "pid": 4068,
    "index": 33
  },
  {
    "name": "Require(28) node_modules/egg/app/extend/request.js",
    "start": 1607713755905,
    "end": 1607713755906,
    "duration": 1,
    "pid": 4068,
    "index": 34
  },
  {
    "name": "Load extend/response.js",
    "start": 1607713755906,
    "end": 1607713755909,
    "duration": 3,
    "pid": 4068,
    "index": 35
  },
  {
    "name": "Require(29) node_modules/egg/app/extend/response.js",
    "start": 1607713755907,
    "end": 1607713755908,
    "duration": 1,
    "pid": 4068,
    "index": 36
  },
  {
    "name": "Load extend/context.js",
    "start": 1607713755909,
    "end": 1607713755946,
    "duration": 37,
    "pid": 4068,
    "index": 37
  },
  {
    "name": "Require(30) node_modules/egg-security/app/extend/context.js",
    "start": 1607713755909,
    "end": 1607713755915,
    "duration": 6,
    "pid": 4068,
    "index": 38
  },
  {
    "name": "Require(31) node_modules/egg-jsonp/app/extend/context.js",
    "start": 1607713755915,
    "end": 1607713755915,
    "duration": 0,
    "pid": 4068,
    "index": 39
  },
  {
    "name": "Require(32) node_modules/egg-i18n/app/extend/context.js",
    "start": 1607713755916,
    "end": 1607713755917,
    "duration": 1,
    "pid": 4068,
    "index": 40
  },
  {
    "name": "Require(33) node_modules/egg-multipart/app/extend/context.js",
    "start": 1607713755917,
    "end": 1607713755944,
    "duration": 27,
    "pid": 4068,
    "index": 41
  },
  {
    "name": "Require(34) node_modules/egg-view/app/extend/context.js",
    "start": 1607713755944,
    "end": 1607713755945,
    "duration": 1,
    "pid": 4068,
    "index": 42
  },
  {
    "name": "Require(35) node_modules/egg/app/extend/context.js",
    "start": 1607713755945,
    "end": 1607713755945,
    "duration": 0,
    "pid": 4068,
    "index": 43
  },
  {
    "name": "Load extend/helper.js",
    "start": 1607713755946,
    "end": 1607713755956,
    "duration": 10,
    "pid": 4068,
    "index": 44
  },
  {
    "name": "Require(36) node_modules/egg-security/app/extend/helper.js",
    "start": 1607713755946,
    "end": 1607713755954,
    "duration": 8,
    "pid": 4068,
    "index": 45
  },
  {
    "name": "Require(37) node_modules/egg/app/extend/helper.js",
    "start": 1607713755955,
    "end": 1607713755955,
    "duration": 0,
    "pid": 4068,
    "index": 46
  },
  {
    "name": "Load app.js",
    "start": 1607713755956,
    "end": 1607713755979,
    "duration": 23,
    "pid": 4068,
    "index": 47
  },
  {
    "name": "Require(38) node_modules/egg-session/app.js",
    "start": 1607713755956,
    "end": 1607713755957,
    "duration": 1,
    "pid": 4068,
    "index": 48
  },
  {
    "name": "Require(39) node_modules/egg-security/app.js",
    "start": 1607713755957,
    "end": 1607713755957,
    "duration": 0,
    "pid": 4068,
    "index": 49
  },
  {
    "name": "Require(40) node_modules/egg-onerror/app.js",
    "start": 1607713755957,
    "end": 1607713755961,
    "duration": 4,
    "pid": 4068,
    "index": 50
  },
  {
    "name": "Require(41) node_modules/egg-i18n/app.js",
    "start": 1607713755961,
    "end": 1607713755967,
    "duration": 6,
    "pid": 4068,
    "index": 51
  },
  {
    "name": "Require(42) node_modules/egg-watcher/app.js",
    "start": 1607713755967,
    "end": 1607713755968,
    "duration": 1,
    "pid": 4068,
    "index": 52
  },
  {
    "name": "Require(43) node_modules/egg-schedule/app.js",
    "start": 1607713755969,
    "end": 1607713755969,
    "duration": 0,
    "pid": 4068,
    "index": 53
  },
  {
    "name": "Require(44) node_modules/egg-multipart/app.js",
    "start": 1607713755969,
    "end": 1607713755970,
    "duration": 1,
    "pid": 4068,
    "index": 54
  },
  {
    "name": "Require(45) node_modules/egg-development/app.js",
    "start": 1607713755970,
    "end": 1607713755970,
    "duration": 0,
    "pid": 4068,
    "index": 55
  },
  {
    "name": "Require(46) node_modules/egg-logrotator/app.js",
    "start": 1607713755970,
    "end": 1607713755970,
    "duration": 0,
    "pid": 4068,
    "index": 56
  },
  {
    "name": "Require(47) node_modules/egg-static/app.js",
    "start": 1607713755970,
    "end": 1607713755970,
    "duration": 0,
    "pid": 4068,
    "index": 57
  },
  {
    "name": "Require(48) node_modules/egg-mysql/app.js",
    "start": 1607713755971,
    "end": 1607713755978,
    "duration": 7,
    "pid": 4068,
    "index": 58
  },
  {
    "name": "Require(49) node_modules/egg-cors/app.js",
    "start": 1607713755978,
    "end": 1607713755978,
    "duration": 0,
    "pid": 4068,
    "index": 59
  },
  {
    "name": "Require(50) node_modules/egg-jwt/app.js",
    "start": 1607713755978,
    "end": 1607713755979,
    "duration": 1,
    "pid": 4068,
    "index": 60
  },
  {
    "name": "Before Start in node_modules/egg-watcher/lib/init.js:15:14",
    "start": 1607713755985,
    "end": 1607713756135,
    "duration": 150,
    "pid": 4068,
    "index": 61
  },
  {
    "name": "Before Start in node_modules/egg-mysql/lib/mysql.js:20:7",
    "start": 1607713756052,
    "end": 1607713756138,
    "duration": 86,
    "pid": 4068,
    "index": 62
  },
  {
    "name": "Load Service",
    "start": 1607713756053,
    "end": 1607713756057,
    "duration": 4,
    "pid": 4068,
    "index": 63
  },
  {
    "name": "Load \"service\" to Context",
    "start": 1607713756053,
    "end": 1607713756057,
    "duration": 4,
    "pid": 4068,
    "index": 64
  },
  {
    "name": "Load Middleware",
    "start": 1607713756057,
    "end": 1607713756113,
    "duration": 56,
    "pid": 4068,
    "index": 65
  },
  {
    "name": "Load \"middlewares\" to Application",
    "start": 1607713756058,
    "end": 1607713756104,
    "duration": 46,
    "pid": 4068,
    "index": 66
  },
  {
    "name": "Load Controller",
    "start": 1607713756113,
    "end": 1607713756115,
    "duration": 2,
    "pid": 4068,
    "index": 67
  },
  {
    "name": "Load \"controller\" to Application",
    "start": 1607713756113,
    "end": 1607713756115,
    "duration": 2,
    "pid": 4068,
    "index": 68
  },
  {
    "name": "Load Router",
    "start": 1607713756115,
    "end": 1607713756117,
    "duration": 2,
    "pid": 4068,
    "index": 69
  },
  {
    "name": "Require(51) app/router.js",
    "start": 1607713756115,
    "end": 1607713756116,
    "duration": 1,
    "pid": 4068,
    "index": 70
  },
  {
    "name": "Before Start in node_modules/egg-core/lib/egg.js:303:10",
    "start": 1607713756116,
    "end": 1607713756127,
    "duration": 11,
    "pid": 4068,
    "index": 71
  }
]