[
  {
    "name": "Process Start",
    "start": 1607713719635,
    "end": 1607713720184,
    "duration": 549,
    "pid": 3984,
    "index": 0
  },
  {
    "name": "Application Start",
    "start": 1607713720184,
    "end": 1607713720485,
    "duration": 301,
    "pid": 3984,
    "index": 1
  },
  {
    "name": "Load Plugin",
    "start": 1607713720189,
    "end": 1607713720197,
    "duration": 8,
    "pid": 3984,
    "index": 2
  },
  {
    "name": "Load Config",
    "start": 1607713720197,
    "end": 1607713720212,
    "duration": 15,
    "pid": 3984,
    "index": 3
  },
  {
    "name": "Require(0) config/config.default.js",
    "start": 1607713720198,
    "end": 1607713720198,
    "duration": 0,
    "pid": 3984,
    "index": 4
  },
  {
    "name": "Require(1) node_modules/egg-session/config/config.default.js",
    "start": 1607713720199,
    "end": 1607713720199,
    "duration": 0,
    "pid": 3984,
    "index": 5
  },
  {
    "name": "Require(2) node_modules/egg-security/config/config.default.js",
    "start": 1607713720199,
    "end": 1607713720200,
    "duration": 1,
    "pid": 3984,
    "index": 6
  },
  {
    "name": "Require(3) node_modules/egg-jsonp/config/config.default.js",
    "start": 1607713720200,
    "end": 1607713720200,
    "duration": 0,
    "pid": 3984,
    "index": 7
  },
  {
    "name": "Require(4) node_modules/egg-onerror/config/config.default.js",
    "start": 1607713720201,
    "end": 1607713720201,
    "duration": 0,
    "pid": 3984,
    "index": 8
  },
  {
    "name": "Require(5) node_modules/egg-i18n/config/config.default.js",
    "start": 1607713720201,
    "end": 1607713720202,
    "duration": 1,
    "pid": 3984,
    "index": 9
  },
  {
    "name": "Require(6) node_modules/egg-watcher/config/config.default.js",
    "start": 1607713720202,
    "end": 1607713720202,
    "duration": 0,
    "pid": 3984,
    "index": 10
  },
  {
    "name": "Require(7) node_modules/egg-schedule/config/config.default.js",
    "start": 1607713720202,
    "end": 1607713720203,
    "duration": 1,
    "pid": 3984,
    "index": 11
  },
  {
    "name": "Require(8) node_modules/egg-multipart/config/config.default.js",
    "start": 1607713720203,
    "end": 1607713720203,
    "duration": 0,
    "pid": 3984,
    "index": 12
  },
  {
    "name": "Require(9) node_modules/egg-development/config/config.default.js",
    "start": 1607713720204,
    "end": 1607713720204,
    "duration": 0,
    "pid": 3984,
    "index": 13
  },
  {
    "name": "Require(10) node_modules/egg-logrotator/config/config.default.js",
    "start": 1607713720204,
    "end": 1607713720204,
    "duration": 0,
    "pid": 3984,
    "index": 14
  },
  {
    "name": "Require(11) node_modules/egg-static/config/config.default.js",
    "start": 1607713720204,
    "end": 1607713720205,
    "duration": 1,
    "pid": 3984,
    "index": 15
  },
  {
    "name": "Require(12) node_modules/egg-view/config/config.default.js",
    "start": 1607713720205,
    "end": 1607713720205,
    "duration": 0,
    "pid": 3984,
    "index": 16
  },
  {
    "name": "Require(13) node_modules/egg-mysql/config/config.default.js",
    "start": 1607713720205,
    "end": 1607713720205,
    "duration": 0,
    "pid": 3984,
    "index": 17
  },
  {
    "name": "Require(14) node_modules/egg-cors/config/config.default.js",
    "start": 1607713720206,
    "end": 1607713720206,
    "duration": 0,
    "pid": 3984,
    "index": 18
  },
  {
    "name": "Require(15) node_modules/egg-jwt/config/config.default.js",
    "start": 1607713720206,
    "end": 1607713720206,
    "duration": 0,
    "pid": 3984,
    "index": 19
  },
  {
    "name": "Require(16) node_modules/egg/config/config.default.js",
    "start": 1607713720206,
    "end": 1607713720207,
    "duration": 1,
    "pid": 3984,
    "index": 20
  },
  {
    "name": "Require(17) config/config.default.js",
    "start": 1607713720208,
    "end": 1607713720208,
    "duration": 0,
    "pid": 3984,
    "index": 21
  },
  {
    "name": "Require(18) node_modules/egg-security/config/config.local.js",
    "start": 1607713720208,
    "end": 1607713720209,
    "duration": 1,
    "pid": 3984,
    "index": 22
  },
  {
    "name": "Require(19) node_modules/egg-watcher/config/config.local.js",
    "start": 1607713720209,
    "end": 1607713720209,
    "duration": 0,
    "pid": 3984,
    "index": 23
  },
  {
    "name": "Require(20) node_modules/egg-view/config/config.local.js",
    "start": 1607713720210,
    "end": 1607713720211,
    "duration": 1,
    "pid": 3984,
    "index": 24
  },
  {
    "name": "Require(21) node_modules/egg/config/config.local.js",
    "start": 1607713720211,
    "end": 1607713720212,
    "duration": 1,
    "pid": 3984,
    "index": 25
  },
  {
    "name": "Load extend/application.js",
    "start": 1607713720213,
    "end": 1607713720237,
    "duration": 24,
    "pid": 3984,
    "index": 26
  },
  {
    "name": "Require(22) node_modules/egg-session/app/extend/application.js",
    "start": 1607713720213,
    "end": 1607713720213,
    "duration": 0,
    "pid": 3984,
    "index": 27
  },
  {
    "name": "Require(23) node_modules/egg-security/app/extend/application.js",
    "start": 1607713720213,
    "end": 1607713720214,
    "duration": 1,
    "pid": 3984,
    "index": 28
  },
  {
    "name": "Require(24) node_modules/egg-jsonp/app/extend/application.js",
    "start": 1607713720214,
    "end": 1607713720214,
    "duration": 0,
    "pid": 3984,
    "index": 29
  },
  {
    "name": "Require(25) node_modules/egg-logrotator/app/extend/application.js",
    "start": 1607713720215,
    "end": 1607713720216,
    "duration": 1,
    "pid": 3984,
    "index": 30
  },
  {
    "name": "Require(26) node_modules/egg-view/app/extend/application.js",
    "start": 1607713720216,
    "end": 1607713720217,
    "duration": 1,
    "pid": 3984,
    "index": 31
  },
  {
    "name": "Require(27) node_modules/egg-jwt/app/extend/application.js",
    "start": 1607713720217,
    "end": 1607713720237,
    "duration": 20,
    "pid": 3984,
    "index": 32
  },
  {
    "name": "Load extend/request.js",
    "start": 1607713720238,
    "end": 1607713720240,
    "duration": 2,
    "pid": 3984,
    "index": 33
  },
  {
    "name": "Require(28) node_modules/egg/app/extend/request.js",
    "start": 1607713720238,
    "end": 1607713720239,
    "duration": 1,
    "pid": 3984,
    "index": 34
  },
  {
    "name": "Load extend/response.js",
    "start": 1607713720240,
    "end": 1607713720243,
    "duration": 3,
    "pid": 3984,
    "index": 35
  },
  {
    "name": "Require(29) node_modules/egg/app/extend/response.js",
    "start": 1607713720241,
    "end": 1607713720242,
    "duration": 1,
    "pid": 3984,
    "index": 36
  },
  {
    "name": "Load extend/context.js",
    "start": 1607713720243,
    "end": 1607713720284,
    "duration": 41,
    "pid": 3984,
    "index": 37
  },
  {
    "name": "Require(30) node_modules/egg-security/app/extend/context.js",
    "start": 1607713720243,
    "end": 1607713720249,
    "duration": 6,
    "pid": 3984,
    "index": 38
  },
  {
    "name": "Require(31) node_modules/egg-jsonp/app/extend/context.js",
    "start": 1607713720250,
    "end": 1607713720250,
    "duration": 0,
    "pid": 3984,
    "index": 39
  },
  {
    "name": "Require(32) node_modules/egg-i18n/app/extend/context.js",
    "start": 1607713720250,
    "end": 1607713720252,
    "duration": 2,
    "pid": 3984,
    "index": 40
  },
  {
    "name": "Require(33) node_modules/egg-multipart/app/extend/context.js",
    "start": 1607713720252,
    "end": 1607713720281,
    "duration": 29,
    "pid": 3984,
    "index": 41
  },
  {
    "name": "Require(34) node_modules/egg-view/app/extend/context.js",
    "start": 1607713720282,
    "end": 1607713720282,
    "duration": 0,
    "pid": 3984,
    "index": 42
  },
  {
    "name": "Require(35) node_modules/egg/app/extend/context.js",
    "start": 1607713720283,
    "end": 1607713720283,
    "duration": 0,
    "pid": 3984,
    "index": 43
  },
  {
    "name": "Load extend/helper.js",
    "start": 1607713720284,
    "end": 1607713720296,
    "duration": 12,
    "pid": 3984,
    "index": 44
  },
  {
    "name": "Require(36) node_modules/egg-security/app/extend/helper.js",
    "start": 1607713720284,
    "end": 1607713720294,
    "duration": 10,
    "pid": 3984,
    "index": 45
  },
  {
    "name": "Require(37) node_modules/egg/app/extend/helper.js",
    "start": 1607713720295,
    "end": 1607713720295,
    "duration": 0,
    "pid": 3984,
    "index": 46
  },
  {
    "name": "Load app.js",
    "start": 1607713720296,
    "end": 1607713720323,
    "duration": 27,
    "pid": 3984,
    "index": 47
  },
  {
    "name": "Require(38) node_modules/egg-session/app.js",
    "start": 1607713720296,
    "end": 1607713720297,
    "duration": 1,
    "pid": 3984,
    "index": 48
  },
  {
    "name": "Require(39) node_modules/egg-security/app.js",
    "start": 1607713720297,
    "end": 1607713720298,
    "duration": 1,
    "pid": 3984,
    "index": 49
  },
  {
    "name": "Require(40) node_modules/egg-onerror/app.js",
    "start": 1607713720298,
    "end": 1607713720302,
    "duration": 4,
    "pid": 3984,
    "index": 50
  },
  {
    "name": "Require(41) node_modules/egg-i18n/app.js",
    "start": 1607713720302,
    "end": 1607713720310,
    "duration": 8,
    "pid": 3984,
    "index": 51
  },
  {
    "name": "Require(42) node_modules/egg-watcher/app.js",
    "start": 1607713720310,
    "end": 1607713720311,
    "duration": 1,
    "pid": 3984,
    "index": 52
  },
  {
    "name": "Require(43) node_modules/egg-schedule/app.js",
    "start": 1607713720311,
    "end": 1607713720312,
    "duration": 1,
    "pid": 3984,
    "index": 53
  },
  {
    "name": "Require(44) node_modules/egg-multipart/app.js",
    "start": 1607713720312,
    "end": 1607713720313,
    "duration": 1,
    "pid": 3984,
    "index": 54
  },
  {
    "name": "Require(45) node_modules/egg-development/app.js",
    "start": 1607713720313,
    "end": 1607713720313,
    "duration": 0,
    "pid": 3984,
    "index": 55
  },
  {
    "name": "Require(46) node_modules/egg-logrotator/app.js",
    "start": 1607713720313,
    "end": 1607713720313,
    "duration": 0,
    "pid": 3984,
    "index": 56
  },
  {
    "name": "Require(47) node_modules/egg-static/app.js",
    "start": 1607713720313,
    "end": 1607713720313,
    "duration": 0,
    "pid": 3984,
    "index": 57
  },
  {
    "name": "Require(48) node_modules/egg-mysql/app.js",
    "start": 1607713720314,
    "end": 1607713720321,
    "duration": 7,
    "pid": 3984,
    "index": 58
  },
  {
    "name": "Require(49) node_modules/egg-cors/app.js",
    "start": 1607713720322,
    "end": 1607713720322,
    "duration": 0,
    "pid": 3984,
    "index": 59
  },
  {
    "name": "Require(50) node_modules/egg-jwt/app.js",
    "start": 1607713720322,
    "end": 1607713720322,
    "duration": 0,
    "pid": 3984,
    "index": 60
  },
  {
    "name": "Before Start in node_modules/egg-watcher/lib/init.js:15:14",
    "start": 1607713720330,
    "end": 1607713720482,
    "duration": 152,
    "pid": 3984,
    "index": 61
  },
  {
    "name": "Before Start in node_modules/egg-mysql/lib/mysql.js:20:7",
    "start": 1607713720398,
    "end": 1607713720485,
    "duration": 87,
    "pid": 3984,
    "index": 62
  },
  {
    "name": "Load Service",
    "start": 1607713720398,
    "end": 1607713720402,
    "duration": 4,
    "pid": 3984,
    "index": 63
  },
  {
    "name": "Load \"service\" to Context",
    "start": 1607713720398,
    "end": 1607713720402,
    "duration": 4,
    "pid": 3984,
    "index": 64
  },
  {
    "name": "Load Middleware",
    "start": 1607713720403,
    "end": 1607713720459,
    "duration": 56,
    "pid": 3984,
    "index": 65
  },
  {
    "name": "Load \"middlewares\" to Application",
    "start": 1607713720403,
    "end": 1607713720451,
    "duration": 48,
    "pid": 3984,
    "index": 66
  },
  {
    "name": "Load Controller",
    "start": 1607713720459,
    "end": 1607713720462,
    "duration": 3,
    "pid": 3984,
    "index": 67
  },
  {
    "name": "Load \"controller\" to Application",
    "start": 1607713720459,
    "end": 1607713720462,
    "duration": 3,
    "pid": 3984,
    "index": 68
  },
  {
    "name": "Load Router",
    "start": 1607713720462,
    "end": 1607713720464,
    "duration": 2,
    "pid": 3984,
    "index": 69
  },
  {
    "name": "Require(51) app/router.js",
    "start": 1607713720462,
    "end": 1607713720462,
    "duration": 0,
    "pid": 3984,
    "index": 70
  },
  {
    "name": "Before Start in node_modules/egg-core/lib/egg.js:303:10",
    "start": 1607713720462,
    "end": 1607713720474,
    "duration": 12,
    "pid": 3984,
    "index": 71
  }
]