[
  {
    "name": "Process Start",
    "start": 1607712099468,
    "end": 1607712099995,
    "duration": 527,
    "pid": 1414,
    "index": 0
  },
  {
    "name": "Application Start",
    "start": 1607712099995,
    "end": 1607712100451,
    "duration": 456,
    "pid": 1414,
    "index": 1
  },
  {
    "name": "Load Plugin",
    "start": 1607712099998,
    "end": 1607712100005,
    "duration": 7,
    "pid": 1414,
    "index": 2
  },
  {
    "name": "Load Config",
    "start": 1607712100005,
    "end": 1607712100018,
    "duration": 13,
    "pid": 1414,
    "index": 3
  },
  {
    "name": "Require(0) config/config.default.js",
    "start": 1607712100005,
    "end": 1607712100005,
    "duration": 0,
    "pid": 1414,
    "index": 4
  },
  {
    "name": "Require(1) node_modules/egg-session/config/config.default.js",
    "start": 1607712100006,
    "end": 1607712100007,
    "duration": 1,
    "pid": 1414,
    "index": 5
  },
  {
    "name": "Require(2) node_modules/egg-security/config/config.default.js",
    "start": 1607712100007,
    "end": 1607712100007,
    "duration": 0,
    "pid": 1414,
    "index": 6
  },
  {
    "name": "Require(3) node_modules/egg-jsonp/config/config.default.js",
    "start": 1607712100008,
    "end": 1607712100008,
    "duration": 0,
    "pid": 1414,
    "index": 7
  },
  {
    "name": "Require(4) node_modules/egg-onerror/config/config.default.js",
    "start": 1607712100008,
    "end": 1607712100008,
    "duration": 0,
    "pid": 1414,
    "index": 8
  },
  {
    "name": "Require(5) node_modules/egg-i18n/config/config.default.js",
    "start": 1607712100009,
    "end": 1607712100009,
    "duration": 0,
    "pid": 1414,
    "index": 9
  },
  {
    "name": "Require(6) node_modules/egg-watcher/config/config.default.js",
    "start": 1607712100009,
    "end": 1607712100009,
    "duration": 0,
    "pid": 1414,
    "index": 10
  },
  {
    "name": "Require(7) node_modules/egg-schedule/config/config.default.js",
    "start": 1607712100010,
    "end": 1607712100010,
    "duration": 0,
    "pid": 1414,
    "index": 11
  },
  {
    "name": "Require(8) node_modules/egg-multipart/config/config.default.js",
    "start": 1607712100010,
    "end": 1607712100010,
    "duration": 0,
    "pid": 1414,
    "index": 12
  },
  {
    "name": "Require(9) node_modules/egg-development/config/config.default.js",
    "start": 1607712100011,
    "end": 1607712100011,
    "duration": 0,
    "pid": 1414,
    "index": 13
  },
  {
    "name": "Require(10) node_modules/egg-logrotator/config/config.default.js",
    "start": 1607712100011,
    "end": 1607712100011,
    "duration": 0,
    "pid": 1414,
    "index": 14
  },
  {
    "name": "Require(11) node_modules/egg-static/config/config.default.js",
    "start": 1607712100012,
    "end": 1607712100012,
    "duration": 0,
    "pid": 1414,
    "index": 15
  },
  {
    "name": "Require(12) node_modules/egg-view/config/config.default.js",
    "start": 1607712100012,
    "end": 1607712100012,
    "duration": 0,
    "pid": 1414,
    "index": 16
  },
  {
    "name": "Require(13) node_modules/egg-mysql/config/config.default.js",
    "start": 1607712100012,
    "end": 1607712100013,
    "duration": 1,
    "pid": 1414,
    "index": 17
  },
  {
    "name": "Require(14) node_modules/egg-cors/config/config.default.js",
    "start": 1607712100013,
    "end": 1607712100013,
    "duration": 0,
    "pid": 1414,
    "index": 18
  },
  {
    "name": "Require(15) node_modules/egg-jwt/config/config.default.js",
    "start": 1607712100013,
    "end": 1607712100013,
    "duration": 0,
    "pid": 1414,
    "index": 19
  },
  {
    "name": "Require(16) node_modules/egg/config/config.default.js",
    "start": 1607712100014,
    "end": 1607712100014,
    "duration": 0,
    "pid": 1414,
    "index": 20
  },
  {
    "name": "Require(17) config/config.default.js",
    "start": 1607712100015,
    "end": 1607712100015,
    "duration": 0,
    "pid": 1414,
    "index": 21
  },
  {
    "name": "Require(18) node_modules/egg-security/config/config.local.js",
    "start": 1607712100015,
    "end": 1607712100015,
    "duration": 0,
    "pid": 1414,
    "index": 22
  },
  {
    "name": "Require(19) node_modules/egg-watcher/config/config.local.js",
    "start": 1607712100016,
    "end": 1607712100016,
    "duration": 0,
    "pid": 1414,
    "index": 23
  },
  {
    "name": "Require(20) node_modules/egg-view/config/config.local.js",
    "start": 1607712100016,
    "end": 1607712100016,
    "duration": 0,
    "pid": 1414,
    "index": 24
  },
  {
    "name": "Require(21) node_modules/egg/config/config.local.js",
    "start": 1607712100017,
    "end": 1607712100017,
    "duration": 0,
    "pid": 1414,
    "index": 25
  },
  {
    "name": "Load extend/application.js",
    "start": 1607712100019,
    "end": 1607712100063,
    "duration": 44,
    "pid": 1414,
    "index": 26
  },
  {
    "name": "Require(22) node_modules/egg-session/app/extend/application.js",
    "start": 1607712100019,
    "end": 1607712100020,
    "duration": 1,
    "pid": 1414,
    "index": 27
  },
  {
    "name": "Require(23) node_modules/egg-security/app/extend/application.js",
    "start": 1607712100021,
    "end": 1607712100021,
    "duration": 0,
    "pid": 1414,
    "index": 28
  },
  {
    "name": "Require(24) node_modules/egg-jsonp/app/extend/application.js",
    "start": 1607712100022,
    "end": 1607712100022,
    "duration": 0,
    "pid": 1414,
    "index": 29
  },
  {
    "name": "Require(25) node_modules/egg-logrotator/app/extend/application.js",
    "start": 1607712100023,
    "end": 1607712100024,
    "duration": 1,
    "pid": 1414,
    "index": 30
  },
  {
    "name": "Require(26) node_modules/egg-view/app/extend/application.js",
    "start": 1607712100024,
    "end": 1607712100026,
    "duration": 2,
    "pid": 1414,
    "index": 31
  },
  {
    "name": "Require(27) node_modules/egg-jwt/app/extend/application.js",
    "start": 1607712100026,
    "end": 1607712100062,
    "duration": 36,
    "pid": 1414,
    "index": 32
  },
  {
    "name": "Load extend/request.js",
    "start": 1607712100063,
    "end": 1607712100067,
    "duration": 4,
    "pid": 1414,
    "index": 33
  },
  {
    "name": "Require(28) node_modules/egg/app/extend/request.js",
    "start": 1607712100064,
    "end": 1607712100065,
    "duration": 1,
    "pid": 1414,
    "index": 34
  },
  {
    "name": "Load extend/response.js",
    "start": 1607712100067,
    "end": 1607712100071,
    "duration": 4,
    "pid": 1414,
    "index": 35
  },
  {
    "name": "Require(29) node_modules/egg/app/extend/response.js",
    "start": 1607712100067,
    "end": 1607712100069,
    "duration": 2,
    "pid": 1414,
    "index": 36
  },
  {
    "name": "Load extend/context.js",
    "start": 1607712100071,
    "end": 1607712100110,
    "duration": 39,
    "pid": 1414,
    "index": 37
  },
  {
    "name": "Require(30) node_modules/egg-security/app/extend/context.js",
    "start": 1607712100071,
    "end": 1607712100077,
    "duration": 6,
    "pid": 1414,
    "index": 38
  },
  {
    "name": "Require(31) node_modules/egg-jsonp/app/extend/context.js",
    "start": 1607712100077,
    "end": 1607712100078,
    "duration": 1,
    "pid": 1414,
    "index": 39
  },
  {
    "name": "Require(32) node_modules/egg-i18n/app/extend/context.js",
    "start": 1607712100078,
    "end": 1607712100079,
    "duration": 1,
    "pid": 1414,
    "index": 40
  },
  {
    "name": "Require(33) node_modules/egg-multipart/app/extend/context.js",
    "start": 1607712100079,
    "end": 1607712100108,
    "duration": 29,
    "pid": 1414,
    "index": 41
  },
  {
    "name": "Require(34) node_modules/egg-view/app/extend/context.js",
    "start": 1607712100108,
    "end": 1607712100109,
    "duration": 1,
    "pid": 1414,
    "index": 42
  },
  {
    "name": "Require(35) node_modules/egg/app/extend/context.js",
    "start": 1607712100109,
    "end": 1607712100109,
    "duration": 0,
    "pid": 1414,
    "index": 43
  },
  {
    "name": "Load extend/helper.js",
    "start": 1607712100110,
    "end": 1607712100132,
    "duration": 22,
    "pid": 1414,
    "index": 44
  },
  {
    "name": "Require(36) node_modules/egg-security/app/extend/helper.js",
    "start": 1607712100110,
    "end": 1607712100129,
    "duration": 19,
    "pid": 1414,
    "index": 45
  },
  {
    "name": "Require(37) node_modules/egg/app/extend/helper.js",
    "start": 1607712100130,
    "end": 1607712100130,
    "duration": 0,
    "pid": 1414,
    "index": 46
  },
  {
    "name": "Load app.js",
    "start": 1607712100132,
    "end": 1607712100174,
    "duration": 42,
    "pid": 1414,
    "index": 47
  },
  {
    "name": "Require(38) node_modules/egg-session/app.js",
    "start": 1607712100132,
    "end": 1607712100133,
    "duration": 1,
    "pid": 1414,
    "index": 48
  },
  {
    "name": "Require(39) node_modules/egg-security/app.js",
    "start": 1607712100133,
    "end": 1607712100134,
    "duration": 1,
    "pid": 1414,
    "index": 49
  },
  {
    "name": "Require(40) node_modules/egg-onerror/app.js",
    "start": 1607712100135,
    "end": 1607712100145,
    "duration": 10,
    "pid": 1414,
    "index": 50
  },
  {
    "name": "Require(41) node_modules/egg-i18n/app.js",
    "start": 1607712100146,
    "end": 1607712100159,
    "duration": 13,
    "pid": 1414,
    "index": 51
  },
  {
    "name": "Require(42) node_modules/egg-watcher/app.js",
    "start": 1607712100159,
    "end": 1607712100160,
    "duration": 1,
    "pid": 1414,
    "index": 52
  },
  {
    "name": "Require(43) node_modules/egg-schedule/app.js",
    "start": 1607712100161,
    "end": 1607712100162,
    "duration": 1,
    "pid": 1414,
    "index": 53
  },
  {
    "name": "Require(44) node_modules/egg-multipart/app.js",
    "start": 1607712100162,
    "end": 1607712100163,
    "duration": 1,
    "pid": 1414,
    "index": 54
  },
  {
    "name": "Require(45) node_modules/egg-development/app.js",
    "start": 1607712100163,
    "end": 1607712100163,
    "duration": 0,
    "pid": 1414,
    "index": 55
  },
  {
    "name": "Require(46) node_modules/egg-logrotator/app.js",
    "start": 1607712100164,
    "end": 1607712100164,
    "duration": 0,
    "pid": 1414,
    "index": 56
  },
  {
    "name": "Require(47) node_modules/egg-static/app.js",
    "start": 1607712100164,
    "end": 1607712100165,
    "duration": 1,
    "pid": 1414,
    "index": 57
  },
  {
    "name": "Require(48) node_modules/egg-mysql/app.js",
    "start": 1607712100165,
    "end": 1607712100172,
    "duration": 7,
    "pid": 1414,
    "index": 58
  },
  {
    "name": "Require(49) node_modules/egg-cors/app.js",
    "start": 1607712100172,
    "end": 1607712100173,
    "duration": 1,
    "pid": 1414,
    "index": 59
  },
  {
    "name": "Require(50) node_modules/egg-jwt/app.js",
    "start": 1607712100173,
    "end": 1607712100174,
    "duration": 1,
    "pid": 1414,
    "index": 60
  },
  {
    "name": "Before Start in node_modules/egg-watcher/lib/init.js:15:14",
    "start": 1607712100182,
    "end": 1607712100444,
    "duration": 262,
    "pid": 1414,
    "index": 61
  },
  {
    "name": "Before Start in node_modules/egg-mysql/lib/mysql.js:20:7",
    "start": 1607712100290,
    "end": 1607712100451,
    "duration": 161,
    "pid": 1414,
    "index": 62
  },
  {
    "name": "Load Service",
    "start": 1607712100290,
    "end": 1607712100295,
    "duration": 5,
    "pid": 1414,
    "index": 63
  },
  {
    "name": "Load \"service\" to Context",
    "start": 1607712100290,
    "end": 1607712100295,
    "duration": 5,
    "pid": 1414,
    "index": 64
  },
  {
    "name": "Load Middleware",
    "start": 1607712100296,
    "end": 1607712100417,
    "duration": 121,
    "pid": 1414,
    "index": 65
  },
  {
    "name": "Load \"middlewares\" to Application",
    "start": 1607712100296,
    "end": 1607712100407,
    "duration": 111,
    "pid": 1414,
    "index": 66
  },
  {
    "name": "Load Controller",
    "start": 1607712100417,
    "end": 1607712100421,
    "duration": 4,
    "pid": 1414,
    "index": 67
  },
  {
    "name": "Load \"controller\" to Application",
    "start": 1607712100417,
    "end": 1607712100421,
    "duration": 4,
    "pid": 1414,
    "index": 68
  },
  {
    "name": "Load Router",
    "start": 1607712100421,
    "end": 1607712100424,
    "duration": 3,
    "pid": 1414,
    "index": 69
  },
  {
    "name": "Require(51) app/router.js",
    "start": 1607712100422,
    "end": 1607712100422,
    "duration": 0,
    "pid": 1414,
    "index": 70
  },
  {
    "name": "Before Start in node_modules/egg-core/lib/egg.js:303:10",
    "start": 1607712100423,
    "end": 1607712100434,
    "duration": 11,
    "pid": 1414,
    "index": 71
  }
]