[
  {
    "name": "Process Start",
    "start": 1607714451988,
    "end": 1607714452521,
    "duration": 533,
    "pid": 5112,
    "index": 0
  },
  {
    "name": "Application Start",
    "start": 1607714452521,
    "end": 1607714452798,
    "duration": 277,
    "pid": 5112,
    "index": 1
  },
  {
    "name": "Load Plugin",
    "start": 1607714452524,
    "end": 1607714452531,
    "duration": 7,
    "pid": 5112,
    "index": 2
  },
  {
    "name": "Load Config",
    "start": 1607714452531,
    "end": 1607714452543,
    "duration": 12,
    "pid": 5112,
    "index": 3
  },
  {
    "name": "Require(0) config/config.default.js",
    "start": 1607714452532,
    "end": 1607714452532,
    "duration": 0,
    "pid": 5112,
    "index": 4
  },
  {
    "name": "Require(1) node_modules/egg-session/config/config.default.js",
    "start": 1607714452533,
    "end": 1607714452533,
    "duration": 0,
    "pid": 5112,
    "index": 5
  },
  {
    "name": "Require(2) node_modules/egg-security/config/config.default.js",
    "start": 1607714452533,
    "end": 1607714452534,
    "duration": 1,
    "pid": 5112,
    "index": 6
  },
  {
    "name": "Require(3) node_modules/egg-jsonp/config/config.default.js",
    "start": 1607714452534,
    "end": 1607714452535,
    "duration": 1,
    "pid": 5112,
    "index": 7
  },
  {
    "name": "Require(4) node_modules/egg-onerror/config/config.default.js",
    "start": 1607714452535,
    "end": 1607714452535,
    "duration": 0,
    "pid": 5112,
    "index": 8
  },
  {
    "name": "Require(5) node_modules/egg-i18n/config/config.default.js",
    "start": 1607714452535,
    "end": 1607714452535,
    "duration": 0,
    "pid": 5112,
    "index": 9
  },
  {
    "name": "Require(6) node_modules/egg-watcher/config/config.default.js",
    "start": 1607714452536,
    "end": 1607714452536,
    "duration": 0,
    "pid": 5112,
    "index": 10
  },
  {
    "name": "Require(7) node_modules/egg-schedule/config/config.default.js",
    "start": 1607714452536,
    "end": 1607714452536,
    "duration": 0,
    "pid": 5112,
    "index": 11
  },
  {
    "name": "Require(8) node_modules/egg-multipart/config/config.default.js",
    "start": 1607714452536,
    "end": 1607714452537,
    "duration": 1,
    "pid": 5112,
    "index": 12
  },
  {
    "name": "Require(9) node_modules/egg-development/config/config.default.js",
    "start": 1607714452537,
    "end": 1607714452538,
    "duration": 1,
    "pid": 5112,
    "index": 13
  },
  {
    "name": "Require(10) node_modules/egg-logrotator/config/config.default.js",
    "start": 1607714452538,
    "end": 1607714452538,
    "duration": 0,
    "pid": 5112,
    "index": 14
  },
  {
    "name": "Require(11) node_modules/egg-static/config/config.default.js",
    "start": 1607714452538,
    "end": 1607714452538,
    "duration": 0,
    "pid": 5112,
    "index": 15
  },
  {
    "name": "Require(12) node_modules/egg-view/config/config.default.js",
    "start": 1607714452539,
    "end": 1607714452539,
    "duration": 0,
    "pid": 5112,
    "index": 16
  },
  {
    "name": "Require(13) node_modules/egg-mysql/config/config.default.js",
    "start": 1607714452539,
    "end": 1607714452539,
    "duration": 0,
    "pid": 5112,
    "index": 17
  },
  {
    "name": "Require(14) node_modules/egg-cors/config/config.default.js",
    "start": 1607714452540,
    "end": 1607714452540,
    "duration": 0,
    "pid": 5112,
    "index": 18
  },
  {
    "name": "Require(15) node_modules/egg-jwt/config/config.default.js",
    "start": 1607714452540,
    "end": 1607714452540,
    "duration": 0,
    "pid": 5112,
    "index": 19
  },
  {
    "name": "Require(16) node_modules/egg/config/config.default.js",
    "start": 1607714452540,
    "end": 1607714452541,
    "duration": 1,
    "pid": 5112,
    "index": 20
  },
  {
    "name": "Require(17) config/config.default.js",
    "start": 1607714452541,
    "end": 1607714452541,
    "duration": 0,
    "pid": 5112,
    "index": 21
  },
  {
    "name": "Require(18) node_modules/egg-security/config/config.local.js",
    "start": 1607714452542,
    "end": 1607714452542,
    "duration": 0,
    "pid": 5112,
    "index": 22
  },
  {
    "name": "Require(19) node_modules/egg-watcher/config/config.local.js",
    "start": 1607714452542,
    "end": 1607714452542,
    "duration": 0,
    "pid": 5112,
    "index": 23
  },
  {
    "name": "Require(20) node_modules/egg-view/config/config.local.js",
    "start": 1607714452543,
    "end": 1607714452543,
    "duration": 0,
    "pid": 5112,
    "index": 24
  },
  {
    "name": "Require(21) node_modules/egg/config/config.local.js",
    "start": 1607714452543,
    "end": 1607714452543,
    "duration": 0,
    "pid": 5112,
    "index": 25
  },
  {
    "name": "Load extend/application.js",
    "start": 1607714452544,
    "end": 1607714452568,
    "duration": 24,
    "pid": 5112,
    "index": 26
  },
  {
    "name": "Require(22) node_modules/egg-session/app/extend/application.js",
    "start": 1607714452544,
    "end": 1607714452545,
    "duration": 1,
    "pid": 5112,
    "index": 27
  },
  {
    "name": "Require(23) node_modules/egg-security/app/extend/application.js",
    "start": 1607714452545,
    "end": 1607714452545,
    "duration": 0,
    "pid": 5112,
    "index": 28
  },
  {
    "name": "Require(24) node_modules/egg-jsonp/app/extend/application.js",
    "start": 1607714452546,
    "end": 1607714452546,
    "duration": 0,
    "pid": 5112,
    "index": 29
  },
  {
    "name": "Require(25) node_modules/egg-logrotator/app/extend/application.js",
    "start": 1607714452547,
    "end": 1607714452548,
    "duration": 1,
    "pid": 5112,
    "index": 30
  },
  {
    "name": "Require(26) node_modules/egg-view/app/extend/application.js",
    "start": 1607714452548,
    "end": 1607714452548,
    "duration": 0,
    "pid": 5112,
    "index": 31
  },
  {
    "name": "Require(27) node_modules/egg-jwt/app/extend/application.js",
    "start": 1607714452549,
    "end": 1607714452567,
    "duration": 18,
    "pid": 5112,
    "index": 32
  },
  {
    "name": "Load extend/request.js",
    "start": 1607714452568,
    "end": 1607714452571,
    "duration": 3,
    "pid": 5112,
    "index": 33
  },
  {
    "name": "Require(28) node_modules/egg/app/extend/request.js",
    "start": 1607714452569,
    "end": 1607714452570,
    "duration": 1,
    "pid": 5112,
    "index": 34
  },
  {
    "name": "Load extend/response.js",
    "start": 1607714452571,
    "end": 1607714452573,
    "duration": 2,
    "pid": 5112,
    "index": 35
  },
  {
    "name": "Require(29) node_modules/egg/app/extend/response.js",
    "start": 1607714452571,
    "end": 1607714452572,
    "duration": 1,
    "pid": 5112,
    "index": 36
  },
  {
    "name": "Load extend/context.js",
    "start": 1607714452573,
    "end": 1607714452610,
    "duration": 37,
    "pid": 5112,
    "index": 37
  },
  {
    "name": "Require(30) node_modules/egg-security/app/extend/context.js",
    "start": 1607714452573,
    "end": 1607714452578,
    "duration": 5,
    "pid": 5112,
    "index": 38
  },
  {
    "name": "Require(31) node_modules/egg-jsonp/app/extend/context.js",
    "start": 1607714452578,
    "end": 1607714452579,
    "duration": 1,
    "pid": 5112,
    "index": 39
  },
  {
    "name": "Require(32) node_modules/egg-i18n/app/extend/context.js",
    "start": 1607714452579,
    "end": 1607714452580,
    "duration": 1,
    "pid": 5112,
    "index": 40
  },
  {
    "name": "Require(33) node_modules/egg-multipart/app/extend/context.js",
    "start": 1607714452580,
    "end": 1607714452607,
    "duration": 27,
    "pid": 5112,
    "index": 41
  },
  {
    "name": "Require(34) node_modules/egg-view/app/extend/context.js",
    "start": 1607714452608,
    "end": 1607714452608,
    "duration": 0,
    "pid": 5112,
    "index": 42
  },
  {
    "name": "Require(35) node_modules/egg/app/extend/context.js",
    "start": 1607714452608,
    "end": 1607714452609,
    "duration": 1,
    "pid": 5112,
    "index": 43
  },
  {
    "name": "Load extend/helper.js",
    "start": 1607714452610,
    "end": 1607714452620,
    "duration": 10,
    "pid": 5112,
    "index": 44
  },
  {
    "name": "Require(36) node_modules/egg-security/app/extend/helper.js",
    "start": 1607714452610,
    "end": 1607714452618,
    "duration": 8,
    "pid": 5112,
    "index": 45
  },
  {
    "name": "Require(37) node_modules/egg/app/extend/helper.js",
    "start": 1607714452619,
    "end": 1607714452619,
    "duration": 0,
    "pid": 5112,
    "index": 46
  },
  {
    "name": "Load app.js",
    "start": 1607714452620,
    "end": 1607714452643,
    "duration": 23,
    "pid": 5112,
    "index": 47
  },
  {
    "name": "Require(38) node_modules/egg-session/app.js",
    "start": 1607714452620,
    "end": 1607714452621,
    "duration": 1,
    "pid": 5112,
    "index": 48
  },
  {
    "name": "Require(39) node_modules/egg-security/app.js",
    "start": 1607714452621,
    "end": 1607714452621,
    "duration": 0,
    "pid": 5112,
    "index": 49
  },
  {
    "name": "Require(40) node_modules/egg-onerror/app.js",
    "start": 1607714452621,
    "end": 1607714452625,
    "duration": 4,
    "pid": 5112,
    "index": 50
  },
  {
    "name": "Require(41) node_modules/egg-i18n/app.js",
    "start": 1607714452625,
    "end": 1607714452631,
    "duration": 6,
    "pid": 5112,
    "index": 51
  },
  {
    "name": "Require(42) node_modules/egg-watcher/app.js",
    "start": 1607714452631,
    "end": 1607714452633,
    "duration": 2,
    "pid": 5112,
    "index": 52
  },
  {
    "name": "Require(43) node_modules/egg-schedule/app.js",
    "start": 1607714452633,
    "end": 1607714452633,
    "duration": 0,
    "pid": 5112,
    "index": 53
  },
  {
    "name": "Require(44) node_modules/egg-multipart/app.js",
    "start": 1607714452633,
    "end": 1607714452634,
    "duration": 1,
    "pid": 5112,
    "index": 54
  },
  {
    "name": "Require(45) node_modules/egg-development/app.js",
    "start": 1607714452634,
    "end": 1607714452634,
    "duration": 0,
    "pid": 5112,
    "index": 55
  },
  {
    "name": "Require(46) node_modules/egg-logrotator/app.js",
    "start": 1607714452634,
    "end": 1607714452635,
    "duration": 1,
    "pid": 5112,
    "index": 56
  },
  {
    "name": "Require(47) node_modules/egg-static/app.js",
    "start": 1607714452635,
    "end": 1607714452635,
    "duration": 0,
    "pid": 5112,
    "index": 57
  },
  {
    "name": "Require(48) node_modules/egg-mysql/app.js",
    "start": 1607714452635,
    "end": 1607714452642,
    "duration": 7,
    "pid": 5112,
    "index": 58
  },
  {
    "name": "Require(49) node_modules/egg-cors/app.js",
    "start": 1607714452642,
    "end": 1607714452642,
    "duration": 0,
    "pid": 5112,
    "index": 59
  },
  {
    "name": "Require(50) node_modules/egg-jwt/app.js",
    "start": 1607714452642,
    "end": 1607714452643,
    "duration": 1,
    "pid": 5112,
    "index": 60
  },
  {
    "name": "Before Start in node_modules/egg-watcher/lib/init.js:15:14",
    "start": 1607714452649,
    "end": 1607714452795,
    "duration": 146,
    "pid": 5112,
    "index": 61
  },
  {
    "name": "Before Start in node_modules/egg-mysql/lib/mysql.js:20:7",
    "start": 1607714452715,
    "end": 1607714452798,
    "duration": 83,
    "pid": 5112,
    "index": 62
  },
  {
    "name": "Load Service",
    "start": 1607714452715,
    "end": 1607714452719,
    "duration": 4,
    "pid": 5112,
    "index": 63
  },
  {
    "name": "Load \"service\" to Context",
    "start": 1607714452715,
    "end": 1607714452719,
    "duration": 4,
    "pid": 5112,
    "index": 64
  },
  {
    "name": "Load Middleware",
    "start": 1607714452720,
    "end": 1607714452772,
    "duration": 52,
    "pid": 5112,
    "index": 65
  },
  {
    "name": "Load \"middlewares\" to Application",
    "start": 1607714452720,
    "end": 1607714452765,
    "duration": 45,
    "pid": 5112,
    "index": 66
  },
  {
    "name": "Load Controller",
    "start": 1607714452772,
    "end": 1607714452774,
    "duration": 2,
    "pid": 5112,
    "index": 67
  },
  {
    "name": "Load \"controller\" to Application",
    "start": 1607714452772,
    "end": 1607714452774,
    "duration": 2,
    "pid": 5112,
    "index": 68
  },
  {
    "name": "Load Router",
    "start": 1607714452774,
    "end": 1607714452776,
    "duration": 2,
    "pid": 5112,
    "index": 69
  },
  {
    "name": "Require(51) app/router.js",
    "start": 1607714452775,
    "end": 1607714452775,
    "duration": 0,
    "pid": 5112,
    "index": 70
  },
  {
    "name": "Before Start in node_modules/egg-core/lib/egg.js:303:10",
    "start": 1607714452775,
    "end": 1607714452786,
    "duration": 11,
    "pid": 5112,
    "index": 71
  }
]