[
  {
    "name": "Process Start",
    "start": 1607714442855,
    "end": 1607714443655,
    "duration": 800,
    "pid": 5099,
    "index": 0
  },
  {
    "name": "Application Start",
    "start": 1607714443656,
    "end": 1607714444077,
    "duration": 421,
    "pid": 5099,
    "index": 1
  },
  {
    "name": "Load Plugin",
    "start": 1607714443659,
    "end": 1607714443672,
    "duration": 13,
    "pid": 5099,
    "index": 2
  },
  {
    "name": "Load Config",
    "start": 1607714443673,
    "end": 1607714443693,
    "duration": 20,
    "pid": 5099,
    "index": 3
  },
  {
    "name": "Require(0) config/config.default.js",
    "start": 1607714443673,
    "end": 1607714443674,
    "duration": 1,
    "pid": 5099,
    "index": 4
  },
  {
    "name": "Require(1) node_modules/egg-session/config/config.default.js",
    "start": 1607714443675,
    "end": 1607714443675,
    "duration": 0,
    "pid": 5099,
    "index": 5
  },
  {
    "name": "Require(2) node_modules/egg-security/config/config.default.js",
    "start": 1607714443675,
    "end": 1607714443676,
    "duration": 1,
    "pid": 5099,
    "index": 6
  },
  {
    "name": "Require(3) node_modules/egg-jsonp/config/config.default.js",
    "start": 1607714443677,
    "end": 1607714443677,
    "duration": 0,
    "pid": 5099,
    "index": 7
  },
  {
    "name": "Require(4) node_modules/egg-onerror/config/config.default.js",
    "start": 1607714443677,
    "end": 1607714443678,
    "duration": 1,
    "pid": 5099,
    "index": 8
  },
  {
    "name": "Require(5) node_modules/egg-i18n/config/config.default.js",
    "start": 1607714443678,
    "end": 1607714443679,
    "duration": 1,
    "pid": 5099,
    "index": 9
  },
  {
    "name": "Require(6) node_modules/egg-watcher/config/config.default.js",
    "start": 1607714443679,
    "end": 1607714443680,
    "duration": 1,
    "pid": 5099,
    "index": 10
  },
  {
    "name": "Require(7) node_modules/egg-schedule/config/config.default.js",
    "start": 1607714443680,
    "end": 1607714443680,
    "duration": 0,
    "pid": 5099,
    "index": 11
  },
  {
    "name": "Require(8) node_modules/egg-multipart/config/config.default.js",
    "start": 1607714443681,
    "end": 1607714443681,
    "duration": 0,
    "pid": 5099,
    "index": 12
  },
  {
    "name": "Require(9) node_modules/egg-development/config/config.default.js",
    "start": 1607714443682,
    "end": 1607714443682,
    "duration": 0,
    "pid": 5099,
    "index": 13
  },
  {
    "name": "Require(10) node_modules/egg-logrotator/config/config.default.js",
    "start": 1607714443682,
    "end": 1607714443683,
    "duration": 1,
    "pid": 5099,
    "index": 14
  },
  {
    "name": "Require(11) node_modules/egg-static/config/config.default.js",
    "start": 1607714443683,
    "end": 1607714443684,
    "duration": 1,
    "pid": 5099,
    "index": 15
  },
  {
    "name": "Require(12) node_modules/egg-view/config/config.default.js",
    "start": 1607714443684,
    "end": 1607714443685,
    "duration": 1,
    "pid": 5099,
    "index": 16
  },
  {
    "name": "Require(13) node_modules/egg-mysql/config/config.default.js",
    "start": 1607714443685,
    "end": 1607714443686,
    "duration": 1,
    "pid": 5099,
    "index": 17
  },
  {
    "name": "Require(14) node_modules/egg-cors/config/config.default.js",
    "start": 1607714443686,
    "end": 1607714443687,
    "duration": 1,
    "pid": 5099,
    "index": 18
  },
  {
    "name": "Require(15) node_modules/egg-jwt/config/config.default.js",
    "start": 1607714443687,
    "end": 1607714443687,
    "duration": 0,
    "pid": 5099,
    "index": 19
  },
  {
    "name": "Require(16) node_modules/egg/config/config.default.js",
    "start": 1607714443687,
    "end": 1607714443688,
    "duration": 1,
    "pid": 5099,
    "index": 20
  },
  {
    "name": "Require(17) config/config.default.js",
    "start": 1607714443689,
    "end": 1607714443689,
    "duration": 0,
    "pid": 5099,
    "index": 21
  },
  {
    "name": "Require(18) node_modules/egg-security/config/config.local.js",
    "start": 1607714443690,
    "end": 1607714443690,
    "duration": 0,
    "pid": 5099,
    "index": 22
  },
  {
    "name": "Require(19) node_modules/egg-watcher/config/config.local.js",
    "start": 1607714443690,
    "end": 1607714443691,
    "duration": 1,
    "pid": 5099,
    "index": 23
  },
  {
    "name": "Require(20) node_modules/egg-view/config/config.local.js",
    "start": 1607714443691,
    "end": 1607714443692,
    "duration": 1,
    "pid": 5099,
    "index": 24
  },
  {
    "name": "Require(21) node_modules/egg/config/config.local.js",
    "start": 1607714443692,
    "end": 1607714443693,
    "duration": 1,
    "pid": 5099,
    "index": 25
  },
  {
    "name": "Load extend/application.js",
    "start": 1607714443694,
    "end": 1607714443731,
    "duration": 37,
    "pid": 5099,
    "index": 26
  },
  {
    "name": "Require(22) node_modules/egg-session/app/extend/application.js",
    "start": 1607714443694,
    "end": 1607714443695,
    "duration": 1,
    "pid": 5099,
    "index": 27
  },
  {
    "name": "Require(23) node_modules/egg-security/app/extend/application.js",
    "start": 1607714443695,
    "end": 1607714443696,
    "duration": 1,
    "pid": 5099,
    "index": 28
  },
  {
    "name": "Require(24) node_modules/egg-jsonp/app/extend/application.js",
    "start": 1607714443696,
    "end": 1607714443697,
    "duration": 1,
    "pid": 5099,
    "index": 29
  },
  {
    "name": "Require(25) node_modules/egg-logrotator/app/extend/application.js",
    "start": 1607714443697,
    "end": 1607714443699,
    "duration": 2,
    "pid": 5099,
    "index": 30
  },
  {
    "name": "Require(26) node_modules/egg-view/app/extend/application.js",
    "start": 1607714443699,
    "end": 1607714443700,
    "duration": 1,
    "pid": 5099,
    "index": 31
  },
  {
    "name": "Require(27) node_modules/egg-jwt/app/extend/application.js",
    "start": 1607714443700,
    "end": 1607714443730,
    "duration": 30,
    "pid": 5099,
    "index": 32
  },
  {
    "name": "Load extend/request.js",
    "start": 1607714443731,
    "end": 1607714443734,
    "duration": 3,
    "pid": 5099,
    "index": 33
  },
  {
    "name": "Require(28) node_modules/egg/app/extend/request.js",
    "start": 1607714443732,
    "end": 1607714443733,
    "duration": 1,
    "pid": 5099,
    "index": 34
  },
  {
    "name": "Load extend/response.js",
    "start": 1607714443734,
    "end": 1607714443737,
    "duration": 3,
    "pid": 5099,
    "index": 35
  },
  {
    "name": "Require(29) node_modules/egg/app/extend/response.js",
    "start": 1607714443735,
    "end": 1607714443736,
    "duration": 1,
    "pid": 5099,
    "index": 36
  },
  {
    "name": "Load extend/context.js",
    "start": 1607714443737,
    "end": 1607714443796,
    "duration": 59,
    "pid": 5099,
    "index": 37
  },
  {
    "name": "Require(30) node_modules/egg-security/app/extend/context.js",
    "start": 1607714443737,
    "end": 1607714443749,
    "duration": 12,
    "pid": 5099,
    "index": 38
  },
  {
    "name": "Require(31) node_modules/egg-jsonp/app/extend/context.js",
    "start": 1607714443750,
    "end": 1607714443751,
    "duration": 1,
    "pid": 5099,
    "index": 39
  },
  {
    "name": "Require(32) node_modules/egg-i18n/app/extend/context.js",
    "start": 1607714443751,
    "end": 1607714443753,
    "duration": 2,
    "pid": 5099,
    "index": 40
  },
  {
    "name": "Require(33) node_modules/egg-multipart/app/extend/context.js",
    "start": 1607714443753,
    "end": 1607714443792,
    "duration": 39,
    "pid": 5099,
    "index": 41
  },
  {
    "name": "Require(34) node_modules/egg-view/app/extend/context.js",
    "start": 1607714443793,
    "end": 1607714443794,
    "duration": 1,
    "pid": 5099,
    "index": 42
  },
  {
    "name": "Require(35) node_modules/egg/app/extend/context.js",
    "start": 1607714443794,
    "end": 1607714443795,
    "duration": 1,
    "pid": 5099,
    "index": 43
  },
  {
    "name": "Load extend/helper.js",
    "start": 1607714443796,
    "end": 1607714443811,
    "duration": 15,
    "pid": 5099,
    "index": 44
  },
  {
    "name": "Require(36) node_modules/egg-security/app/extend/helper.js",
    "start": 1607714443796,
    "end": 1607714443809,
    "duration": 13,
    "pid": 5099,
    "index": 45
  },
  {
    "name": "Require(37) node_modules/egg/app/extend/helper.js",
    "start": 1607714443810,
    "end": 1607714443810,
    "duration": 0,
    "pid": 5099,
    "index": 46
  },
  {
    "name": "Load app.js",
    "start": 1607714443811,
    "end": 1607714443852,
    "duration": 41,
    "pid": 5099,
    "index": 47
  },
  {
    "name": "Require(38) node_modules/egg-session/app.js",
    "start": 1607714443811,
    "end": 1607714443812,
    "duration": 1,
    "pid": 5099,
    "index": 48
  },
  {
    "name": "Require(39) node_modules/egg-security/app.js",
    "start": 1607714443812,
    "end": 1607714443814,
    "duration": 2,
    "pid": 5099,
    "index": 49
  },
  {
    "name": "Require(40) node_modules/egg-onerror/app.js",
    "start": 1607714443814,
    "end": 1607714443821,
    "duration": 7,
    "pid": 5099,
    "index": 50
  },
  {
    "name": "Require(41) node_modules/egg-i18n/app.js",
    "start": 1607714443821,
    "end": 1607714443832,
    "duration": 11,
    "pid": 5099,
    "index": 51
  },
  {
    "name": "Require(42) node_modules/egg-watcher/app.js",
    "start": 1607714443832,
    "end": 1607714443835,
    "duration": 3,
    "pid": 5099,
    "index": 52
  },
  {
    "name": "Require(43) node_modules/egg-schedule/app.js",
    "start": 1607714443835,
    "end": 1607714443837,
    "duration": 2,
    "pid": 5099,
    "index": 53
  },
  {
    "name": "Require(44) node_modules/egg-multipart/app.js",
    "start": 1607714443837,
    "end": 1607714443837,
    "duration": 0,
    "pid": 5099,
    "index": 54
  },
  {
    "name": "Require(45) node_modules/egg-development/app.js",
    "start": 1607714443837,
    "end": 1607714443838,
    "duration": 1,
    "pid": 5099,
    "index": 55
  },
  {
    "name": "Require(46) node_modules/egg-logrotator/app.js",
    "start": 1607714443838,
    "end": 1607714443838,
    "duration": 0,
    "pid": 5099,
    "index": 56
  },
  {
    "name": "Require(47) node_modules/egg-static/app.js",
    "start": 1607714443838,
    "end": 1607714443839,
    "duration": 1,
    "pid": 5099,
    "index": 57
  },
  {
    "name": "Require(48) node_modules/egg-mysql/app.js",
    "start": 1607714443839,
    "end": 1607714443851,
    "duration": 12,
    "pid": 5099,
    "index": 58
  },
  {
    "name": "Require(49) node_modules/egg-cors/app.js",
    "start": 1607714443851,
    "end": 1607714443852,
    "duration": 1,
    "pid": 5099,
    "index": 59
  },
  {
    "name": "Require(50) node_modules/egg-jwt/app.js",
    "start": 1607714443852,
    "end": 1607714443852,
    "duration": 0,
    "pid": 5099,
    "index": 60
  },
  {
    "name": "Before Start in node_modules/egg-watcher/lib/init.js:15:14",
    "start": 1607714443859,
    "end": 1607714444074,
    "duration": 215,
    "pid": 5099,
    "index": 61
  },
  {
    "name": "Before Start in node_modules/egg-mysql/lib/mysql.js:20:7",
    "start": 1607714443953,
    "end": 1607714444076,
    "duration": 123,
    "pid": 5099,
    "index": 62
  },
  {
    "name": "Load Service",
    "start": 1607714443953,
    "end": 1607714443958,
    "duration": 5,
    "pid": 5099,
    "index": 63
  },
  {
    "name": "Load \"service\" to Context",
    "start": 1607714443953,
    "end": 1607714443958,
    "duration": 5,
    "pid": 5099,
    "index": 64
  },
  {
    "name": "Load Middleware",
    "start": 1607714443958,
    "end": 1607714444049,
    "duration": 91,
    "pid": 5099,
    "index": 65
  },
  {
    "name": "Load \"middlewares\" to Application",
    "start": 1607714443958,
    "end": 1607714444038,
    "duration": 80,
    "pid": 5099,
    "index": 66
  },
  {
    "name": "Load Controller",
    "start": 1607714444049,
    "end": 1607714444053,
    "duration": 4,
    "pid": 5099,
    "index": 67
  },
  {
    "name": "Load \"controller\" to Application",
    "start": 1607714444049,
    "end": 1607714444053,
    "duration": 4,
    "pid": 5099,
    "index": 68
  },
  {
    "name": "Load Router",
    "start": 1607714444053,
    "end": 1607714444055,
    "duration": 2,
    "pid": 5099,
    "index": 69
  },
  {
    "name": "Require(51) app/router.js",
    "start": 1607714444053,
    "end": 1607714444053,
    "duration": 0,
    "pid": 5099,
    "index": 70
  },
  {
    "name": "Before Start in node_modules/egg-core/lib/egg.js:303:10",
    "start": 1607714444054,
    "end": 1607714444065,
    "duration": 11,
    "pid": 5099,
    "index": 71
  }
]