[
  {
    "name": "Process Start",
    "start": 1607712492932,
    "end": 1607712493835,
    "duration": 903,
    "pid": 2083,
    "index": 0
  },
  {
    "name": "Application Start",
    "start": 1607712493835,
    "end": 1607712494288,
    "duration": 453,
    "pid": 2083,
    "index": 1
  },
  {
    "name": "Load Plugin",
    "start": 1607712493845,
    "end": 1607712493856,
    "duration": 11,
    "pid": 2083,
    "index": 2
  },
  {
    "name": "Load Config",
    "start": 1607712493856,
    "end": 1607712493878,
    "duration": 22,
    "pid": 2083,
    "index": 3
  },
  {
    "name": "Require(0) config/config.default.js",
    "start": 1607712493857,
    "end": 1607712493857,
    "duration": 0,
    "pid": 2083,
    "index": 4
  },
  {
    "name": "Require(1) node_modules/egg-session/config/config.default.js",
    "start": 1607712493858,
    "end": 1607712493859,
    "duration": 1,
    "pid": 2083,
    "index": 5
  },
  {
    "name": "Require(2) node_modules/egg-security/config/config.default.js",
    "start": 1607712493859,
    "end": 1607712493860,
    "duration": 1,
    "pid": 2083,
    "index": 6
  },
  {
    "name": "Require(3) node_modules/egg-jsonp/config/config.default.js",
    "start": 1607712493861,
    "end": 1607712493862,
    "duration": 1,
    "pid": 2083,
    "index": 7
  },
  {
    "name": "Require(4) node_modules/egg-onerror/config/config.default.js",
    "start": 1607712493862,
    "end": 1607712493862,
    "duration": 0,
    "pid": 2083,
    "index": 8
  },
  {
    "name": "Require(5) node_modules/egg-i18n/config/config.default.js",
    "start": 1607712493863,
    "end": 1607712493863,
    "duration": 0,
    "pid": 2083,
    "index": 9
  },
  {
    "name": "Require(6) node_modules/egg-watcher/config/config.default.js",
    "start": 1607712493864,
    "end": 1607712493864,
    "duration": 0,
    "pid": 2083,
    "index": 10
  },
  {
    "name": "Require(7) node_modules/egg-schedule/config/config.default.js",
    "start": 1607712493865,
    "end": 1607712493865,
    "duration": 0,
    "pid": 2083,
    "index": 11
  },
  {
    "name": "Require(8) node_modules/egg-multipart/config/config.default.js",
    "start": 1607712493865,
    "end": 1607712493866,
    "duration": 1,
    "pid": 2083,
    "index": 12
  },
  {
    "name": "Require(9) node_modules/egg-development/config/config.default.js",
    "start": 1607712493866,
    "end": 1607712493867,
    "duration": 1,
    "pid": 2083,
    "index": 13
  },
  {
    "name": "Require(10) node_modules/egg-logrotator/config/config.default.js",
    "start": 1607712493867,
    "end": 1607712493868,
    "duration": 1,
    "pid": 2083,
    "index": 14
  },
  {
    "name": "Require(11) node_modules/egg-static/config/config.default.js",
    "start": 1607712493868,
    "end": 1607712493869,
    "duration": 1,
    "pid": 2083,
    "index": 15
  },
  {
    "name": "Require(12) node_modules/egg-view/config/config.default.js",
    "start": 1607712493869,
    "end": 1607712493870,
    "duration": 1,
    "pid": 2083,
    "index": 16
  },
  {
    "name": "Require(13) node_modules/egg-mysql/config/config.default.js",
    "start": 1607712493870,
    "end": 1607712493871,
    "duration": 1,
    "pid": 2083,
    "index": 17
  },
  {
    "name": "Require(14) node_modules/egg-cors/config/config.default.js",
    "start": 1607712493871,
    "end": 1607712493871,
    "duration": 0,
    "pid": 2083,
    "index": 18
  },
  {
    "name": "Require(15) node_modules/egg-jwt/config/config.default.js",
    "start": 1607712493872,
    "end": 1607712493872,
    "duration": 0,
    "pid": 2083,
    "index": 19
  },
  {
    "name": "Require(16) node_modules/egg/config/config.default.js",
    "start": 1607712493872,
    "end": 1607712493873,
    "duration": 1,
    "pid": 2083,
    "index": 20
  },
  {
    "name": "Require(17) config/config.default.js",
    "start": 1607712493874,
    "end": 1607712493874,
    "duration": 0,
    "pid": 2083,
    "index": 21
  },
  {
    "name": "Require(18) node_modules/egg-security/config/config.local.js",
    "start": 1607712493874,
    "end": 1607712493875,
    "duration": 1,
    "pid": 2083,
    "index": 22
  },
  {
    "name": "Require(19) node_modules/egg-watcher/config/config.local.js",
    "start": 1607712493875,
    "end": 1607712493876,
    "duration": 1,
    "pid": 2083,
    "index": 23
  },
  {
    "name": "Require(20) node_modules/egg-view/config/config.local.js",
    "start": 1607712493876,
    "end": 1607712493877,
    "duration": 1,
    "pid": 2083,
    "index": 24
  },
  {
    "name": "Require(21) node_modules/egg/config/config.local.js",
    "start": 1607712493877,
    "end": 1607712493878,
    "duration": 1,
    "pid": 2083,
    "index": 25
  },
  {
    "name": "Load extend/application.js",
    "start": 1607712493879,
    "end": 1607712493921,
    "duration": 42,
    "pid": 2083,
    "index": 26
  },
  {
    "name": "Require(22) node_modules/egg-session/app/extend/application.js",
    "start": 1607712493879,
    "end": 1607712493880,
    "duration": 1,
    "pid": 2083,
    "index": 27
  },
  {
    "name": "Require(23) node_modules/egg-security/app/extend/application.js",
    "start": 1607712493880,
    "end": 1607712493881,
    "duration": 1,
    "pid": 2083,
    "index": 28
  },
  {
    "name": "Require(24) node_modules/egg-jsonp/app/extend/application.js",
    "start": 1607712493881,
    "end": 1607712493882,
    "duration": 1,
    "pid": 2083,
    "index": 29
  },
  {
    "name": "Require(25) node_modules/egg-logrotator/app/extend/application.js",
    "start": 1607712493883,
    "end": 1607712493884,
    "duration": 1,
    "pid": 2083,
    "index": 30
  },
  {
    "name": "Require(26) node_modules/egg-view/app/extend/application.js",
    "start": 1607712493884,
    "end": 1607712493885,
    "duration": 1,
    "pid": 2083,
    "index": 31
  },
  {
    "name": "Require(27) node_modules/egg-jwt/app/extend/application.js",
    "start": 1607712493886,
    "end": 1607712493920,
    "duration": 34,
    "pid": 2083,
    "index": 32
  },
  {
    "name": "Load extend/request.js",
    "start": 1607712493921,
    "end": 1607712493924,
    "duration": 3,
    "pid": 2083,
    "index": 33
  },
  {
    "name": "Require(28) node_modules/egg/app/extend/request.js",
    "start": 1607712493922,
    "end": 1607712493923,
    "duration": 1,
    "pid": 2083,
    "index": 34
  },
  {
    "name": "Load extend/response.js",
    "start": 1607712493924,
    "end": 1607712493927,
    "duration": 3,
    "pid": 2083,
    "index": 35
  },
  {
    "name": "Require(29) node_modules/egg/app/extend/response.js",
    "start": 1607712493925,
    "end": 1607712493926,
    "duration": 1,
    "pid": 2083,
    "index": 36
  },
  {
    "name": "Load extend/context.js",
    "start": 1607712493927,
    "end": 1607712493993,
    "duration": 66,
    "pid": 2083,
    "index": 37
  },
  {
    "name": "Require(30) node_modules/egg-security/app/extend/context.js",
    "start": 1607712493928,
    "end": 1607712493939,
    "duration": 11,
    "pid": 2083,
    "index": 38
  },
  {
    "name": "Require(31) node_modules/egg-jsonp/app/extend/context.js",
    "start": 1607712493939,
    "end": 1607712493941,
    "duration": 2,
    "pid": 2083,
    "index": 39
  },
  {
    "name": "Require(32) node_modules/egg-i18n/app/extend/context.js",
    "start": 1607712493942,
    "end": 1607712493943,
    "duration": 1,
    "pid": 2083,
    "index": 40
  },
  {
    "name": "Require(33) node_modules/egg-multipart/app/extend/context.js",
    "start": 1607712493943,
    "end": 1607712493990,
    "duration": 47,
    "pid": 2083,
    "index": 41
  },
  {
    "name": "Require(34) node_modules/egg-view/app/extend/context.js",
    "start": 1607712493990,
    "end": 1607712493991,
    "duration": 1,
    "pid": 2083,
    "index": 42
  },
  {
    "name": "Require(35) node_modules/egg/app/extend/context.js",
    "start": 1607712493992,
    "end": 1607712493992,
    "duration": 0,
    "pid": 2083,
    "index": 43
  },
  {
    "name": "Load extend/helper.js",
    "start": 1607712493993,
    "end": 1607712494012,
    "duration": 19,
    "pid": 2083,
    "index": 44
  },
  {
    "name": "Require(36) node_modules/egg-security/app/extend/helper.js",
    "start": 1607712493993,
    "end": 1607712494010,
    "duration": 17,
    "pid": 2083,
    "index": 45
  },
  {
    "name": "Require(37) node_modules/egg/app/extend/helper.js",
    "start": 1607712494011,
    "end": 1607712494011,
    "duration": 0,
    "pid": 2083,
    "index": 46
  },
  {
    "name": "Load app.js",
    "start": 1607712494012,
    "end": 1607712494058,
    "duration": 46,
    "pid": 2083,
    "index": 47
  },
  {
    "name": "Require(38) node_modules/egg-session/app.js",
    "start": 1607712494012,
    "end": 1607712494013,
    "duration": 1,
    "pid": 2083,
    "index": 48
  },
  {
    "name": "Require(39) node_modules/egg-security/app.js",
    "start": 1607712494014,
    "end": 1607712494015,
    "duration": 1,
    "pid": 2083,
    "index": 49
  },
  {
    "name": "Require(40) node_modules/egg-onerror/app.js",
    "start": 1607712494015,
    "end": 1607712494023,
    "duration": 8,
    "pid": 2083,
    "index": 50
  },
  {
    "name": "Require(41) node_modules/egg-i18n/app.js",
    "start": 1607712494023,
    "end": 1607712494035,
    "duration": 12,
    "pid": 2083,
    "index": 51
  },
  {
    "name": "Require(42) node_modules/egg-watcher/app.js",
    "start": 1607712494035,
    "end": 1607712494039,
    "duration": 4,
    "pid": 2083,
    "index": 52
  },
  {
    "name": "Require(43) node_modules/egg-schedule/app.js",
    "start": 1607712494039,
    "end": 1607712494040,
    "duration": 1,
    "pid": 2083,
    "index": 53
  },
  {
    "name": "Require(44) node_modules/egg-multipart/app.js",
    "start": 1607712494041,
    "end": 1607712494041,
    "duration": 0,
    "pid": 2083,
    "index": 54
  },
  {
    "name": "Require(45) node_modules/egg-development/app.js",
    "start": 1607712494041,
    "end": 1607712494042,
    "duration": 1,
    "pid": 2083,
    "index": 55
  },
  {
    "name": "Require(46) node_modules/egg-logrotator/app.js",
    "start": 1607712494042,
    "end": 1607712494042,
    "duration": 0,
    "pid": 2083,
    "index": 56
  },
  {
    "name": "Require(47) node_modules/egg-static/app.js",
    "start": 1607712494042,
    "end": 1607712494043,
    "duration": 1,
    "pid": 2083,
    "index": 57
  },
  {
    "name": "Require(48) node_modules/egg-mysql/app.js",
    "start": 1607712494043,
    "end": 1607712494057,
    "duration": 14,
    "pid": 2083,
    "index": 58
  },
  {
    "name": "Require(49) node_modules/egg-cors/app.js",
    "start": 1607712494057,
    "end": 1607712494057,
    "duration": 0,
    "pid": 2083,
    "index": 59
  },
  {
    "name": "Require(50) node_modules/egg-jwt/app.js",
    "start": 1607712494057,
    "end": 1607712494057,
    "duration": 0,
    "pid": 2083,
    "index": 60
  },
  {
    "name": "Before Start in node_modules/egg-watcher/lib/init.js:15:14",
    "start": 1607712494065,
    "end": 1607712494286,
    "duration": 221,
    "pid": 2083,
    "index": 61
  },
  {
    "name": "Before Start in node_modules/egg-mysql/lib/mysql.js:20:7",
    "start": 1607712494164,
    "end": 1607712494288,
    "duration": 124,
    "pid": 2083,
    "index": 62
  },
  {
    "name": "Load Service",
    "start": 1607712494165,
    "end": 1607712494170,
    "duration": 5,
    "pid": 2083,
    "index": 63
  },
  {
    "name": "Load \"service\" to Context",
    "start": 1607712494165,
    "end": 1607712494170,
    "duration": 5,
    "pid": 2083,
    "index": 64
  },
  {
    "name": "Load Middleware",
    "start": 1607712494171,
    "end": 1607712494261,
    "duration": 90,
    "pid": 2083,
    "index": 65
  },
  {
    "name": "Load \"middlewares\" to Application",
    "start": 1607712494171,
    "end": 1607712494252,
    "duration": 81,
    "pid": 2083,
    "index": 66
  },
  {
    "name": "Load Controller",
    "start": 1607712494261,
    "end": 1607712494264,
    "duration": 3,
    "pid": 2083,
    "index": 67
  },
  {
    "name": "Load \"controller\" to Application",
    "start": 1607712494261,
    "end": 1607712494264,
    "duration": 3,
    "pid": 2083,
    "index": 68
  },
  {
    "name": "Load Router",
    "start": 1607712494264,
    "end": 1607712494266,
    "duration": 2,
    "pid": 2083,
    "index": 69
  },
  {
    "name": "Require(51) app/router.js",
    "start": 1607712494264,
    "end": 1607712494264,
    "duration": 0,
    "pid": 2083,
    "index": 70
  },
  {
    "name": "Before Start in node_modules/egg-core/lib/egg.js:303:10",
    "start": 1607712494265,
    "end": 1607712494275,
    "duration": 10,
    "pid": 2083,
    "index": 71
  }
]