[
  {
    "name": "Process Start",
    "start": 1607714466638,
    "end": 1607714467184,
    "duration": 546,
    "pid": 5121,
    "index": 0
  },
  {
    "name": "Application Start",
    "start": 1607714467185,
    "end": 1607714467471,
    "duration": 286,
    "pid": 5121,
    "index": 1
  },
  {
    "name": "Load Plugin",
    "start": 1607714467188,
    "end": 1607714467194,
    "duration": 6,
    "pid": 5121,
    "index": 2
  },
  {
    "name": "Load Config",
    "start": 1607714467195,
    "end": 1607714467207,
    "duration": 12,
    "pid": 5121,
    "index": 3
  },
  {
    "name": "Require(0) config/config.default.js",
    "start": 1607714467195,
    "end": 1607714467195,
    "duration": 0,
    "pid": 5121,
    "index": 4
  },
  {
    "name": "Require(1) node_modules/egg-session/config/config.default.js",
    "start": 1607714467196,
    "end": 1607714467196,
    "duration": 0,
    "pid": 5121,
    "index": 5
  },
  {
    "name": "Require(2) node_modules/egg-security/config/config.default.js",
    "start": 1607714467197,
    "end": 1607714467197,
    "duration": 0,
    "pid": 5121,
    "index": 6
  },
  {
    "name": "Require(3) node_modules/egg-jsonp/config/config.default.js",
    "start": 1607714467198,
    "end": 1607714467198,
    "duration": 0,
    "pid": 5121,
    "index": 7
  },
  {
    "name": "Require(4) node_modules/egg-onerror/config/config.default.js",
    "start": 1607714467198,
    "end": 1607714467198,
    "duration": 0,
    "pid": 5121,
    "index": 8
  },
  {
    "name": "Require(5) node_modules/egg-i18n/config/config.default.js",
    "start": 1607714467199,
    "end": 1607714467199,
    "duration": 0,
    "pid": 5121,
    "index": 9
  },
  {
    "name": "Require(6) node_modules/egg-watcher/config/config.default.js",
    "start": 1607714467199,
    "end": 1607714467199,
    "duration": 0,
    "pid": 5121,
    "index": 10
  },
  {
    "name": "Require(7) node_modules/egg-schedule/config/config.default.js",
    "start": 1607714467199,
    "end": 1607714467200,
    "duration": 1,
    "pid": 5121,
    "index": 11
  },
  {
    "name": "Require(8) node_modules/egg-multipart/config/config.default.js",
    "start": 1607714467200,
    "end": 1607714467200,
    "duration": 0,
    "pid": 5121,
    "index": 12
  },
  {
    "name": "Require(9) node_modules/egg-development/config/config.default.js",
    "start": 1607714467200,
    "end": 1607714467201,
    "duration": 1,
    "pid": 5121,
    "index": 13
  },
  {
    "name": "Require(10) node_modules/egg-logrotator/config/config.default.js",
    "start": 1607714467201,
    "end": 1607714467201,
    "duration": 0,
    "pid": 5121,
    "index": 14
  },
  {
    "name": "Require(11) node_modules/egg-static/config/config.default.js",
    "start": 1607714467201,
    "end": 1607714467202,
    "duration": 1,
    "pid": 5121,
    "index": 15
  },
  {
    "name": "Require(12) node_modules/egg-view/config/config.default.js",
    "start": 1607714467202,
    "end": 1607714467202,
    "duration": 0,
    "pid": 5121,
    "index": 16
  },
  {
    "name": "Require(13) node_modules/egg-mysql/config/config.default.js",
    "start": 1607714467202,
    "end": 1607714467203,
    "duration": 1,
    "pid": 5121,
    "index": 17
  },
  {
    "name": "Require(14) node_modules/egg-cors/config/config.default.js",
    "start": 1607714467203,
    "end": 1607714467203,
    "duration": 0,
    "pid": 5121,
    "index": 18
  },
  {
    "name": "Require(15) node_modules/egg-jwt/config/config.default.js",
    "start": 1607714467203,
    "end": 1607714467203,
    "duration": 0,
    "pid": 5121,
    "index": 19
  },
  {
    "name": "Require(16) node_modules/egg/config/config.default.js",
    "start": 1607714467203,
    "end": 1607714467204,
    "duration": 1,
    "pid": 5121,
    "index": 20
  },
  {
    "name": "Require(17) config/config.default.js",
    "start": 1607714467205,
    "end": 1607714467205,
    "duration": 0,
    "pid": 5121,
    "index": 21
  },
  {
    "name": "Require(18) node_modules/egg-security/config/config.local.js",
    "start": 1607714467205,
    "end": 1607714467205,
    "duration": 0,
    "pid": 5121,
    "index": 22
  },
  {
    "name": "Require(19) node_modules/egg-watcher/config/config.local.js",
    "start": 1607714467205,
    "end": 1607714467206,
    "duration": 1,
    "pid": 5121,
    "index": 23
  },
  {
    "name": "Require(20) node_modules/egg-view/config/config.local.js",
    "start": 1607714467206,
    "end": 1607714467206,
    "duration": 0,
    "pid": 5121,
    "index": 24
  },
  {
    "name": "Require(21) node_modules/egg/config/config.local.js",
    "start": 1607714467207,
    "end": 1607714467207,
    "duration": 0,
    "pid": 5121,
    "index": 25
  },
  {
    "name": "Load extend/application.js",
    "start": 1607714467208,
    "end": 1607714467232,
    "duration": 24,
    "pid": 5121,
    "index": 26
  },
  {
    "name": "Require(22) node_modules/egg-session/app/extend/application.js",
    "start": 1607714467208,
    "end": 1607714467208,
    "duration": 0,
    "pid": 5121,
    "index": 27
  },
  {
    "name": "Require(23) node_modules/egg-security/app/extend/application.js",
    "start": 1607714467208,
    "end": 1607714467209,
    "duration": 1,
    "pid": 5121,
    "index": 28
  },
  {
    "name": "Require(24) node_modules/egg-jsonp/app/extend/application.js",
    "start": 1607714467209,
    "end": 1607714467209,
    "duration": 0,
    "pid": 5121,
    "index": 29
  },
  {
    "name": "Require(25) node_modules/egg-logrotator/app/extend/application.js",
    "start": 1607714467210,
    "end": 1607714467210,
    "duration": 0,
    "pid": 5121,
    "index": 30
  },
  {
    "name": "Require(26) node_modules/egg-view/app/extend/application.js",
    "start": 1607714467211,
    "end": 1607714467211,
    "duration": 0,
    "pid": 5121,
    "index": 31
  },
  {
    "name": "Require(27) node_modules/egg-jwt/app/extend/application.js",
    "start": 1607714467211,
    "end": 1607714467231,
    "duration": 20,
    "pid": 5121,
    "index": 32
  },
  {
    "name": "Load extend/request.js",
    "start": 1607714467232,
    "end": 1607714467234,
    "duration": 2,
    "pid": 5121,
    "index": 33
  },
  {
    "name": "Require(28) node_modules/egg/app/extend/request.js",
    "start": 1607714467233,
    "end": 1607714467233,
    "duration": 0,
    "pid": 5121,
    "index": 34
  },
  {
    "name": "Load extend/response.js",
    "start": 1607714467234,
    "end": 1607714467236,
    "duration": 2,
    "pid": 5121,
    "index": 35
  },
  {
    "name": "Require(29) node_modules/egg/app/extend/response.js",
    "start": 1607714467235,
    "end": 1607714467235,
    "duration": 0,
    "pid": 5121,
    "index": 36
  },
  {
    "name": "Load extend/context.js",
    "start": 1607714467236,
    "end": 1607714467274,
    "duration": 38,
    "pid": 5121,
    "index": 37
  },
  {
    "name": "Require(30) node_modules/egg-security/app/extend/context.js",
    "start": 1607714467236,
    "end": 1607714467242,
    "duration": 6,
    "pid": 5121,
    "index": 38
  },
  {
    "name": "Require(31) node_modules/egg-jsonp/app/extend/context.js",
    "start": 1607714467242,
    "end": 1607714467242,
    "duration": 0,
    "pid": 5121,
    "index": 39
  },
  {
    "name": "Require(32) node_modules/egg-i18n/app/extend/context.js",
    "start": 1607714467242,
    "end": 1607714467243,
    "duration": 1,
    "pid": 5121,
    "index": 40
  },
  {
    "name": "Require(33) node_modules/egg-multipart/app/extend/context.js",
    "start": 1607714467243,
    "end": 1607714467272,
    "duration": 29,
    "pid": 5121,
    "index": 41
  },
  {
    "name": "Require(34) node_modules/egg-view/app/extend/context.js",
    "start": 1607714467272,
    "end": 1607714467273,
    "duration": 1,
    "pid": 5121,
    "index": 42
  },
  {
    "name": "Require(35) node_modules/egg/app/extend/context.js",
    "start": 1607714467273,
    "end": 1607714467274,
    "duration": 1,
    "pid": 5121,
    "index": 43
  },
  {
    "name": "Load extend/helper.js",
    "start": 1607714467274,
    "end": 1607714467284,
    "duration": 10,
    "pid": 5121,
    "index": 44
  },
  {
    "name": "Require(36) node_modules/egg-security/app/extend/helper.js",
    "start": 1607714467275,
    "end": 1607714467282,
    "duration": 7,
    "pid": 5121,
    "index": 45
  },
  {
    "name": "Require(37) node_modules/egg/app/extend/helper.js",
    "start": 1607714467283,
    "end": 1607714467283,
    "duration": 0,
    "pid": 5121,
    "index": 46
  },
  {
    "name": "Load app.js",
    "start": 1607714467284,
    "end": 1607714467308,
    "duration": 24,
    "pid": 5121,
    "index": 47
  },
  {
    "name": "Require(38) node_modules/egg-session/app.js",
    "start": 1607714467284,
    "end": 1607714467285,
    "duration": 1,
    "pid": 5121,
    "index": 48
  },
  {
    "name": "Require(39) node_modules/egg-security/app.js",
    "start": 1607714467285,
    "end": 1607714467285,
    "duration": 0,
    "pid": 5121,
    "index": 49
  },
  {
    "name": "Require(40) node_modules/egg-onerror/app.js",
    "start": 1607714467286,
    "end": 1607714467289,
    "duration": 3,
    "pid": 5121,
    "index": 50
  },
  {
    "name": "Require(41) node_modules/egg-i18n/app.js",
    "start": 1607714467289,
    "end": 1607714467295,
    "duration": 6,
    "pid": 5121,
    "index": 51
  },
  {
    "name": "Require(42) node_modules/egg-watcher/app.js",
    "start": 1607714467295,
    "end": 1607714467297,
    "duration": 2,
    "pid": 5121,
    "index": 52
  },
  {
    "name": "Require(43) node_modules/egg-schedule/app.js",
    "start": 1607714467297,
    "end": 1607714467298,
    "duration": 1,
    "pid": 5121,
    "index": 53
  },
  {
    "name": "Require(44) node_modules/egg-multipart/app.js",
    "start": 1607714467298,
    "end": 1607714467298,
    "duration": 0,
    "pid": 5121,
    "index": 54
  },
  {
    "name": "Require(45) node_modules/egg-development/app.js",
    "start": 1607714467299,
    "end": 1607714467299,
    "duration": 0,
    "pid": 5121,
    "index": 55
  },
  {
    "name": "Require(46) node_modules/egg-logrotator/app.js",
    "start": 1607714467299,
    "end": 1607714467299,
    "duration": 0,
    "pid": 5121,
    "index": 56
  },
  {
    "name": "Require(47) node_modules/egg-static/app.js",
    "start": 1607714467299,
    "end": 1607714467299,
    "duration": 0,
    "pid": 5121,
    "index": 57
  },
  {
    "name": "Require(48) node_modules/egg-mysql/app.js",
    "start": 1607714467299,
    "end": 1607714467307,
    "duration": 8,
    "pid": 5121,
    "index": 58
  },
  {
    "name": "Require(49) node_modules/egg-cors/app.js",
    "start": 1607714467307,
    "end": 1607714467307,
    "duration": 0,
    "pid": 5121,
    "index": 59
  },
  {
    "name": "Require(50) node_modules/egg-jwt/app.js",
    "start": 1607714467307,
    "end": 1607714467307,
    "duration": 0,
    "pid": 5121,
    "index": 60
  },
  {
    "name": "Before Start in node_modules/egg-watcher/lib/init.js:15:14",
    "start": 1607714467314,
    "end": 1607714467468,
    "duration": 154,
    "pid": 5121,
    "index": 61
  },
  {
    "name": "Before Start in node_modules/egg-mysql/lib/mysql.js:20:7",
    "start": 1607714467382,
    "end": 1607714467470,
    "duration": 88,
    "pid": 5121,
    "index": 62
  },
  {
    "name": "Load Service",
    "start": 1607714467382,
    "end": 1607714467386,
    "duration": 4,
    "pid": 5121,
    "index": 63
  },
  {
    "name": "Load \"service\" to Context",
    "start": 1607714467382,
    "end": 1607714467386,
    "duration": 4,
    "pid": 5121,
    "index": 64
  },
  {
    "name": "Load Middleware",
    "start": 1607714467386,
    "end": 1607714467445,
    "duration": 59,
    "pid": 5121,
    "index": 65
  },
  {
    "name": "Load \"middlewares\" to Application",
    "start": 1607714467386,
    "end": 1607714467435,
    "duration": 49,
    "pid": 5121,
    "index": 66
  },
  {
    "name": "Load Controller",
    "start": 1607714467445,
    "end": 1607714467448,
    "duration": 3,
    "pid": 5121,
    "index": 67
  },
  {
    "name": "Load \"controller\" to Application",
    "start": 1607714467445,
    "end": 1607714467448,
    "duration": 3,
    "pid": 5121,
    "index": 68
  },
  {
    "name": "Load Router",
    "start": 1607714467448,
    "end": 1607714467450,
    "duration": 2,
    "pid": 5121,
    "index": 69
  },
  {
    "name": "Require(51) app/router.js",
    "start": 1607714467448,
    "end": 1607714467448,
    "duration": 0,
    "pid": 5121,
    "index": 70
  },
  {
    "name": "Before Start in node_modules/egg-core/lib/egg.js:303:10",
    "start": 1607714467448,
    "end": 1607714467459,
    "duration": 11,
    "pid": 5121,
    "index": 71
  }
]