[
  {
    "name": "Process Start",
    "start": 1607713680767,
    "end": 1607713681311,
    "duration": 544,
    "pid": 3897,
    "index": 0
  },
  {
    "name": "Application Start",
    "start": 1607713681312,
    "end": 1607713681597,
    "duration": 285,
    "pid": 3897,
    "index": 1
  },
  {
    "name": "Load Plugin",
    "start": 1607713681315,
    "end": 1607713681321,
    "duration": 6,
    "pid": 3897,
    "index": 2
  },
  {
    "name": "Load Config",
    "start": 1607713681321,
    "end": 1607713681334,
    "duration": 13,
    "pid": 3897,
    "index": 3
  },
  {
    "name": "Require(0) config/config.default.js",
    "start": 1607713681322,
    "end": 1607713681322,
    "duration": 0,
    "pid": 3897,
    "index": 4
  },
  {
    "name": "Require(1) node_modules/egg-session/config/config.default.js",
    "start": 1607713681323,
    "end": 1607713681323,
    "duration": 0,
    "pid": 3897,
    "index": 5
  },
  {
    "name": "Require(2) node_modules/egg-security/config/config.default.js",
    "start": 1607713681323,
    "end": 1607713681324,
    "duration": 1,
    "pid": 3897,
    "index": 6
  },
  {
    "name": "Require(3) node_modules/egg-jsonp/config/config.default.js",
    "start": 1607713681324,
    "end": 1607713681325,
    "duration": 1,
    "pid": 3897,
    "index": 7
  },
  {
    "name": "Require(4) node_modules/egg-onerror/config/config.default.js",
    "start": 1607713681325,
    "end": 1607713681325,
    "duration": 0,
    "pid": 3897,
    "index": 8
  },
  {
    "name": "Require(5) node_modules/egg-i18n/config/config.default.js",
    "start": 1607713681325,
    "end": 1607713681325,
    "duration": 0,
    "pid": 3897,
    "index": 9
  },
  {
    "name": "Require(6) node_modules/egg-watcher/config/config.default.js",
    "start": 1607713681326,
    "end": 1607713681326,
    "duration": 0,
    "pid": 3897,
    "index": 10
  },
  {
    "name": "Require(7) node_modules/egg-schedule/config/config.default.js",
    "start": 1607713681326,
    "end": 1607713681326,
    "duration": 0,
    "pid": 3897,
    "index": 11
  },
  {
    "name": "Require(8) node_modules/egg-multipart/config/config.default.js",
    "start": 1607713681327,
    "end": 1607713681327,
    "duration": 0,
    "pid": 3897,
    "index": 12
  },
  {
    "name": "Require(9) node_modules/egg-development/config/config.default.js",
    "start": 1607713681328,
    "end": 1607713681328,
    "duration": 0,
    "pid": 3897,
    "index": 13
  },
  {
    "name": "Require(10) node_modules/egg-logrotator/config/config.default.js",
    "start": 1607713681328,
    "end": 1607713681328,
    "duration": 0,
    "pid": 3897,
    "index": 14
  },
  {
    "name": "Require(11) node_modules/egg-static/config/config.default.js",
    "start": 1607713681328,
    "end": 1607713681329,
    "duration": 1,
    "pid": 3897,
    "index": 15
  },
  {
    "name": "Require(12) node_modules/egg-view/config/config.default.js",
    "start": 1607713681329,
    "end": 1607713681329,
    "duration": 0,
    "pid": 3897,
    "index": 16
  },
  {
    "name": "Require(13) node_modules/egg-mysql/config/config.default.js",
    "start": 1607713681329,
    "end": 1607713681330,
    "duration": 1,
    "pid": 3897,
    "index": 17
  },
  {
    "name": "Require(14) node_modules/egg-cors/config/config.default.js",
    "start": 1607713681330,
    "end": 1607713681330,
    "duration": 0,
    "pid": 3897,
    "index": 18
  },
  {
    "name": "Require(15) node_modules/egg-jwt/config/config.default.js",
    "start": 1607713681330,
    "end": 1607713681330,
    "duration": 0,
    "pid": 3897,
    "index": 19
  },
  {
    "name": "Require(16) node_modules/egg/config/config.default.js",
    "start": 1607713681331,
    "end": 1607713681331,
    "duration": 0,
    "pid": 3897,
    "index": 20
  },
  {
    "name": "Require(17) config/config.default.js",
    "start": 1607713681332,
    "end": 1607713681332,
    "duration": 0,
    "pid": 3897,
    "index": 21
  },
  {
    "name": "Require(18) node_modules/egg-security/config/config.local.js",
    "start": 1607713681332,
    "end": 1607713681332,
    "duration": 0,
    "pid": 3897,
    "index": 22
  },
  {
    "name": "Require(19) node_modules/egg-watcher/config/config.local.js",
    "start": 1607713681333,
    "end": 1607713681333,
    "duration": 0,
    "pid": 3897,
    "index": 23
  },
  {
    "name": "Require(20) node_modules/egg-view/config/config.local.js",
    "start": 1607713681333,
    "end": 1607713681333,
    "duration": 0,
    "pid": 3897,
    "index": 24
  },
  {
    "name": "Require(21) node_modules/egg/config/config.local.js",
    "start": 1607713681334,
    "end": 1607713681334,
    "duration": 0,
    "pid": 3897,
    "index": 25
  },
  {
    "name": "Load extend/application.js",
    "start": 1607713681335,
    "end": 1607713681360,
    "duration": 25,
    "pid": 3897,
    "index": 26
  },
  {
    "name": "Require(22) node_modules/egg-session/app/extend/application.js",
    "start": 1607713681335,
    "end": 1607713681335,
    "duration": 0,
    "pid": 3897,
    "index": 27
  },
  {
    "name": "Require(23) node_modules/egg-security/app/extend/application.js",
    "start": 1607713681336,
    "end": 1607713681336,
    "duration": 0,
    "pid": 3897,
    "index": 28
  },
  {
    "name": "Require(24) node_modules/egg-jsonp/app/extend/application.js",
    "start": 1607713681336,
    "end": 1607713681337,
    "duration": 1,
    "pid": 3897,
    "index": 29
  },
  {
    "name": "Require(25) node_modules/egg-logrotator/app/extend/application.js",
    "start": 1607713681337,
    "end": 1607713681338,
    "duration": 1,
    "pid": 3897,
    "index": 30
  },
  {
    "name": "Require(26) node_modules/egg-view/app/extend/application.js",
    "start": 1607713681338,
    "end": 1607713681339,
    "duration": 1,
    "pid": 3897,
    "index": 31
  },
  {
    "name": "Require(27) node_modules/egg-jwt/app/extend/application.js",
    "start": 1607713681339,
    "end": 1607713681359,
    "duration": 20,
    "pid": 3897,
    "index": 32
  },
  {
    "name": "Load extend/request.js",
    "start": 1607713681360,
    "end": 1607713681362,
    "duration": 2,
    "pid": 3897,
    "index": 33
  },
  {
    "name": "Require(28) node_modules/egg/app/extend/request.js",
    "start": 1607713681361,
    "end": 1607713681362,
    "duration": 1,
    "pid": 3897,
    "index": 34
  },
  {
    "name": "Load extend/response.js",
    "start": 1607713681362,
    "end": 1607713681365,
    "duration": 3,
    "pid": 3897,
    "index": 35
  },
  {
    "name": "Require(29) node_modules/egg/app/extend/response.js",
    "start": 1607713681363,
    "end": 1607713681364,
    "duration": 1,
    "pid": 3897,
    "index": 36
  },
  {
    "name": "Load extend/context.js",
    "start": 1607713681365,
    "end": 1607713681403,
    "duration": 38,
    "pid": 3897,
    "index": 37
  },
  {
    "name": "Require(30) node_modules/egg-security/app/extend/context.js",
    "start": 1607713681365,
    "end": 1607713681370,
    "duration": 5,
    "pid": 3897,
    "index": 38
  },
  {
    "name": "Require(31) node_modules/egg-jsonp/app/extend/context.js",
    "start": 1607713681371,
    "end": 1607713681371,
    "duration": 0,
    "pid": 3897,
    "index": 39
  },
  {
    "name": "Require(32) node_modules/egg-i18n/app/extend/context.js",
    "start": 1607713681371,
    "end": 1607713681372,
    "duration": 1,
    "pid": 3897,
    "index": 40
  },
  {
    "name": "Require(33) node_modules/egg-multipart/app/extend/context.js",
    "start": 1607713681372,
    "end": 1607713681401,
    "duration": 29,
    "pid": 3897,
    "index": 41
  },
  {
    "name": "Require(34) node_modules/egg-view/app/extend/context.js",
    "start": 1607713681401,
    "end": 1607713681402,
    "duration": 1,
    "pid": 3897,
    "index": 42
  },
  {
    "name": "Require(35) node_modules/egg/app/extend/context.js",
    "start": 1607713681402,
    "end": 1607713681402,
    "duration": 0,
    "pid": 3897,
    "index": 43
  },
  {
    "name": "Load extend/helper.js",
    "start": 1607713681403,
    "end": 1607713681414,
    "duration": 11,
    "pid": 3897,
    "index": 44
  },
  {
    "name": "Require(36) node_modules/egg-security/app/extend/helper.js",
    "start": 1607713681404,
    "end": 1607713681413,
    "duration": 9,
    "pid": 3897,
    "index": 45
  },
  {
    "name": "Require(37) node_modules/egg/app/extend/helper.js",
    "start": 1607713681413,
    "end": 1607713681414,
    "duration": 1,
    "pid": 3897,
    "index": 46
  },
  {
    "name": "Load app.js",
    "start": 1607713681414,
    "end": 1607713681437,
    "duration": 23,
    "pid": 3897,
    "index": 47
  },
  {
    "name": "Require(38) node_modules/egg-session/app.js",
    "start": 1607713681415,
    "end": 1607713681415,
    "duration": 0,
    "pid": 3897,
    "index": 48
  },
  {
    "name": "Require(39) node_modules/egg-security/app.js",
    "start": 1607713681415,
    "end": 1607713681416,
    "duration": 1,
    "pid": 3897,
    "index": 49
  },
  {
    "name": "Require(40) node_modules/egg-onerror/app.js",
    "start": 1607713681416,
    "end": 1607713681419,
    "duration": 3,
    "pid": 3897,
    "index": 50
  },
  {
    "name": "Require(41) node_modules/egg-i18n/app.js",
    "start": 1607713681420,
    "end": 1607713681426,
    "duration": 6,
    "pid": 3897,
    "index": 51
  },
  {
    "name": "Require(42) node_modules/egg-watcher/app.js",
    "start": 1607713681426,
    "end": 1607713681427,
    "duration": 1,
    "pid": 3897,
    "index": 52
  },
  {
    "name": "Require(43) node_modules/egg-schedule/app.js",
    "start": 1607713681428,
    "end": 1607713681428,
    "duration": 0,
    "pid": 3897,
    "index": 53
  },
  {
    "name": "Require(44) node_modules/egg-multipart/app.js",
    "start": 1607713681428,
    "end": 1607713681429,
    "duration": 1,
    "pid": 3897,
    "index": 54
  },
  {
    "name": "Require(45) node_modules/egg-development/app.js",
    "start": 1607713681429,
    "end": 1607713681429,
    "duration": 0,
    "pid": 3897,
    "index": 55
  },
  {
    "name": "Require(46) node_modules/egg-logrotator/app.js",
    "start": 1607713681429,
    "end": 1607713681429,
    "duration": 0,
    "pid": 3897,
    "index": 56
  },
  {
    "name": "Require(47) node_modules/egg-static/app.js",
    "start": 1607713681429,
    "end": 1607713681430,
    "duration": 1,
    "pid": 3897,
    "index": 57
  },
  {
    "name": "Require(48) node_modules/egg-mysql/app.js",
    "start": 1607713681430,
    "end": 1607713681437,
    "duration": 7,
    "pid": 3897,
    "index": 58
  },
  {
    "name": "Require(49) node_modules/egg-cors/app.js",
    "start": 1607713681437,
    "end": 1607713681437,
    "duration": 0,
    "pid": 3897,
    "index": 59
  },
  {
    "name": "Require(50) node_modules/egg-jwt/app.js",
    "start": 1607713681437,
    "end": 1607713681437,
    "duration": 0,
    "pid": 3897,
    "index": 60
  },
  {
    "name": "Before Start in node_modules/egg-watcher/lib/init.js:15:14",
    "start": 1607713681444,
    "end": 1607713681595,
    "duration": 151,
    "pid": 3897,
    "index": 61
  },
  {
    "name": "Before Start in node_modules/egg-mysql/lib/mysql.js:20:7",
    "start": 1607713681513,
    "end": 1607713681597,
    "duration": 84,
    "pid": 3897,
    "index": 62
  },
  {
    "name": "Load Service",
    "start": 1607713681513,
    "end": 1607713681517,
    "duration": 4,
    "pid": 3897,
    "index": 63
  },
  {
    "name": "Load \"service\" to Context",
    "start": 1607713681513,
    "end": 1607713681517,
    "duration": 4,
    "pid": 3897,
    "index": 64
  },
  {
    "name": "Load Middleware",
    "start": 1607713681518,
    "end": 1607713681572,
    "duration": 54,
    "pid": 3897,
    "index": 65
  },
  {
    "name": "Load \"middlewares\" to Application",
    "start": 1607713681518,
    "end": 1607713681564,
    "duration": 46,
    "pid": 3897,
    "index": 66
  },
  {
    "name": "Load Controller",
    "start": 1607713681572,
    "end": 1607713681574,
    "duration": 2,
    "pid": 3897,
    "index": 67
  },
  {
    "name": "Load \"controller\" to Application",
    "start": 1607713681572,
    "end": 1607713681574,
    "duration": 2,
    "pid": 3897,
    "index": 68
  },
  {
    "name": "Load Router",
    "start": 1607713681574,
    "end": 1607713681576,
    "duration": 2,
    "pid": 3897,
    "index": 69
  },
  {
    "name": "Require(51) app/router.js",
    "start": 1607713681574,
    "end": 1607713681575,
    "duration": 1,
    "pid": 3897,
    "index": 70
  },
  {
    "name": "Before Start in node_modules/egg-core/lib/egg.js:303:10",
    "start": 1607713681575,
    "end": 1607713681586,
    "duration": 11,
    "pid": 3897,
    "index": 71
  }
]