[
  {
    "name": "Process Start",
    "start": 1605111705488,
    "end": 1605111706316,
    "duration": 828,
    "pid": 11850,
    "index": 0
  },
  {
    "name": "Application Start",
    "start": 1605111706317,
    "end": 1605111706777,
    "duration": 460,
    "pid": 11850,
    "index": 1
  },
  {
    "name": "Load Plugin",
    "start": 1605111706321,
    "end": 1605111706330,
    "duration": 9,
    "pid": 11850,
    "index": 2
  },
  {
    "name": "Load Config",
    "start": 1605111706330,
    "end": 1605111706348,
    "duration": 18,
    "pid": 11850,
    "index": 3
  },
  {
    "name": "Require(0) config/config.default.js",
    "start": 1605111706331,
    "end": 1605111706331,
    "duration": 0,
    "pid": 11850,
    "index": 4
  },
  {
    "name": "Require(1) node_modules/egg-session/config/config.default.js",
    "start": 1605111706332,
    "end": 1605111706332,
    "duration": 0,
    "pid": 11850,
    "index": 5
  },
  {
    "name": "Require(2) node_modules/egg-security/config/config.default.js",
    "start": 1605111706333,
    "end": 1605111706333,
    "duration": 0,
    "pid": 11850,
    "index": 6
  },
  {
    "name": "Require(3) node_modules/egg-jsonp/config/config.default.js",
    "start": 1605111706334,
    "end": 1605111706334,
    "duration": 0,
    "pid": 11850,
    "index": 7
  },
  {
    "name": "Require(4) node_modules/egg-onerror/config/config.default.js",
    "start": 1605111706334,
    "end": 1605111706335,
    "duration": 1,
    "pid": 11850,
    "index": 8
  },
  {
    "name": "Require(5) node_modules/egg-i18n/config/config.default.js",
    "start": 1605111706335,
    "end": 1605111706336,
    "duration": 1,
    "pid": 11850,
    "index": 9
  },
  {
    "name": "Require(6) node_modules/egg-watcher/config/config.default.js",
    "start": 1605111706336,
    "end": 1605111706337,
    "duration": 1,
    "pid": 11850,
    "index": 10
  },
  {
    "name": "Require(7) node_modules/egg-schedule/config/config.default.js",
    "start": 1605111706337,
    "end": 1605111706337,
    "duration": 0,
    "pid": 11850,
    "index": 11
  },
  {
    "name": "Require(8) node_modules/egg-multipart/config/config.default.js",
    "start": 1605111706338,
    "end": 1605111706338,
    "duration": 0,
    "pid": 11850,
    "index": 12
  },
  {
    "name": "Require(9) node_modules/egg-development/config/config.default.js",
    "start": 1605111706339,
    "end": 1605111706339,
    "duration": 0,
    "pid": 11850,
    "index": 13
  },
  {
    "name": "Require(10) node_modules/egg-logrotator/config/config.default.js",
    "start": 1605111706339,
    "end": 1605111706340,
    "duration": 1,
    "pid": 11850,
    "index": 14
  },
  {
    "name": "Require(11) node_modules/egg-static/config/config.default.js",
    "start": 1605111706340,
    "end": 1605111706340,
    "duration": 0,
    "pid": 11850,
    "index": 15
  },
  {
    "name": "Require(12) node_modules/egg-view/config/config.default.js",
    "start": 1605111706340,
    "end": 1605111706341,
    "duration": 1,
    "pid": 11850,
    "index": 16
  },
  {
    "name": "Require(13) node_modules/egg-mysql/config/config.default.js",
    "start": 1605111706341,
    "end": 1605111706342,
    "duration": 1,
    "pid": 11850,
    "index": 17
  },
  {
    "name": "Require(14) node_modules/egg-cors/config/config.default.js",
    "start": 1605111706342,
    "end": 1605111706343,
    "duration": 1,
    "pid": 11850,
    "index": 18
  },
  {
    "name": "Require(15) node_modules/egg/config/config.default.js",
    "start": 1605111706343,
    "end": 1605111706344,
    "duration": 1,
    "pid": 11850,
    "index": 19
  },
  {
    "name": "Require(16) config/config.default.js",
    "start": 1605111706345,
    "end": 1605111706345,
    "duration": 0,
    "pid": 11850,
    "index": 20
  },
  {
    "name": "Require(17) node_modules/egg-security/config/config.local.js",
    "start": 1605111706345,
    "end": 1605111706346,
    "duration": 1,
    "pid": 11850,
    "index": 21
  },
  {
    "name": "Require(18) node_modules/egg-watcher/config/config.local.js",
    "start": 1605111706346,
    "end": 1605111706346,
    "duration": 0,
    "pid": 11850,
    "index": 22
  },
  {
    "name": "Require(19) node_modules/egg-view/config/config.local.js",
    "start": 1605111706347,
    "end": 1605111706347,
    "duration": 0,
    "pid": 11850,
    "index": 23
  },
  {
    "name": "Require(20) node_modules/egg/config/config.local.js",
    "start": 1605111706348,
    "end": 1605111706348,
    "duration": 0,
    "pid": 11850,
    "index": 24
  },
  {
    "name": "Load extend/application.js",
    "start": 1605111706349,
    "end": 1605111706356,
    "duration": 7,
    "pid": 11850,
    "index": 25
  },
  {
    "name": "Require(21) node_modules/egg-session/app/extend/application.js",
    "start": 1605111706349,
    "end": 1605111706350,
    "duration": 1,
    "pid": 11850,
    "index": 26
  },
  {
    "name": "Require(22) node_modules/egg-security/app/extend/application.js",
    "start": 1605111706350,
    "end": 1605111706351,
    "duration": 1,
    "pid": 11850,
    "index": 27
  },
  {
    "name": "Require(23) node_modules/egg-jsonp/app/extend/application.js",
    "start": 1605111706351,
    "end": 1605111706352,
    "duration": 1,
    "pid": 11850,
    "index": 28
  },
  {
    "name": "Require(24) node_modules/egg-logrotator/app/extend/application.js",
    "start": 1605111706353,
    "end": 1605111706354,
    "duration": 1,
    "pid": 11850,
    "index": 29
  },
  {
    "name": "Require(25) node_modules/egg-view/app/extend/application.js",
    "start": 1605111706354,
    "end": 1605111706355,
    "duration": 1,
    "pid": 11850,
    "index": 30
  },
  {
    "name": "Load extend/request.js",
    "start": 1605111706357,
    "end": 1605111706359,
    "duration": 2,
    "pid": 11850,
    "index": 31
  },
  {
    "name": "Require(26) node_modules/egg/app/extend/request.js",
    "start": 1605111706357,
    "end": 1605111706358,
    "duration": 1,
    "pid": 11850,
    "index": 32
  },
  {
    "name": "Load extend/response.js",
    "start": 1605111706359,
    "end": 1605111706362,
    "duration": 3,
    "pid": 11850,
    "index": 33
  },
  {
    "name": "Require(27) node_modules/egg/app/extend/response.js",
    "start": 1605111706360,
    "end": 1605111706361,
    "duration": 1,
    "pid": 11850,
    "index": 34
  },
  {
    "name": "Load extend/context.js",
    "start": 1605111706362,
    "end": 1605111706422,
    "duration": 60,
    "pid": 11850,
    "index": 35
  },
  {
    "name": "Require(28) node_modules/egg-security/app/extend/context.js",
    "start": 1605111706362,
    "end": 1605111706371,
    "duration": 9,
    "pid": 11850,
    "index": 36
  },
  {
    "name": "Require(29) node_modules/egg-jsonp/app/extend/context.js",
    "start": 1605111706371,
    "end": 1605111706373,
    "duration": 2,
    "pid": 11850,
    "index": 37
  },
  {
    "name": "Require(30) node_modules/egg-i18n/app/extend/context.js",
    "start": 1605111706373,
    "end": 1605111706373,
    "duration": 0,
    "pid": 11850,
    "index": 38
  },
  {
    "name": "Require(31) node_modules/egg-multipart/app/extend/context.js",
    "start": 1605111706374,
    "end": 1605111706417,
    "duration": 43,
    "pid": 11850,
    "index": 39
  },
  {
    "name": "Require(32) node_modules/egg-view/app/extend/context.js",
    "start": 1605111706417,
    "end": 1605111706419,
    "duration": 2,
    "pid": 11850,
    "index": 40
  },
  {
    "name": "Require(33) node_modules/egg/app/extend/context.js",
    "start": 1605111706420,
    "end": 1605111706421,
    "duration": 1,
    "pid": 11850,
    "index": 41
  },
  {
    "name": "Load extend/helper.js",
    "start": 1605111706422,
    "end": 1605111706441,
    "duration": 19,
    "pid": 11850,
    "index": 42
  },
  {
    "name": "Require(34) node_modules/egg-security/app/extend/helper.js",
    "start": 1605111706422,
    "end": 1605111706439,
    "duration": 17,
    "pid": 11850,
    "index": 43
  },
  {
    "name": "Require(35) node_modules/egg/app/extend/helper.js",
    "start": 1605111706439,
    "end": 1605111706440,
    "duration": 1,
    "pid": 11850,
    "index": 44
  },
  {
    "name": "Load app.js",
    "start": 1605111706441,
    "end": 1605111706489,
    "duration": 48,
    "pid": 11850,
    "index": 45
  },
  {
    "name": "Require(36) node_modules/egg-session/app.js",
    "start": 1605111706441,
    "end": 1605111706442,
    "duration": 1,
    "pid": 11850,
    "index": 46
  },
  {
    "name": "Require(37) node_modules/egg-security/app.js",
    "start": 1605111706442,
    "end": 1605111706444,
    "duration": 2,
    "pid": 11850,
    "index": 47
  },
  {
    "name": "Require(38) node_modules/egg-onerror/app.js",
    "start": 1605111706444,
    "end": 1605111706452,
    "duration": 8,
    "pid": 11850,
    "index": 48
  },
  {
    "name": "Require(39) node_modules/egg-i18n/app.js",
    "start": 1605111706453,
    "end": 1605111706464,
    "duration": 11,
    "pid": 11850,
    "index": 49
  },
  {
    "name": "Require(40) node_modules/egg-watcher/app.js",
    "start": 1605111706465,
    "end": 1605111706468,
    "duration": 3,
    "pid": 11850,
    "index": 50
  },
  {
    "name": "Require(41) node_modules/egg-schedule/app.js",
    "start": 1605111706468,
    "end": 1605111706470,
    "duration": 2,
    "pid": 11850,
    "index": 51
  },
  {
    "name": "Require(42) node_modules/egg-multipart/app.js",
    "start": 1605111706470,
    "end": 1605111706470,
    "duration": 0,
    "pid": 11850,
    "index": 52
  },
  {
    "name": "Require(43) node_modules/egg-development/app.js",
    "start": 1605111706470,
    "end": 1605111706471,
    "duration": 1,
    "pid": 11850,
    "index": 53
  },
  {
    "name": "Require(44) node_modules/egg-logrotator/app.js",
    "start": 1605111706471,
    "end": 1605111706472,
    "duration": 1,
    "pid": 11850,
    "index": 54
  },
  {
    "name": "Require(45) node_modules/egg-static/app.js",
    "start": 1605111706472,
    "end": 1605111706472,
    "duration": 0,
    "pid": 11850,
    "index": 55
  },
  {
    "name": "Require(46) node_modules/egg-mysql/app.js",
    "start": 1605111706472,
    "end": 1605111706488,
    "duration": 16,
    "pid": 11850,
    "index": 56
  },
  {
    "name": "Require(47) node_modules/egg-cors/app.js",
    "start": 1605111706488,
    "end": 1605111706488,
    "duration": 0,
    "pid": 11850,
    "index": 57
  },
  {
    "name": "Before Start in node_modules/egg-watcher/lib/init.js:15:14",
    "start": 1605111706497,
    "end": 1605111706773,
    "duration": 276,
    "pid": 11850,
    "index": 58
  },
  {
    "name": "Before Start in node_modules/egg-mysql/lib/mysql.js:20:7",
    "start": 1605111706622,
    "end": 1605111706776,
    "duration": 154,
    "pid": 11850,
    "index": 59
  },
  {
    "name": "Load Service",
    "start": 1605111706622,
    "end": 1605111706633,
    "duration": 11,
    "pid": 11850,
    "index": 60
  },
  {
    "name": "Load \"service\" to Context",
    "start": 1605111706622,
    "end": 1605111706633,
    "duration": 11,
    "pid": 11850,
    "index": 61
  },
  {
    "name": "Load Middleware",
    "start": 1605111706633,
    "end": 1605111706742,
    "duration": 109,
    "pid": 11850,
    "index": 62
  },
  {
    "name": "Load \"middlewares\" to Application",
    "start": 1605111706634,
    "end": 1605111706730,
    "duration": 96,
    "pid": 11850,
    "index": 63
  },
  {
    "name": "Load Controller",
    "start": 1605111706742,
    "end": 1605111706744,
    "duration": 2,
    "pid": 11850,
    "index": 64
  },
  {
    "name": "Load \"controller\" to Application",
    "start": 1605111706742,
    "end": 1605111706744,
    "duration": 2,
    "pid": 11850,
    "index": 65
  },
  {
    "name": "Load Router",
    "start": 1605111706744,
    "end": 1605111706746,
    "duration": 2,
    "pid": 11850,
    "index": 66
  },
  {
    "name": "Require(48) app/router.js",
    "start": 1605111706744,
    "end": 1605111706744,
    "duration": 0,
    "pid": 11850,
    "index": 67
  },
  {
    "name": "Before Start in node_modules/egg-core/lib/egg.js:303:10",
    "start": 1605111706745,
    "end": 1605111706761,
    "duration": 16,
    "pid": 11850,
    "index": 68
  }
]