[
  {
    "name": "Process Start",
    "start": 1605111481295,
    "end": 1605111482212,
    "duration": 917,
    "pid": 11498,
    "index": 0
  },
  {
    "name": "Application Start",
    "start": 1605111482213,
    "end": 1605111482656,
    "duration": 443,
    "pid": 11498,
    "index": 1
  },
  {
    "name": "Load Plugin",
    "start": 1605111482217,
    "end": 1605111482227,
    "duration": 10,
    "pid": 11498,
    "index": 2
  },
  {
    "name": "Load Config",
    "start": 1605111482227,
    "end": 1605111482247,
    "duration": 20,
    "pid": 11498,
    "index": 3
  },
  {
    "name": "Require(0) config/config.default.js",
    "start": 1605111482228,
    "end": 1605111482228,
    "duration": 0,
    "pid": 11498,
    "index": 4
  },
  {
    "name": "Require(1) node_modules/egg-session/config/config.default.js",
    "start": 1605111482229,
    "end": 1605111482230,
    "duration": 1,
    "pid": 11498,
    "index": 5
  },
  {
    "name": "Require(2) node_modules/egg-security/config/config.default.js",
    "start": 1605111482230,
    "end": 1605111482231,
    "duration": 1,
    "pid": 11498,
    "index": 6
  },
  {
    "name": "Require(3) node_modules/egg-jsonp/config/config.default.js",
    "start": 1605111482231,
    "end": 1605111482232,
    "duration": 1,
    "pid": 11498,
    "index": 7
  },
  {
    "name": "Require(4) node_modules/egg-onerror/config/config.default.js",
    "start": 1605111482232,
    "end": 1605111482233,
    "duration": 1,
    "pid": 11498,
    "index": 8
  },
  {
    "name": "Require(5) node_modules/egg-i18n/config/config.default.js",
    "start": 1605111482233,
    "end": 1605111482234,
    "duration": 1,
    "pid": 11498,
    "index": 9
  },
  {
    "name": "Require(6) node_modules/egg-watcher/config/config.default.js",
    "start": 1605111482234,
    "end": 1605111482235,
    "duration": 1,
    "pid": 11498,
    "index": 10
  },
  {
    "name": "Require(7) node_modules/egg-schedule/config/config.default.js",
    "start": 1605111482235,
    "end": 1605111482236,
    "duration": 1,
    "pid": 11498,
    "index": 11
  },
  {
    "name": "Require(8) node_modules/egg-multipart/config/config.default.js",
    "start": 1605111482236,
    "end": 1605111482237,
    "duration": 1,
    "pid": 11498,
    "index": 12
  },
  {
    "name": "Require(9) node_modules/egg-development/config/config.default.js",
    "start": 1605111482237,
    "end": 1605111482238,
    "duration": 1,
    "pid": 11498,
    "index": 13
  },
  {
    "name": "Require(10) node_modules/egg-logrotator/config/config.default.js",
    "start": 1605111482238,
    "end": 1605111482238,
    "duration": 0,
    "pid": 11498,
    "index": 14
  },
  {
    "name": "Require(11) node_modules/egg-static/config/config.default.js",
    "start": 1605111482238,
    "end": 1605111482239,
    "duration": 1,
    "pid": 11498,
    "index": 15
  },
  {
    "name": "Require(12) node_modules/egg-view/config/config.default.js",
    "start": 1605111482239,
    "end": 1605111482240,
    "duration": 1,
    "pid": 11498,
    "index": 16
  },
  {
    "name": "Require(13) node_modules/egg-mysql/config/config.default.js",
    "start": 1605111482240,
    "end": 1605111482241,
    "duration": 1,
    "pid": 11498,
    "index": 17
  },
  {
    "name": "Require(14) node_modules/egg-cors/config/config.default.js",
    "start": 1605111482241,
    "end": 1605111482241,
    "duration": 0,
    "pid": 11498,
    "index": 18
  },
  {
    "name": "Require(15) node_modules/egg/config/config.default.js",
    "start": 1605111482241,
    "end": 1605111482242,
    "duration": 1,
    "pid": 11498,
    "index": 19
  },
  {
    "name": "Require(16) config/config.default.js",
    "start": 1605111482243,
    "end": 1605111482243,
    "duration": 0,
    "pid": 11498,
    "index": 20
  },
  {
    "name": "Require(17) node_modules/egg-security/config/config.local.js",
    "start": 1605111482244,
    "end": 1605111482244,
    "duration": 0,
    "pid": 11498,
    "index": 21
  },
  {
    "name": "Require(18) node_modules/egg-watcher/config/config.local.js",
    "start": 1605111482244,
    "end": 1605111482245,
    "duration": 1,
    "pid": 11498,
    "index": 22
  },
  {
    "name": "Require(19) node_modules/egg-view/config/config.local.js",
    "start": 1605111482245,
    "end": 1605111482246,
    "duration": 1,
    "pid": 11498,
    "index": 23
  },
  {
    "name": "Require(20) node_modules/egg/config/config.local.js",
    "start": 1605111482246,
    "end": 1605111482247,
    "duration": 1,
    "pid": 11498,
    "index": 24
  },
  {
    "name": "Load extend/application.js",
    "start": 1605111482248,
    "end": 1605111482255,
    "duration": 7,
    "pid": 11498,
    "index": 25
  },
  {
    "name": "Require(21) node_modules/egg-session/app/extend/application.js",
    "start": 1605111482248,
    "end": 1605111482249,
    "duration": 1,
    "pid": 11498,
    "index": 26
  },
  {
    "name": "Require(22) node_modules/egg-security/app/extend/application.js",
    "start": 1605111482249,
    "end": 1605111482250,
    "duration": 1,
    "pid": 11498,
    "index": 27
  },
  {
    "name": "Require(23) node_modules/egg-jsonp/app/extend/application.js",
    "start": 1605111482250,
    "end": 1605111482251,
    "duration": 1,
    "pid": 11498,
    "index": 28
  },
  {
    "name": "Require(24) node_modules/egg-logrotator/app/extend/application.js",
    "start": 1605111482252,
    "end": 1605111482253,
    "duration": 1,
    "pid": 11498,
    "index": 29
  },
  {
    "name": "Require(25) node_modules/egg-view/app/extend/application.js",
    "start": 1605111482253,
    "end": 1605111482255,
    "duration": 2,
    "pid": 11498,
    "index": 30
  },
  {
    "name": "Load extend/request.js",
    "start": 1605111482255,
    "end": 1605111482258,
    "duration": 3,
    "pid": 11498,
    "index": 31
  },
  {
    "name": "Require(26) node_modules/egg/app/extend/request.js",
    "start": 1605111482256,
    "end": 1605111482257,
    "duration": 1,
    "pid": 11498,
    "index": 32
  },
  {
    "name": "Load extend/response.js",
    "start": 1605111482258,
    "end": 1605111482261,
    "duration": 3,
    "pid": 11498,
    "index": 33
  },
  {
    "name": "Require(27) node_modules/egg/app/extend/response.js",
    "start": 1605111482259,
    "end": 1605111482260,
    "duration": 1,
    "pid": 11498,
    "index": 34
  },
  {
    "name": "Load extend/context.js",
    "start": 1605111482261,
    "end": 1605111482320,
    "duration": 59,
    "pid": 11498,
    "index": 35
  },
  {
    "name": "Require(28) node_modules/egg-security/app/extend/context.js",
    "start": 1605111482261,
    "end": 1605111482270,
    "duration": 9,
    "pid": 11498,
    "index": 36
  },
  {
    "name": "Require(29) node_modules/egg-jsonp/app/extend/context.js",
    "start": 1605111482270,
    "end": 1605111482272,
    "duration": 2,
    "pid": 11498,
    "index": 37
  },
  {
    "name": "Require(30) node_modules/egg-i18n/app/extend/context.js",
    "start": 1605111482272,
    "end": 1605111482272,
    "duration": 0,
    "pid": 11498,
    "index": 38
  },
  {
    "name": "Require(31) node_modules/egg-multipart/app/extend/context.js",
    "start": 1605111482273,
    "end": 1605111482316,
    "duration": 43,
    "pid": 11498,
    "index": 39
  },
  {
    "name": "Require(32) node_modules/egg-view/app/extend/context.js",
    "start": 1605111482317,
    "end": 1605111482318,
    "duration": 1,
    "pid": 11498,
    "index": 40
  },
  {
    "name": "Require(33) node_modules/egg/app/extend/context.js",
    "start": 1605111482319,
    "end": 1605111482320,
    "duration": 1,
    "pid": 11498,
    "index": 41
  },
  {
    "name": "Load extend/helper.js",
    "start": 1605111482320,
    "end": 1605111482337,
    "duration": 17,
    "pid": 11498,
    "index": 42
  },
  {
    "name": "Require(34) node_modules/egg-security/app/extend/helper.js",
    "start": 1605111482321,
    "end": 1605111482335,
    "duration": 14,
    "pid": 11498,
    "index": 43
  },
  {
    "name": "Require(35) node_modules/egg/app/extend/helper.js",
    "start": 1605111482336,
    "end": 1605111482336,
    "duration": 0,
    "pid": 11498,
    "index": 44
  },
  {
    "name": "Load app.js",
    "start": 1605111482337,
    "end": 1605111482381,
    "duration": 44,
    "pid": 11498,
    "index": 45
  },
  {
    "name": "Require(36) node_modules/egg-session/app.js",
    "start": 1605111482337,
    "end": 1605111482338,
    "duration": 1,
    "pid": 11498,
    "index": 46
  },
  {
    "name": "Require(37) node_modules/egg-security/app.js",
    "start": 1605111482338,
    "end": 1605111482339,
    "duration": 1,
    "pid": 11498,
    "index": 47
  },
  {
    "name": "Require(38) node_modules/egg-onerror/app.js",
    "start": 1605111482339,
    "end": 1605111482347,
    "duration": 8,
    "pid": 11498,
    "index": 48
  },
  {
    "name": "Require(39) node_modules/egg-i18n/app.js",
    "start": 1605111482347,
    "end": 1605111482357,
    "duration": 10,
    "pid": 11498,
    "index": 49
  },
  {
    "name": "Require(40) node_modules/egg-watcher/app.js",
    "start": 1605111482358,
    "end": 1605111482361,
    "duration": 3,
    "pid": 11498,
    "index": 50
  },
  {
    "name": "Require(41) node_modules/egg-schedule/app.js",
    "start": 1605111482361,
    "end": 1605111482362,
    "duration": 1,
    "pid": 11498,
    "index": 51
  },
  {
    "name": "Require(42) node_modules/egg-multipart/app.js",
    "start": 1605111482362,
    "end": 1605111482363,
    "duration": 1,
    "pid": 11498,
    "index": 52
  },
  {
    "name": "Require(43) node_modules/egg-development/app.js",
    "start": 1605111482363,
    "end": 1605111482364,
    "duration": 1,
    "pid": 11498,
    "index": 53
  },
  {
    "name": "Require(44) node_modules/egg-logrotator/app.js",
    "start": 1605111482364,
    "end": 1605111482364,
    "duration": 0,
    "pid": 11498,
    "index": 54
  },
  {
    "name": "Require(45) node_modules/egg-static/app.js",
    "start": 1605111482364,
    "end": 1605111482365,
    "duration": 1,
    "pid": 11498,
    "index": 55
  },
  {
    "name": "Require(46) node_modules/egg-mysql/app.js",
    "start": 1605111482365,
    "end": 1605111482380,
    "duration": 15,
    "pid": 11498,
    "index": 56
  },
  {
    "name": "Require(47) node_modules/egg-cors/app.js",
    "start": 1605111482380,
    "end": 1605111482380,
    "duration": 0,
    "pid": 11498,
    "index": 57
  },
  {
    "name": "Before Start in node_modules/egg-watcher/lib/init.js:15:14",
    "start": 1605111482387,
    "end": 1605111482653,
    "duration": 266,
    "pid": 11498,
    "index": 58
  },
  {
    "name": "Before Start in node_modules/egg-mysql/lib/mysql.js:20:7",
    "start": 1605111482515,
    "end": 1605111482655,
    "duration": 140,
    "pid": 11498,
    "index": 59
  },
  {
    "name": "Load Service",
    "start": 1605111482515,
    "end": 1605111482519,
    "duration": 4,
    "pid": 11498,
    "index": 60
  },
  {
    "name": "Load \"service\" to Context",
    "start": 1605111482515,
    "end": 1605111482519,
    "duration": 4,
    "pid": 11498,
    "index": 61
  },
  {
    "name": "Load Middleware",
    "start": 1605111482519,
    "end": 1605111482625,
    "duration": 106,
    "pid": 11498,
    "index": 62
  },
  {
    "name": "Load \"middlewares\" to Application",
    "start": 1605111482519,
    "end": 1605111482614,
    "duration": 95,
    "pid": 11498,
    "index": 63
  },
  {
    "name": "Load Controller",
    "start": 1605111482625,
    "end": 1605111482628,
    "duration": 3,
    "pid": 11498,
    "index": 64
  },
  {
    "name": "Load \"controller\" to Application",
    "start": 1605111482625,
    "end": 1605111482628,
    "duration": 3,
    "pid": 11498,
    "index": 65
  },
  {
    "name": "Load Router",
    "start": 1605111482628,
    "end": 1605111482631,
    "duration": 3,
    "pid": 11498,
    "index": 66
  },
  {
    "name": "Require(48) app/router.js",
    "start": 1605111482628,
    "end": 1605111482629,
    "duration": 1,
    "pid": 11498,
    "index": 67
  },
  {
    "name": "Before Start in node_modules/egg-core/lib/egg.js:303:10",
    "start": 1605111482630,
    "end": 1605111482643,
    "duration": 13,
    "pid": 11498,
    "index": 68
  }
]