[
  {
    "name": "Process Start",
    "start": 1605111602834,
    "end": 1605111603385,
    "duration": 551,
    "pid": 11700,
    "index": 0
  },
  {
    "name": "Application Start",
    "start": 1605111603386,
    "end": 1605111603652,
    "duration": 266,
    "pid": 11700,
    "index": 1
  },
  {
    "name": "Load Plugin",
    "start": 1605111603389,
    "end": 1605111603396,
    "duration": 7,
    "pid": 11700,
    "index": 2
  },
  {
    "name": "Load Config",
    "start": 1605111603396,
    "end": 1605111603408,
    "duration": 12,
    "pid": 11700,
    "index": 3
  },
  {
    "name": "Require(0) config/config.default.js",
    "start": 1605111603396,
    "end": 1605111603396,
    "duration": 0,
    "pid": 11700,
    "index": 4
  },
  {
    "name": "Require(1) node_modules/egg-session/config/config.default.js",
    "start": 1605111603397,
    "end": 1605111603398,
    "duration": 1,
    "pid": 11700,
    "index": 5
  },
  {
    "name": "Require(2) node_modules/egg-security/config/config.default.js",
    "start": 1605111603398,
    "end": 1605111603398,
    "duration": 0,
    "pid": 11700,
    "index": 6
  },
  {
    "name": "Require(3) node_modules/egg-jsonp/config/config.default.js",
    "start": 1605111603399,
    "end": 1605111603399,
    "duration": 0,
    "pid": 11700,
    "index": 7
  },
  {
    "name": "Require(4) node_modules/egg-onerror/config/config.default.js",
    "start": 1605111603399,
    "end": 1605111603399,
    "duration": 0,
    "pid": 11700,
    "index": 8
  },
  {
    "name": "Require(5) node_modules/egg-i18n/config/config.default.js",
    "start": 1605111603399,
    "end": 1605111603400,
    "duration": 1,
    "pid": 11700,
    "index": 9
  },
  {
    "name": "Require(6) node_modules/egg-watcher/config/config.default.js",
    "start": 1605111603400,
    "end": 1605111603400,
    "duration": 0,
    "pid": 11700,
    "index": 10
  },
  {
    "name": "Require(7) node_modules/egg-schedule/config/config.default.js",
    "start": 1605111603400,
    "end": 1605111603401,
    "duration": 1,
    "pid": 11700,
    "index": 11
  },
  {
    "name": "Require(8) node_modules/egg-multipart/config/config.default.js",
    "start": 1605111603401,
    "end": 1605111603401,
    "duration": 0,
    "pid": 11700,
    "index": 12
  },
  {
    "name": "Require(9) node_modules/egg-development/config/config.default.js",
    "start": 1605111603402,
    "end": 1605111603402,
    "duration": 0,
    "pid": 11700,
    "index": 13
  },
  {
    "name": "Require(10) node_modules/egg-logrotator/config/config.default.js",
    "start": 1605111603402,
    "end": 1605111603402,
    "duration": 0,
    "pid": 11700,
    "index": 14
  },
  {
    "name": "Require(11) node_modules/egg-static/config/config.default.js",
    "start": 1605111603402,
    "end": 1605111603403,
    "duration": 1,
    "pid": 11700,
    "index": 15
  },
  {
    "name": "Require(12) node_modules/egg-view/config/config.default.js",
    "start": 1605111603403,
    "end": 1605111603404,
    "duration": 1,
    "pid": 11700,
    "index": 16
  },
  {
    "name": "Require(13) node_modules/egg-mysql/config/config.default.js",
    "start": 1605111603404,
    "end": 1605111603404,
    "duration": 0,
    "pid": 11700,
    "index": 17
  },
  {
    "name": "Require(14) node_modules/egg-cors/config/config.default.js",
    "start": 1605111603404,
    "end": 1605111603404,
    "duration": 0,
    "pid": 11700,
    "index": 18
  },
  {
    "name": "Require(15) node_modules/egg/config/config.default.js",
    "start": 1605111603405,
    "end": 1605111603405,
    "duration": 0,
    "pid": 11700,
    "index": 19
  },
  {
    "name": "Require(16) config/config.default.js",
    "start": 1605111603406,
    "end": 1605111603406,
    "duration": 0,
    "pid": 11700,
    "index": 20
  },
  {
    "name": "Require(17) node_modules/egg-security/config/config.local.js",
    "start": 1605111603406,
    "end": 1605111603406,
    "duration": 0,
    "pid": 11700,
    "index": 21
  },
  {
    "name": "Require(18) node_modules/egg-watcher/config/config.local.js",
    "start": 1605111603407,
    "end": 1605111603407,
    "duration": 0,
    "pid": 11700,
    "index": 22
  },
  {
    "name": "Require(19) node_modules/egg-view/config/config.local.js",
    "start": 1605111603407,
    "end": 1605111603408,
    "duration": 1,
    "pid": 11700,
    "index": 23
  },
  {
    "name": "Require(20) node_modules/egg/config/config.local.js",
    "start": 1605111603408,
    "end": 1605111603408,
    "duration": 0,
    "pid": 11700,
    "index": 24
  },
  {
    "name": "Load extend/application.js",
    "start": 1605111603409,
    "end": 1605111603414,
    "duration": 5,
    "pid": 11700,
    "index": 25
  },
  {
    "name": "Require(21) node_modules/egg-session/app/extend/application.js",
    "start": 1605111603409,
    "end": 1605111603409,
    "duration": 0,
    "pid": 11700,
    "index": 26
  },
  {
    "name": "Require(22) node_modules/egg-security/app/extend/application.js",
    "start": 1605111603410,
    "end": 1605111603410,
    "duration": 0,
    "pid": 11700,
    "index": 27
  },
  {
    "name": "Require(23) node_modules/egg-jsonp/app/extend/application.js",
    "start": 1605111603410,
    "end": 1605111603411,
    "duration": 1,
    "pid": 11700,
    "index": 28
  },
  {
    "name": "Require(24) node_modules/egg-logrotator/app/extend/application.js",
    "start": 1605111603411,
    "end": 1605111603412,
    "duration": 1,
    "pid": 11700,
    "index": 29
  },
  {
    "name": "Require(25) node_modules/egg-view/app/extend/application.js",
    "start": 1605111603412,
    "end": 1605111603413,
    "duration": 1,
    "pid": 11700,
    "index": 30
  },
  {
    "name": "Load extend/request.js",
    "start": 1605111603414,
    "end": 1605111603416,
    "duration": 2,
    "pid": 11700,
    "index": 31
  },
  {
    "name": "Require(26) node_modules/egg/app/extend/request.js",
    "start": 1605111603415,
    "end": 1605111603415,
    "duration": 0,
    "pid": 11700,
    "index": 32
  },
  {
    "name": "Load extend/response.js",
    "start": 1605111603416,
    "end": 1605111603418,
    "duration": 2,
    "pid": 11700,
    "index": 33
  },
  {
    "name": "Require(27) node_modules/egg/app/extend/response.js",
    "start": 1605111603417,
    "end": 1605111603417,
    "duration": 0,
    "pid": 11700,
    "index": 34
  },
  {
    "name": "Load extend/context.js",
    "start": 1605111603418,
    "end": 1605111603459,
    "duration": 41,
    "pid": 11700,
    "index": 35
  },
  {
    "name": "Require(28) node_modules/egg-security/app/extend/context.js",
    "start": 1605111603418,
    "end": 1605111603422,
    "duration": 4,
    "pid": 11700,
    "index": 36
  },
  {
    "name": "Require(29) node_modules/egg-jsonp/app/extend/context.js",
    "start": 1605111603422,
    "end": 1605111603423,
    "duration": 1,
    "pid": 11700,
    "index": 37
  },
  {
    "name": "Require(30) node_modules/egg-i18n/app/extend/context.js",
    "start": 1605111603423,
    "end": 1605111603423,
    "duration": 0,
    "pid": 11700,
    "index": 38
  },
  {
    "name": "Require(31) node_modules/egg-multipart/app/extend/context.js",
    "start": 1605111603424,
    "end": 1605111603455,
    "duration": 31,
    "pid": 11700,
    "index": 39
  },
  {
    "name": "Require(32) node_modules/egg-view/app/extend/context.js",
    "start": 1605111603456,
    "end": 1605111603456,
    "duration": 0,
    "pid": 11700,
    "index": 40
  },
  {
    "name": "Require(33) node_modules/egg/app/extend/context.js",
    "start": 1605111603457,
    "end": 1605111603458,
    "duration": 1,
    "pid": 11700,
    "index": 41
  },
  {
    "name": "Load extend/helper.js",
    "start": 1605111603459,
    "end": 1605111603469,
    "duration": 10,
    "pid": 11700,
    "index": 42
  },
  {
    "name": "Require(34) node_modules/egg-security/app/extend/helper.js",
    "start": 1605111603459,
    "end": 1605111603467,
    "duration": 8,
    "pid": 11700,
    "index": 43
  },
  {
    "name": "Require(35) node_modules/egg/app/extend/helper.js",
    "start": 1605111603468,
    "end": 1605111603468,
    "duration": 0,
    "pid": 11700,
    "index": 44
  },
  {
    "name": "Load app.js",
    "start": 1605111603469,
    "end": 1605111603492,
    "duration": 23,
    "pid": 11700,
    "index": 45
  },
  {
    "name": "Require(36) node_modules/egg-session/app.js",
    "start": 1605111603469,
    "end": 1605111603469,
    "duration": 0,
    "pid": 11700,
    "index": 46
  },
  {
    "name": "Require(37) node_modules/egg-security/app.js",
    "start": 1605111603469,
    "end": 1605111603470,
    "duration": 1,
    "pid": 11700,
    "index": 47
  },
  {
    "name": "Require(38) node_modules/egg-onerror/app.js",
    "start": 1605111603470,
    "end": 1605111603473,
    "duration": 3,
    "pid": 11700,
    "index": 48
  },
  {
    "name": "Require(39) node_modules/egg-i18n/app.js",
    "start": 1605111603474,
    "end": 1605111603480,
    "duration": 6,
    "pid": 11700,
    "index": 49
  },
  {
    "name": "Require(40) node_modules/egg-watcher/app.js",
    "start": 1605111603480,
    "end": 1605111603482,
    "duration": 2,
    "pid": 11700,
    "index": 50
  },
  {
    "name": "Require(41) node_modules/egg-schedule/app.js",
    "start": 1605111603482,
    "end": 1605111603483,
    "duration": 1,
    "pid": 11700,
    "index": 51
  },
  {
    "name": "Require(42) node_modules/egg-multipart/app.js",
    "start": 1605111603483,
    "end": 1605111603483,
    "duration": 0,
    "pid": 11700,
    "index": 52
  },
  {
    "name": "Require(43) node_modules/egg-development/app.js",
    "start": 1605111603483,
    "end": 1605111603484,
    "duration": 1,
    "pid": 11700,
    "index": 53
  },
  {
    "name": "Require(44) node_modules/egg-logrotator/app.js",
    "start": 1605111603484,
    "end": 1605111603484,
    "duration": 0,
    "pid": 11700,
    "index": 54
  },
  {
    "name": "Require(45) node_modules/egg-static/app.js",
    "start": 1605111603484,
    "end": 1605111603484,
    "duration": 0,
    "pid": 11700,
    "index": 55
  },
  {
    "name": "Require(46) node_modules/egg-mysql/app.js",
    "start": 1605111603484,
    "end": 1605111603492,
    "duration": 8,
    "pid": 11700,
    "index": 56
  },
  {
    "name": "Require(47) node_modules/egg-cors/app.js",
    "start": 1605111603492,
    "end": 1605111603492,
    "duration": 0,
    "pid": 11700,
    "index": 57
  },
  {
    "name": "Before Start in node_modules/egg-watcher/lib/init.js:15:14",
    "start": 1605111603499,
    "end": 1605111603649,
    "duration": 150,
    "pid": 11700,
    "index": 58
  },
  {
    "name": "Before Start in node_modules/egg-mysql/lib/mysql.js:20:7",
    "start": 1605111603568,
    "end": 1605111603652,
    "duration": 84,
    "pid": 11700,
    "index": 59
  },
  {
    "name": "Load Service",
    "start": 1605111603568,
    "end": 1605111603572,
    "duration": 4,
    "pid": 11700,
    "index": 60
  },
  {
    "name": "Load \"service\" to Context",
    "start": 1605111603568,
    "end": 1605111603572,
    "duration": 4,
    "pid": 11700,
    "index": 61
  },
  {
    "name": "Load Middleware",
    "start": 1605111603572,
    "end": 1605111603628,
    "duration": 56,
    "pid": 11700,
    "index": 62
  },
  {
    "name": "Load \"middlewares\" to Application",
    "start": 1605111603572,
    "end": 1605111603619,
    "duration": 47,
    "pid": 11700,
    "index": 63
  },
  {
    "name": "Load Controller",
    "start": 1605111603628,
    "end": 1605111603629,
    "duration": 1,
    "pid": 11700,
    "index": 64
  },
  {
    "name": "Load \"controller\" to Application",
    "start": 1605111603628,
    "end": 1605111603629,
    "duration": 1,
    "pid": 11700,
    "index": 65
  },
  {
    "name": "Load Router",
    "start": 1605111603629,
    "end": 1605111603631,
    "duration": 2,
    "pid": 11700,
    "index": 66
  },
  {
    "name": "Require(48) app/router.js",
    "start": 1605111603629,
    "end": 1605111603629,
    "duration": 0,
    "pid": 11700,
    "index": 67
  },
  {
    "name": "Before Start in node_modules/egg-core/lib/egg.js:303:10",
    "start": 1605111603630,
    "end": 1605111603640,
    "duration": 10,
    "pid": 11700,
    "index": 68
  }
]