[
  {
    "name": "Process Start",
    "start": 1605111575755,
    "end": 1605111576300,
    "duration": 545,
    "pid": 11656,
    "index": 0
  },
  {
    "name": "Application Start",
    "start": 1605111576300,
    "end": 1605111576562,
    "duration": 262,
    "pid": 11656,
    "index": 1
  },
  {
    "name": "Load Plugin",
    "start": 1605111576304,
    "end": 1605111576311,
    "duration": 7,
    "pid": 11656,
    "index": 2
  },
  {
    "name": "Load Config",
    "start": 1605111576311,
    "end": 1605111576324,
    "duration": 13,
    "pid": 11656,
    "index": 3
  },
  {
    "name": "Require(0) config/config.default.js",
    "start": 1605111576311,
    "end": 1605111576312,
    "duration": 1,
    "pid": 11656,
    "index": 4
  },
  {
    "name": "Require(1) node_modules/egg-session/config/config.default.js",
    "start": 1605111576313,
    "end": 1605111576313,
    "duration": 0,
    "pid": 11656,
    "index": 5
  },
  {
    "name": "Require(2) node_modules/egg-security/config/config.default.js",
    "start": 1605111576314,
    "end": 1605111576314,
    "duration": 0,
    "pid": 11656,
    "index": 6
  },
  {
    "name": "Require(3) node_modules/egg-jsonp/config/config.default.js",
    "start": 1605111576314,
    "end": 1605111576315,
    "duration": 1,
    "pid": 11656,
    "index": 7
  },
  {
    "name": "Require(4) node_modules/egg-onerror/config/config.default.js",
    "start": 1605111576315,
    "end": 1605111576315,
    "duration": 0,
    "pid": 11656,
    "index": 8
  },
  {
    "name": "Require(5) node_modules/egg-i18n/config/config.default.js",
    "start": 1605111576315,
    "end": 1605111576316,
    "duration": 1,
    "pid": 11656,
    "index": 9
  },
  {
    "name": "Require(6) node_modules/egg-watcher/config/config.default.js",
    "start": 1605111576316,
    "end": 1605111576316,
    "duration": 0,
    "pid": 11656,
    "index": 10
  },
  {
    "name": "Require(7) node_modules/egg-schedule/config/config.default.js",
    "start": 1605111576316,
    "end": 1605111576317,
    "duration": 1,
    "pid": 11656,
    "index": 11
  },
  {
    "name": "Require(8) node_modules/egg-multipart/config/config.default.js",
    "start": 1605111576317,
    "end": 1605111576317,
    "duration": 0,
    "pid": 11656,
    "index": 12
  },
  {
    "name": "Require(9) node_modules/egg-development/config/config.default.js",
    "start": 1605111576318,
    "end": 1605111576318,
    "duration": 0,
    "pid": 11656,
    "index": 13
  },
  {
    "name": "Require(10) node_modules/egg-logrotator/config/config.default.js",
    "start": 1605111576318,
    "end": 1605111576318,
    "duration": 0,
    "pid": 11656,
    "index": 14
  },
  {
    "name": "Require(11) node_modules/egg-static/config/config.default.js",
    "start": 1605111576318,
    "end": 1605111576319,
    "duration": 1,
    "pid": 11656,
    "index": 15
  },
  {
    "name": "Require(12) node_modules/egg-view/config/config.default.js",
    "start": 1605111576319,
    "end": 1605111576319,
    "duration": 0,
    "pid": 11656,
    "index": 16
  },
  {
    "name": "Require(13) node_modules/egg-mysql/config/config.default.js",
    "start": 1605111576320,
    "end": 1605111576320,
    "duration": 0,
    "pid": 11656,
    "index": 17
  },
  {
    "name": "Require(14) node_modules/egg-cors/config/config.default.js",
    "start": 1605111576320,
    "end": 1605111576320,
    "duration": 0,
    "pid": 11656,
    "index": 18
  },
  {
    "name": "Require(15) node_modules/egg/config/config.default.js",
    "start": 1605111576320,
    "end": 1605111576321,
    "duration": 1,
    "pid": 11656,
    "index": 19
  },
  {
    "name": "Require(16) config/config.default.js",
    "start": 1605111576322,
    "end": 1605111576322,
    "duration": 0,
    "pid": 11656,
    "index": 20
  },
  {
    "name": "Require(17) node_modules/egg-security/config/config.local.js",
    "start": 1605111576322,
    "end": 1605111576322,
    "duration": 0,
    "pid": 11656,
    "index": 21
  },
  {
    "name": "Require(18) node_modules/egg-watcher/config/config.local.js",
    "start": 1605111576322,
    "end": 1605111576323,
    "duration": 1,
    "pid": 11656,
    "index": 22
  },
  {
    "name": "Require(19) node_modules/egg-view/config/config.local.js",
    "start": 1605111576323,
    "end": 1605111576323,
    "duration": 0,
    "pid": 11656,
    "index": 23
  },
  {
    "name": "Require(20) node_modules/egg/config/config.local.js",
    "start": 1605111576323,
    "end": 1605111576323,
    "duration": 0,
    "pid": 11656,
    "index": 24
  },
  {
    "name": "Load extend/application.js",
    "start": 1605111576324,
    "end": 1605111576329,
    "duration": 5,
    "pid": 11656,
    "index": 25
  },
  {
    "name": "Require(21) node_modules/egg-session/app/extend/application.js",
    "start": 1605111576325,
    "end": 1605111576325,
    "duration": 0,
    "pid": 11656,
    "index": 26
  },
  {
    "name": "Require(22) node_modules/egg-security/app/extend/application.js",
    "start": 1605111576325,
    "end": 1605111576325,
    "duration": 0,
    "pid": 11656,
    "index": 27
  },
  {
    "name": "Require(23) node_modules/egg-jsonp/app/extend/application.js",
    "start": 1605111576326,
    "end": 1605111576326,
    "duration": 0,
    "pid": 11656,
    "index": 28
  },
  {
    "name": "Require(24) node_modules/egg-logrotator/app/extend/application.js",
    "start": 1605111576327,
    "end": 1605111576327,
    "duration": 0,
    "pid": 11656,
    "index": 29
  },
  {
    "name": "Require(25) node_modules/egg-view/app/extend/application.js",
    "start": 1605111576328,
    "end": 1605111576328,
    "duration": 0,
    "pid": 11656,
    "index": 30
  },
  {
    "name": "Load extend/request.js",
    "start": 1605111576329,
    "end": 1605111576331,
    "duration": 2,
    "pid": 11656,
    "index": 31
  },
  {
    "name": "Require(26) node_modules/egg/app/extend/request.js",
    "start": 1605111576330,
    "end": 1605111576330,
    "duration": 0,
    "pid": 11656,
    "index": 32
  },
  {
    "name": "Load extend/response.js",
    "start": 1605111576331,
    "end": 1605111576334,
    "duration": 3,
    "pid": 11656,
    "index": 33
  },
  {
    "name": "Require(27) node_modules/egg/app/extend/response.js",
    "start": 1605111576332,
    "end": 1605111576333,
    "duration": 1,
    "pid": 11656,
    "index": 34
  },
  {
    "name": "Load extend/context.js",
    "start": 1605111576334,
    "end": 1605111576371,
    "duration": 37,
    "pid": 11656,
    "index": 35
  },
  {
    "name": "Require(28) node_modules/egg-security/app/extend/context.js",
    "start": 1605111576334,
    "end": 1605111576338,
    "duration": 4,
    "pid": 11656,
    "index": 36
  },
  {
    "name": "Require(29) node_modules/egg-jsonp/app/extend/context.js",
    "start": 1605111576338,
    "end": 1605111576339,
    "duration": 1,
    "pid": 11656,
    "index": 37
  },
  {
    "name": "Require(30) node_modules/egg-i18n/app/extend/context.js",
    "start": 1605111576339,
    "end": 1605111576339,
    "duration": 0,
    "pid": 11656,
    "index": 38
  },
  {
    "name": "Require(31) node_modules/egg-multipart/app/extend/context.js",
    "start": 1605111576339,
    "end": 1605111576368,
    "duration": 29,
    "pid": 11656,
    "index": 39
  },
  {
    "name": "Require(32) node_modules/egg-view/app/extend/context.js",
    "start": 1605111576369,
    "end": 1605111576369,
    "duration": 0,
    "pid": 11656,
    "index": 40
  },
  {
    "name": "Require(33) node_modules/egg/app/extend/context.js",
    "start": 1605111576370,
    "end": 1605111576371,
    "duration": 1,
    "pid": 11656,
    "index": 41
  },
  {
    "name": "Load extend/helper.js",
    "start": 1605111576372,
    "end": 1605111576381,
    "duration": 9,
    "pid": 11656,
    "index": 42
  },
  {
    "name": "Require(34) node_modules/egg-security/app/extend/helper.js",
    "start": 1605111576372,
    "end": 1605111576380,
    "duration": 8,
    "pid": 11656,
    "index": 43
  },
  {
    "name": "Require(35) node_modules/egg/app/extend/helper.js",
    "start": 1605111576381,
    "end": 1605111576381,
    "duration": 0,
    "pid": 11656,
    "index": 44
  },
  {
    "name": "Load app.js",
    "start": 1605111576382,
    "end": 1605111576405,
    "duration": 23,
    "pid": 11656,
    "index": 45
  },
  {
    "name": "Require(36) node_modules/egg-session/app.js",
    "start": 1605111576382,
    "end": 1605111576382,
    "duration": 0,
    "pid": 11656,
    "index": 46
  },
  {
    "name": "Require(37) node_modules/egg-security/app.js",
    "start": 1605111576382,
    "end": 1605111576383,
    "duration": 1,
    "pid": 11656,
    "index": 47
  },
  {
    "name": "Require(38) node_modules/egg-onerror/app.js",
    "start": 1605111576383,
    "end": 1605111576387,
    "duration": 4,
    "pid": 11656,
    "index": 48
  },
  {
    "name": "Require(39) node_modules/egg-i18n/app.js",
    "start": 1605111576387,
    "end": 1605111576393,
    "duration": 6,
    "pid": 11656,
    "index": 49
  },
  {
    "name": "Require(40) node_modules/egg-watcher/app.js",
    "start": 1605111576393,
    "end": 1605111576395,
    "duration": 2,
    "pid": 11656,
    "index": 50
  },
  {
    "name": "Require(41) node_modules/egg-schedule/app.js",
    "start": 1605111576395,
    "end": 1605111576395,
    "duration": 0,
    "pid": 11656,
    "index": 51
  },
  {
    "name": "Require(42) node_modules/egg-multipart/app.js",
    "start": 1605111576396,
    "end": 1605111576396,
    "duration": 0,
    "pid": 11656,
    "index": 52
  },
  {
    "name": "Require(43) node_modules/egg-development/app.js",
    "start": 1605111576396,
    "end": 1605111576396,
    "duration": 0,
    "pid": 11656,
    "index": 53
  },
  {
    "name": "Require(44) node_modules/egg-logrotator/app.js",
    "start": 1605111576396,
    "end": 1605111576396,
    "duration": 0,
    "pid": 11656,
    "index": 54
  },
  {
    "name": "Require(45) node_modules/egg-static/app.js",
    "start": 1605111576397,
    "end": 1605111576397,
    "duration": 0,
    "pid": 11656,
    "index": 55
  },
  {
    "name": "Require(46) node_modules/egg-mysql/app.js",
    "start": 1605111576397,
    "end": 1605111576404,
    "duration": 7,
    "pid": 11656,
    "index": 56
  },
  {
    "name": "Require(47) node_modules/egg-cors/app.js",
    "start": 1605111576404,
    "end": 1605111576404,
    "duration": 0,
    "pid": 11656,
    "index": 57
  },
  {
    "name": "Before Start in node_modules/egg-watcher/lib/init.js:15:14",
    "start": 1605111576411,
    "end": 1605111576559,
    "duration": 148,
    "pid": 11656,
    "index": 58
  },
  {
    "name": "Before Start in node_modules/egg-mysql/lib/mysql.js:20:7",
    "start": 1605111576480,
    "end": 1605111576562,
    "duration": 82,
    "pid": 11656,
    "index": 59
  },
  {
    "name": "Load Service",
    "start": 1605111576480,
    "end": 1605111576483,
    "duration": 3,
    "pid": 11656,
    "index": 60
  },
  {
    "name": "Load \"service\" to Context",
    "start": 1605111576480,
    "end": 1605111576483,
    "duration": 3,
    "pid": 11656,
    "index": 61
  },
  {
    "name": "Load Middleware",
    "start": 1605111576483,
    "end": 1605111576538,
    "duration": 55,
    "pid": 11656,
    "index": 62
  },
  {
    "name": "Load \"middlewares\" to Application",
    "start": 1605111576483,
    "end": 1605111576529,
    "duration": 46,
    "pid": 11656,
    "index": 63
  },
  {
    "name": "Load Controller",
    "start": 1605111576538,
    "end": 1605111576539,
    "duration": 1,
    "pid": 11656,
    "index": 64
  },
  {
    "name": "Load \"controller\" to Application",
    "start": 1605111576538,
    "end": 1605111576539,
    "duration": 1,
    "pid": 11656,
    "index": 65
  },
  {
    "name": "Load Router",
    "start": 1605111576539,
    "end": 1605111576542,
    "duration": 3,
    "pid": 11656,
    "index": 66
  },
  {
    "name": "Require(48) app/router.js",
    "start": 1605111576539,
    "end": 1605111576540,
    "duration": 1,
    "pid": 11656,
    "index": 67
  },
  {
    "name": "Before Start in node_modules/egg-core/lib/egg.js:303:10",
    "start": 1605111576540,
    "end": 1605111576551,
    "duration": 11,
    "pid": 11656,
    "index": 68
  }
]