[
  {
    "name": "Process Start",
    "start": 1605111010936,
    "end": 1605111011468,
    "duration": 532,
    "pid": 10883,
    "index": 0
  },
  {
    "name": "Application Start",
    "start": 1605111011469,
    "end": 1605111011820,
    "duration": 351,
    "pid": 10883,
    "index": 1
  },
  {
    "name": "Load Plugin",
    "start": 1605111011472,
    "end": 1605111011478,
    "duration": 6,
    "pid": 10883,
    "index": 2
  },
  {
    "name": "Load Config",
    "start": 1605111011478,
    "end": 1605111011491,
    "duration": 13,
    "pid": 10883,
    "index": 3
  },
  {
    "name": "Require(0) config/config.default.js",
    "start": 1605111011479,
    "end": 1605111011479,
    "duration": 0,
    "pid": 10883,
    "index": 4
  },
  {
    "name": "Require(1) node_modules/egg-session/config/config.default.js",
    "start": 1605111011480,
    "end": 1605111011480,
    "duration": 0,
    "pid": 10883,
    "index": 5
  },
  {
    "name": "Require(2) node_modules/egg-security/config/config.default.js",
    "start": 1605111011480,
    "end": 1605111011481,
    "duration": 1,
    "pid": 10883,
    "index": 6
  },
  {
    "name": "Require(3) node_modules/egg-jsonp/config/config.default.js",
    "start": 1605111011482,
    "end": 1605111011482,
    "duration": 0,
    "pid": 10883,
    "index": 7
  },
  {
    "name": "Require(4) node_modules/egg-onerror/config/config.default.js",
    "start": 1605111011482,
    "end": 1605111011483,
    "duration": 1,
    "pid": 10883,
    "index": 8
  },
  {
    "name": "Require(5) node_modules/egg-i18n/config/config.default.js",
    "start": 1605111011483,
    "end": 1605111011483,
    "duration": 0,
    "pid": 10883,
    "index": 9
  },
  {
    "name": "Require(6) node_modules/egg-watcher/config/config.default.js",
    "start": 1605111011483,
    "end": 1605111011484,
    "duration": 1,
    "pid": 10883,
    "index": 10
  },
  {
    "name": "Require(7) node_modules/egg-schedule/config/config.default.js",
    "start": 1605111011484,
    "end": 1605111011484,
    "duration": 0,
    "pid": 10883,
    "index": 11
  },
  {
    "name": "Require(8) node_modules/egg-multipart/config/config.default.js",
    "start": 1605111011484,
    "end": 1605111011485,
    "duration": 1,
    "pid": 10883,
    "index": 12
  },
  {
    "name": "Require(9) node_modules/egg-development/config/config.default.js",
    "start": 1605111011485,
    "end": 1605111011485,
    "duration": 0,
    "pid": 10883,
    "index": 13
  },
  {
    "name": "Require(10) node_modules/egg-logrotator/config/config.default.js",
    "start": 1605111011485,
    "end": 1605111011486,
    "duration": 1,
    "pid": 10883,
    "index": 14
  },
  {
    "name": "Require(11) node_modules/egg-static/config/config.default.js",
    "start": 1605111011486,
    "end": 1605111011486,
    "duration": 0,
    "pid": 10883,
    "index": 15
  },
  {
    "name": "Require(12) node_modules/egg-view/config/config.default.js",
    "start": 1605111011486,
    "end": 1605111011487,
    "duration": 1,
    "pid": 10883,
    "index": 16
  },
  {
    "name": "Require(13) node_modules/egg-mysql/config/config.default.js",
    "start": 1605111011487,
    "end": 1605111011487,
    "duration": 0,
    "pid": 10883,
    "index": 17
  },
  {
    "name": "Require(14) node_modules/egg-cors/config/config.default.js",
    "start": 1605111011487,
    "end": 1605111011487,
    "duration": 0,
    "pid": 10883,
    "index": 18
  },
  {
    "name": "Require(15) node_modules/egg/config/config.default.js",
    "start": 1605111011488,
    "end": 1605111011488,
    "duration": 0,
    "pid": 10883,
    "index": 19
  },
  {
    "name": "Require(16) config/config.default.js",
    "start": 1605111011489,
    "end": 1605111011489,
    "duration": 0,
    "pid": 10883,
    "index": 20
  },
  {
    "name": "Require(17) node_modules/egg-security/config/config.local.js",
    "start": 1605111011489,
    "end": 1605111011490,
    "duration": 1,
    "pid": 10883,
    "index": 21
  },
  {
    "name": "Require(18) node_modules/egg-watcher/config/config.local.js",
    "start": 1605111011490,
    "end": 1605111011490,
    "duration": 0,
    "pid": 10883,
    "index": 22
  },
  {
    "name": "Require(19) node_modules/egg-view/config/config.local.js",
    "start": 1605111011490,
    "end": 1605111011491,
    "duration": 1,
    "pid": 10883,
    "index": 23
  },
  {
    "name": "Require(20) node_modules/egg/config/config.local.js",
    "start": 1605111011491,
    "end": 1605111011491,
    "duration": 0,
    "pid": 10883,
    "index": 24
  },
  {
    "name": "Load extend/application.js",
    "start": 1605111011492,
    "end": 1605111011497,
    "duration": 5,
    "pid": 10883,
    "index": 25
  },
  {
    "name": "Require(21) node_modules/egg-session/app/extend/application.js",
    "start": 1605111011492,
    "end": 1605111011492,
    "duration": 0,
    "pid": 10883,
    "index": 26
  },
  {
    "name": "Require(22) node_modules/egg-security/app/extend/application.js",
    "start": 1605111011493,
    "end": 1605111011493,
    "duration": 0,
    "pid": 10883,
    "index": 27
  },
  {
    "name": "Require(23) node_modules/egg-jsonp/app/extend/application.js",
    "start": 1605111011493,
    "end": 1605111011494,
    "duration": 1,
    "pid": 10883,
    "index": 28
  },
  {
    "name": "Require(24) node_modules/egg-logrotator/app/extend/application.js",
    "start": 1605111011494,
    "end": 1605111011495,
    "duration": 1,
    "pid": 10883,
    "index": 29
  },
  {
    "name": "Require(25) node_modules/egg-view/app/extend/application.js",
    "start": 1605111011495,
    "end": 1605111011495,
    "duration": 0,
    "pid": 10883,
    "index": 30
  },
  {
    "name": "Load extend/request.js",
    "start": 1605111011497,
    "end": 1605111011499,
    "duration": 2,
    "pid": 10883,
    "index": 31
  },
  {
    "name": "Require(26) node_modules/egg/app/extend/request.js",
    "start": 1605111011498,
    "end": 1605111011498,
    "duration": 0,
    "pid": 10883,
    "index": 32
  },
  {
    "name": "Load extend/response.js",
    "start": 1605111011499,
    "end": 1605111011502,
    "duration": 3,
    "pid": 10883,
    "index": 33
  },
  {
    "name": "Require(27) node_modules/egg/app/extend/response.js",
    "start": 1605111011500,
    "end": 1605111011501,
    "duration": 1,
    "pid": 10883,
    "index": 34
  },
  {
    "name": "Load extend/context.js",
    "start": 1605111011502,
    "end": 1605111011539,
    "duration": 37,
    "pid": 10883,
    "index": 35
  },
  {
    "name": "Require(28) node_modules/egg-security/app/extend/context.js",
    "start": 1605111011502,
    "end": 1605111011506,
    "duration": 4,
    "pid": 10883,
    "index": 36
  },
  {
    "name": "Require(29) node_modules/egg-jsonp/app/extend/context.js",
    "start": 1605111011506,
    "end": 1605111011507,
    "duration": 1,
    "pid": 10883,
    "index": 37
  },
  {
    "name": "Require(30) node_modules/egg-i18n/app/extend/context.js",
    "start": 1605111011507,
    "end": 1605111011507,
    "duration": 0,
    "pid": 10883,
    "index": 38
  },
  {
    "name": "Require(31) node_modules/egg-multipart/app/extend/context.js",
    "start": 1605111011508,
    "end": 1605111011536,
    "duration": 28,
    "pid": 10883,
    "index": 39
  },
  {
    "name": "Require(32) node_modules/egg-view/app/extend/context.js",
    "start": 1605111011537,
    "end": 1605111011537,
    "duration": 0,
    "pid": 10883,
    "index": 40
  },
  {
    "name": "Require(33) node_modules/egg/app/extend/context.js",
    "start": 1605111011538,
    "end": 1605111011539,
    "duration": 1,
    "pid": 10883,
    "index": 41
  },
  {
    "name": "Load extend/helper.js",
    "start": 1605111011539,
    "end": 1605111011550,
    "duration": 11,
    "pid": 10883,
    "index": 42
  },
  {
    "name": "Require(34) node_modules/egg-security/app/extend/helper.js",
    "start": 1605111011540,
    "end": 1605111011549,
    "duration": 9,
    "pid": 10883,
    "index": 43
  },
  {
    "name": "Require(35) node_modules/egg/app/extend/helper.js",
    "start": 1605111011549,
    "end": 1605111011550,
    "duration": 1,
    "pid": 10883,
    "index": 44
  },
  {
    "name": "Load app.js",
    "start": 1605111011551,
    "end": 1605111011574,
    "duration": 23,
    "pid": 10883,
    "index": 45
  },
  {
    "name": "Require(36) node_modules/egg-session/app.js",
    "start": 1605111011551,
    "end": 1605111011551,
    "duration": 0,
    "pid": 10883,
    "index": 46
  },
  {
    "name": "Require(37) node_modules/egg-security/app.js",
    "start": 1605111011551,
    "end": 1605111011552,
    "duration": 1,
    "pid": 10883,
    "index": 47
  },
  {
    "name": "Require(38) node_modules/egg-onerror/app.js",
    "start": 1605111011552,
    "end": 1605111011556,
    "duration": 4,
    "pid": 10883,
    "index": 48
  },
  {
    "name": "Require(39) node_modules/egg-i18n/app.js",
    "start": 1605111011556,
    "end": 1605111011563,
    "duration": 7,
    "pid": 10883,
    "index": 49
  },
  {
    "name": "Require(40) node_modules/egg-watcher/app.js",
    "start": 1605111011563,
    "end": 1605111011564,
    "duration": 1,
    "pid": 10883,
    "index": 50
  },
  {
    "name": "Require(41) node_modules/egg-schedule/app.js",
    "start": 1605111011564,
    "end": 1605111011565,
    "duration": 1,
    "pid": 10883,
    "index": 51
  },
  {
    "name": "Require(42) node_modules/egg-multipart/app.js",
    "start": 1605111011565,
    "end": 1605111011565,
    "duration": 0,
    "pid": 10883,
    "index": 52
  },
  {
    "name": "Require(43) node_modules/egg-development/app.js",
    "start": 1605111011566,
    "end": 1605111011566,
    "duration": 0,
    "pid": 10883,
    "index": 53
  },
  {
    "name": "Require(44) node_modules/egg-logrotator/app.js",
    "start": 1605111011566,
    "end": 1605111011566,
    "duration": 0,
    "pid": 10883,
    "index": 54
  },
  {
    "name": "Require(45) node_modules/egg-static/app.js",
    "start": 1605111011566,
    "end": 1605111011566,
    "duration": 0,
    "pid": 10883,
    "index": 55
  },
  {
    "name": "Require(46) node_modules/egg-mysql/app.js",
    "start": 1605111011566,
    "end": 1605111011574,
    "duration": 8,
    "pid": 10883,
    "index": 56
  },
  {
    "name": "Require(47) node_modules/egg-cors/app.js",
    "start": 1605111011574,
    "end": 1605111011574,
    "duration": 0,
    "pid": 10883,
    "index": 57
  },
  {
    "name": "Before Start in node_modules/egg-watcher/lib/init.js:15:14",
    "start": 1605111011581,
    "end": 1605111011817,
    "duration": 236,
    "pid": 10883,
    "index": 58
  },
  {
    "name": "Before Start in node_modules/egg-mysql/lib/mysql.js:20:7",
    "start": 1605111011661,
    "end": 1605111011819,
    "duration": 158,
    "pid": 10883,
    "index": 59
  },
  {
    "name": "Load Service",
    "start": 1605111011662,
    "end": 1605111011666,
    "duration": 4,
    "pid": 10883,
    "index": 60
  },
  {
    "name": "Load \"service\" to Context",
    "start": 1605111011662,
    "end": 1605111011666,
    "duration": 4,
    "pid": 10883,
    "index": 61
  },
  {
    "name": "Load Middleware",
    "start": 1605111011666,
    "end": 1605111011791,
    "duration": 125,
    "pid": 10883,
    "index": 62
  },
  {
    "name": "Load \"middlewares\" to Application",
    "start": 1605111011666,
    "end": 1605111011778,
    "duration": 112,
    "pid": 10883,
    "index": 63
  },
  {
    "name": "Load Controller",
    "start": 1605111011791,
    "end": 1605111011793,
    "duration": 2,
    "pid": 10883,
    "index": 64
  },
  {
    "name": "Load \"controller\" to Application",
    "start": 1605111011791,
    "end": 1605111011793,
    "duration": 2,
    "pid": 10883,
    "index": 65
  },
  {
    "name": "Load Router",
    "start": 1605111011793,
    "end": 1605111011795,
    "duration": 2,
    "pid": 10883,
    "index": 66
  },
  {
    "name": "Require(48) app/router.js",
    "start": 1605111011793,
    "end": 1605111011794,
    "duration": 1,
    "pid": 10883,
    "index": 67
  },
  {
    "name": "Before Start in node_modules/egg-core/lib/egg.js:303:10",
    "start": 1605111011794,
    "end": 1605111011807,
    "duration": 13,
    "pid": 10883,
    "index": 68
  }
]