[
  {
    "name": "Process Start",
    "start": 1605111928857,
    "end": 1605111929425,
    "duration": 568,
    "pid": 12139,
    "index": 0
  },
  {
    "name": "Application Start",
    "start": 1605111929426,
    "end": 1605111929690,
    "duration": 264,
    "pid": 12139,
    "index": 1
  },
  {
    "name": "Load Plugin",
    "start": 1605111929429,
    "end": 1605111929436,
    "duration": 7,
    "pid": 12139,
    "index": 2
  },
  {
    "name": "Load Config",
    "start": 1605111929436,
    "end": 1605111929448,
    "duration": 12,
    "pid": 12139,
    "index": 3
  },
  {
    "name": "Require(0) config/config.default.js",
    "start": 1605111929436,
    "end": 1605111929436,
    "duration": 0,
    "pid": 12139,
    "index": 4
  },
  {
    "name": "Require(1) node_modules/egg-session/config/config.default.js",
    "start": 1605111929437,
    "end": 1605111929438,
    "duration": 1,
    "pid": 12139,
    "index": 5
  },
  {
    "name": "Require(2) node_modules/egg-security/config/config.default.js",
    "start": 1605111929438,
    "end": 1605111929438,
    "duration": 0,
    "pid": 12139,
    "index": 6
  },
  {
    "name": "Require(3) node_modules/egg-jsonp/config/config.default.js",
    "start": 1605111929439,
    "end": 1605111929439,
    "duration": 0,
    "pid": 12139,
    "index": 7
  },
  {
    "name": "Require(4) node_modules/egg-onerror/config/config.default.js",
    "start": 1605111929439,
    "end": 1605111929439,
    "duration": 0,
    "pid": 12139,
    "index": 8
  },
  {
    "name": "Require(5) node_modules/egg-i18n/config/config.default.js",
    "start": 1605111929440,
    "end": 1605111929440,
    "duration": 0,
    "pid": 12139,
    "index": 9
  },
  {
    "name": "Require(6) node_modules/egg-watcher/config/config.default.js",
    "start": 1605111929440,
    "end": 1605111929440,
    "duration": 0,
    "pid": 12139,
    "index": 10
  },
  {
    "name": "Require(7) node_modules/egg-schedule/config/config.default.js",
    "start": 1605111929441,
    "end": 1605111929441,
    "duration": 0,
    "pid": 12139,
    "index": 11
  },
  {
    "name": "Require(8) node_modules/egg-multipart/config/config.default.js",
    "start": 1605111929441,
    "end": 1605111929442,
    "duration": 1,
    "pid": 12139,
    "index": 12
  },
  {
    "name": "Require(9) node_modules/egg-development/config/config.default.js",
    "start": 1605111929442,
    "end": 1605111929442,
    "duration": 0,
    "pid": 12139,
    "index": 13
  },
  {
    "name": "Require(10) node_modules/egg-logrotator/config/config.default.js",
    "start": 1605111929443,
    "end": 1605111929443,
    "duration": 0,
    "pid": 12139,
    "index": 14
  },
  {
    "name": "Require(11) node_modules/egg-static/config/config.default.js",
    "start": 1605111929443,
    "end": 1605111929443,
    "duration": 0,
    "pid": 12139,
    "index": 15
  },
  {
    "name": "Require(12) node_modules/egg-view/config/config.default.js",
    "start": 1605111929444,
    "end": 1605111929444,
    "duration": 0,
    "pid": 12139,
    "index": 16
  },
  {
    "name": "Require(13) node_modules/egg-mysql/config/config.default.js",
    "start": 1605111929444,
    "end": 1605111929444,
    "duration": 0,
    "pid": 12139,
    "index": 17
  },
  {
    "name": "Require(14) node_modules/egg-cors/config/config.default.js",
    "start": 1605111929444,
    "end": 1605111929445,
    "duration": 1,
    "pid": 12139,
    "index": 18
  },
  {
    "name": "Require(15) node_modules/egg/config/config.default.js",
    "start": 1605111929445,
    "end": 1605111929445,
    "duration": 0,
    "pid": 12139,
    "index": 19
  },
  {
    "name": "Require(16) config/config.default.js",
    "start": 1605111929446,
    "end": 1605111929446,
    "duration": 0,
    "pid": 12139,
    "index": 20
  },
  {
    "name": "Require(17) node_modules/egg-security/config/config.local.js",
    "start": 1605111929446,
    "end": 1605111929447,
    "duration": 1,
    "pid": 12139,
    "index": 21
  },
  {
    "name": "Require(18) node_modules/egg-watcher/config/config.local.js",
    "start": 1605111929447,
    "end": 1605111929447,
    "duration": 0,
    "pid": 12139,
    "index": 22
  },
  {
    "name": "Require(19) node_modules/egg-view/config/config.local.js",
    "start": 1605111929447,
    "end": 1605111929448,
    "duration": 1,
    "pid": 12139,
    "index": 23
  },
  {
    "name": "Require(20) node_modules/egg/config/config.local.js",
    "start": 1605111929448,
    "end": 1605111929448,
    "duration": 0,
    "pid": 12139,
    "index": 24
  },
  {
    "name": "Load extend/application.js",
    "start": 1605111929449,
    "end": 1605111929454,
    "duration": 5,
    "pid": 12139,
    "index": 25
  },
  {
    "name": "Require(21) node_modules/egg-session/app/extend/application.js",
    "start": 1605111929449,
    "end": 1605111929450,
    "duration": 1,
    "pid": 12139,
    "index": 26
  },
  {
    "name": "Require(22) node_modules/egg-security/app/extend/application.js",
    "start": 1605111929450,
    "end": 1605111929450,
    "duration": 0,
    "pid": 12139,
    "index": 27
  },
  {
    "name": "Require(23) node_modules/egg-jsonp/app/extend/application.js",
    "start": 1605111929451,
    "end": 1605111929451,
    "duration": 0,
    "pid": 12139,
    "index": 28
  },
  {
    "name": "Require(24) node_modules/egg-logrotator/app/extend/application.js",
    "start": 1605111929452,
    "end": 1605111929452,
    "duration": 0,
    "pid": 12139,
    "index": 29
  },
  {
    "name": "Require(25) node_modules/egg-view/app/extend/application.js",
    "start": 1605111929453,
    "end": 1605111929453,
    "duration": 0,
    "pid": 12139,
    "index": 30
  },
  {
    "name": "Load extend/request.js",
    "start": 1605111929454,
    "end": 1605111929457,
    "duration": 3,
    "pid": 12139,
    "index": 31
  },
  {
    "name": "Require(26) node_modules/egg/app/extend/request.js",
    "start": 1605111929455,
    "end": 1605111929456,
    "duration": 1,
    "pid": 12139,
    "index": 32
  },
  {
    "name": "Load extend/response.js",
    "start": 1605111929457,
    "end": 1605111929460,
    "duration": 3,
    "pid": 12139,
    "index": 33
  },
  {
    "name": "Require(27) node_modules/egg/app/extend/response.js",
    "start": 1605111929457,
    "end": 1605111929459,
    "duration": 2,
    "pid": 12139,
    "index": 34
  },
  {
    "name": "Load extend/context.js",
    "start": 1605111929460,
    "end": 1605111929497,
    "duration": 37,
    "pid": 12139,
    "index": 35
  },
  {
    "name": "Require(28) node_modules/egg-security/app/extend/context.js",
    "start": 1605111929460,
    "end": 1605111929464,
    "duration": 4,
    "pid": 12139,
    "index": 36
  },
  {
    "name": "Require(29) node_modules/egg-jsonp/app/extend/context.js",
    "start": 1605111929464,
    "end": 1605111929464,
    "duration": 0,
    "pid": 12139,
    "index": 37
  },
  {
    "name": "Require(30) node_modules/egg-i18n/app/extend/context.js",
    "start": 1605111929464,
    "end": 1605111929465,
    "duration": 1,
    "pid": 12139,
    "index": 38
  },
  {
    "name": "Require(31) node_modules/egg-multipart/app/extend/context.js",
    "start": 1605111929465,
    "end": 1605111929494,
    "duration": 29,
    "pid": 12139,
    "index": 39
  },
  {
    "name": "Require(32) node_modules/egg-view/app/extend/context.js",
    "start": 1605111929494,
    "end": 1605111929495,
    "duration": 1,
    "pid": 12139,
    "index": 40
  },
  {
    "name": "Require(33) node_modules/egg/app/extend/context.js",
    "start": 1605111929496,
    "end": 1605111929496,
    "duration": 0,
    "pid": 12139,
    "index": 41
  },
  {
    "name": "Load extend/helper.js",
    "start": 1605111929497,
    "end": 1605111929507,
    "duration": 10,
    "pid": 12139,
    "index": 42
  },
  {
    "name": "Require(34) node_modules/egg-security/app/extend/helper.js",
    "start": 1605111929497,
    "end": 1605111929506,
    "duration": 9,
    "pid": 12139,
    "index": 43
  },
  {
    "name": "Require(35) node_modules/egg/app/extend/helper.js",
    "start": 1605111929506,
    "end": 1605111929506,
    "duration": 0,
    "pid": 12139,
    "index": 44
  },
  {
    "name": "Load app.js",
    "start": 1605111929507,
    "end": 1605111929531,
    "duration": 24,
    "pid": 12139,
    "index": 45
  },
  {
    "name": "Require(36) node_modules/egg-session/app.js",
    "start": 1605111929508,
    "end": 1605111929508,
    "duration": 0,
    "pid": 12139,
    "index": 46
  },
  {
    "name": "Require(37) node_modules/egg-security/app.js",
    "start": 1605111929508,
    "end": 1605111929509,
    "duration": 1,
    "pid": 12139,
    "index": 47
  },
  {
    "name": "Require(38) node_modules/egg-onerror/app.js",
    "start": 1605111929509,
    "end": 1605111929512,
    "duration": 3,
    "pid": 12139,
    "index": 48
  },
  {
    "name": "Require(39) node_modules/egg-i18n/app.js",
    "start": 1605111929512,
    "end": 1605111929519,
    "duration": 7,
    "pid": 12139,
    "index": 49
  },
  {
    "name": "Require(40) node_modules/egg-watcher/app.js",
    "start": 1605111929519,
    "end": 1605111929520,
    "duration": 1,
    "pid": 12139,
    "index": 50
  },
  {
    "name": "Require(41) node_modules/egg-schedule/app.js",
    "start": 1605111929520,
    "end": 1605111929521,
    "duration": 1,
    "pid": 12139,
    "index": 51
  },
  {
    "name": "Require(42) node_modules/egg-multipart/app.js",
    "start": 1605111929521,
    "end": 1605111929522,
    "duration": 1,
    "pid": 12139,
    "index": 52
  },
  {
    "name": "Require(43) node_modules/egg-development/app.js",
    "start": 1605111929522,
    "end": 1605111929522,
    "duration": 0,
    "pid": 12139,
    "index": 53
  },
  {
    "name": "Require(44) node_modules/egg-logrotator/app.js",
    "start": 1605111929522,
    "end": 1605111929522,
    "duration": 0,
    "pid": 12139,
    "index": 54
  },
  {
    "name": "Require(45) node_modules/egg-static/app.js",
    "start": 1605111929523,
    "end": 1605111929523,
    "duration": 0,
    "pid": 12139,
    "index": 55
  },
  {
    "name": "Require(46) node_modules/egg-mysql/app.js",
    "start": 1605111929523,
    "end": 1605111929530,
    "duration": 7,
    "pid": 12139,
    "index": 56
  },
  {
    "name": "Require(47) node_modules/egg-cors/app.js",
    "start": 1605111929530,
    "end": 1605111929530,
    "duration": 0,
    "pid": 12139,
    "index": 57
  },
  {
    "name": "Before Start in node_modules/egg-watcher/lib/init.js:15:14",
    "start": 1605111929537,
    "end": 1605111929687,
    "duration": 150,
    "pid": 12139,
    "index": 58
  },
  {
    "name": "Before Start in node_modules/egg-mysql/lib/mysql.js:20:7",
    "start": 1605111929605,
    "end": 1605111929690,
    "duration": 85,
    "pid": 12139,
    "index": 59
  },
  {
    "name": "Load Service",
    "start": 1605111929605,
    "end": 1605111929609,
    "duration": 4,
    "pid": 12139,
    "index": 60
  },
  {
    "name": "Load \"service\" to Context",
    "start": 1605111929605,
    "end": 1605111929609,
    "duration": 4,
    "pid": 12139,
    "index": 61
  },
  {
    "name": "Load Middleware",
    "start": 1605111929609,
    "end": 1605111929666,
    "duration": 57,
    "pid": 12139,
    "index": 62
  },
  {
    "name": "Load \"middlewares\" to Application",
    "start": 1605111929609,
    "end": 1605111929657,
    "duration": 48,
    "pid": 12139,
    "index": 63
  },
  {
    "name": "Load Controller",
    "start": 1605111929666,
    "end": 1605111929667,
    "duration": 1,
    "pid": 12139,
    "index": 64
  },
  {
    "name": "Load \"controller\" to Application",
    "start": 1605111929666,
    "end": 1605111929667,
    "duration": 1,
    "pid": 12139,
    "index": 65
  },
  {
    "name": "Load Router",
    "start": 1605111929667,
    "end": 1605111929669,
    "duration": 2,
    "pid": 12139,
    "index": 66
  },
  {
    "name": "Require(48) app/router.js",
    "start": 1605111929667,
    "end": 1605111929667,
    "duration": 0,
    "pid": 12139,
    "index": 67
  },
  {
    "name": "Before Start in node_modules/egg-core/lib/egg.js:303:10",
    "start": 1605111929668,
    "end": 1605111929678,
    "duration": 10,
    "pid": 12139,
    "index": 68
  }
]