[
  {
    "name": "Process Start",
    "start": 1605111574943,
    "end": 1605111575473,
    "duration": 530,
    "pid": 11646,
    "index": 0
  },
  {
    "name": "Application Start",
    "start": 1605111575474,
    "end": 1605111575737,
    "duration": 263,
    "pid": 11646,
    "index": 1
  },
  {
    "name": "Load Plugin",
    "start": 1605111575478,
    "end": 1605111575485,
    "duration": 7,
    "pid": 11646,
    "index": 2
  },
  {
    "name": "Load Config",
    "start": 1605111575485,
    "end": 1605111575497,
    "duration": 12,
    "pid": 11646,
    "index": 3
  },
  {
    "name": "Require(0) config/config.default.js",
    "start": 1605111575485,
    "end": 1605111575486,
    "duration": 1,
    "pid": 11646,
    "index": 4
  },
  {
    "name": "Require(1) node_modules/egg-session/config/config.default.js",
    "start": 1605111575487,
    "end": 1605111575487,
    "duration": 0,
    "pid": 11646,
    "index": 5
  },
  {
    "name": "Require(2) node_modules/egg-security/config/config.default.js",
    "start": 1605111575487,
    "end": 1605111575487,
    "duration": 0,
    "pid": 11646,
    "index": 6
  },
  {
    "name": "Require(3) node_modules/egg-jsonp/config/config.default.js",
    "start": 1605111575488,
    "end": 1605111575488,
    "duration": 0,
    "pid": 11646,
    "index": 7
  },
  {
    "name": "Require(4) node_modules/egg-onerror/config/config.default.js",
    "start": 1605111575488,
    "end": 1605111575489,
    "duration": 1,
    "pid": 11646,
    "index": 8
  },
  {
    "name": "Require(5) node_modules/egg-i18n/config/config.default.js",
    "start": 1605111575489,
    "end": 1605111575489,
    "duration": 0,
    "pid": 11646,
    "index": 9
  },
  {
    "name": "Require(6) node_modules/egg-watcher/config/config.default.js",
    "start": 1605111575490,
    "end": 1605111575490,
    "duration": 0,
    "pid": 11646,
    "index": 10
  },
  {
    "name": "Require(7) node_modules/egg-schedule/config/config.default.js",
    "start": 1605111575490,
    "end": 1605111575490,
    "duration": 0,
    "pid": 11646,
    "index": 11
  },
  {
    "name": "Require(8) node_modules/egg-multipart/config/config.default.js",
    "start": 1605111575491,
    "end": 1605111575491,
    "duration": 0,
    "pid": 11646,
    "index": 12
  },
  {
    "name": "Require(9) node_modules/egg-development/config/config.default.js",
    "start": 1605111575491,
    "end": 1605111575491,
    "duration": 0,
    "pid": 11646,
    "index": 13
  },
  {
    "name": "Require(10) node_modules/egg-logrotator/config/config.default.js",
    "start": 1605111575492,
    "end": 1605111575492,
    "duration": 0,
    "pid": 11646,
    "index": 14
  },
  {
    "name": "Require(11) node_modules/egg-static/config/config.default.js",
    "start": 1605111575492,
    "end": 1605111575492,
    "duration": 0,
    "pid": 11646,
    "index": 15
  },
  {
    "name": "Require(12) node_modules/egg-view/config/config.default.js",
    "start": 1605111575492,
    "end": 1605111575493,
    "duration": 1,
    "pid": 11646,
    "index": 16
  },
  {
    "name": "Require(13) node_modules/egg-mysql/config/config.default.js",
    "start": 1605111575493,
    "end": 1605111575493,
    "duration": 0,
    "pid": 11646,
    "index": 17
  },
  {
    "name": "Require(14) node_modules/egg-cors/config/config.default.js",
    "start": 1605111575493,
    "end": 1605111575493,
    "duration": 0,
    "pid": 11646,
    "index": 18
  },
  {
    "name": "Require(15) node_modules/egg/config/config.default.js",
    "start": 1605111575494,
    "end": 1605111575494,
    "duration": 0,
    "pid": 11646,
    "index": 19
  },
  {
    "name": "Require(16) config/config.default.js",
    "start": 1605111575495,
    "end": 1605111575495,
    "duration": 0,
    "pid": 11646,
    "index": 20
  },
  {
    "name": "Require(17) node_modules/egg-security/config/config.local.js",
    "start": 1605111575495,
    "end": 1605111575495,
    "duration": 0,
    "pid": 11646,
    "index": 21
  },
  {
    "name": "Require(18) node_modules/egg-watcher/config/config.local.js",
    "start": 1605111575496,
    "end": 1605111575496,
    "duration": 0,
    "pid": 11646,
    "index": 22
  },
  {
    "name": "Require(19) node_modules/egg-view/config/config.local.js",
    "start": 1605111575496,
    "end": 1605111575496,
    "duration": 0,
    "pid": 11646,
    "index": 23
  },
  {
    "name": "Require(20) node_modules/egg/config/config.local.js",
    "start": 1605111575496,
    "end": 1605111575497,
    "duration": 1,
    "pid": 11646,
    "index": 24
  },
  {
    "name": "Load extend/application.js",
    "start": 1605111575498,
    "end": 1605111575502,
    "duration": 4,
    "pid": 11646,
    "index": 25
  },
  {
    "name": "Require(21) node_modules/egg-session/app/extend/application.js",
    "start": 1605111575498,
    "end": 1605111575498,
    "duration": 0,
    "pid": 11646,
    "index": 26
  },
  {
    "name": "Require(22) node_modules/egg-security/app/extend/application.js",
    "start": 1605111575498,
    "end": 1605111575499,
    "duration": 1,
    "pid": 11646,
    "index": 27
  },
  {
    "name": "Require(23) node_modules/egg-jsonp/app/extend/application.js",
    "start": 1605111575499,
    "end": 1605111575500,
    "duration": 1,
    "pid": 11646,
    "index": 28
  },
  {
    "name": "Require(24) node_modules/egg-logrotator/app/extend/application.js",
    "start": 1605111575500,
    "end": 1605111575501,
    "duration": 1,
    "pid": 11646,
    "index": 29
  },
  {
    "name": "Require(25) node_modules/egg-view/app/extend/application.js",
    "start": 1605111575501,
    "end": 1605111575501,
    "duration": 0,
    "pid": 11646,
    "index": 30
  },
  {
    "name": "Load extend/request.js",
    "start": 1605111575502,
    "end": 1605111575504,
    "duration": 2,
    "pid": 11646,
    "index": 31
  },
  {
    "name": "Require(26) node_modules/egg/app/extend/request.js",
    "start": 1605111575503,
    "end": 1605111575503,
    "duration": 0,
    "pid": 11646,
    "index": 32
  },
  {
    "name": "Load extend/response.js",
    "start": 1605111575504,
    "end": 1605111575507,
    "duration": 3,
    "pid": 11646,
    "index": 33
  },
  {
    "name": "Require(27) node_modules/egg/app/extend/response.js",
    "start": 1605111575505,
    "end": 1605111575506,
    "duration": 1,
    "pid": 11646,
    "index": 34
  },
  {
    "name": "Load extend/context.js",
    "start": 1605111575507,
    "end": 1605111575547,
    "duration": 40,
    "pid": 11646,
    "index": 35
  },
  {
    "name": "Require(28) node_modules/egg-security/app/extend/context.js",
    "start": 1605111575507,
    "end": 1605111575511,
    "duration": 4,
    "pid": 11646,
    "index": 36
  },
  {
    "name": "Require(29) node_modules/egg-jsonp/app/extend/context.js",
    "start": 1605111575512,
    "end": 1605111575512,
    "duration": 0,
    "pid": 11646,
    "index": 37
  },
  {
    "name": "Require(30) node_modules/egg-i18n/app/extend/context.js",
    "start": 1605111575512,
    "end": 1605111575512,
    "duration": 0,
    "pid": 11646,
    "index": 38
  },
  {
    "name": "Require(31) node_modules/egg-multipart/app/extend/context.js",
    "start": 1605111575513,
    "end": 1605111575544,
    "duration": 31,
    "pid": 11646,
    "index": 39
  },
  {
    "name": "Require(32) node_modules/egg-view/app/extend/context.js",
    "start": 1605111575544,
    "end": 1605111575544,
    "duration": 0,
    "pid": 11646,
    "index": 40
  },
  {
    "name": "Require(33) node_modules/egg/app/extend/context.js",
    "start": 1605111575546,
    "end": 1605111575546,
    "duration": 0,
    "pid": 11646,
    "index": 41
  },
  {
    "name": "Load extend/helper.js",
    "start": 1605111575547,
    "end": 1605111575557,
    "duration": 10,
    "pid": 11646,
    "index": 42
  },
  {
    "name": "Require(34) node_modules/egg-security/app/extend/helper.js",
    "start": 1605111575547,
    "end": 1605111575555,
    "duration": 8,
    "pid": 11646,
    "index": 43
  },
  {
    "name": "Require(35) node_modules/egg/app/extend/helper.js",
    "start": 1605111575556,
    "end": 1605111575556,
    "duration": 0,
    "pid": 11646,
    "index": 44
  },
  {
    "name": "Load app.js",
    "start": 1605111575557,
    "end": 1605111575580,
    "duration": 23,
    "pid": 11646,
    "index": 45
  },
  {
    "name": "Require(36) node_modules/egg-session/app.js",
    "start": 1605111575557,
    "end": 1605111575557,
    "duration": 0,
    "pid": 11646,
    "index": 46
  },
  {
    "name": "Require(37) node_modules/egg-security/app.js",
    "start": 1605111575557,
    "end": 1605111575558,
    "duration": 1,
    "pid": 11646,
    "index": 47
  },
  {
    "name": "Require(38) node_modules/egg-onerror/app.js",
    "start": 1605111575558,
    "end": 1605111575562,
    "duration": 4,
    "pid": 11646,
    "index": 48
  },
  {
    "name": "Require(39) node_modules/egg-i18n/app.js",
    "start": 1605111575562,
    "end": 1605111575568,
    "duration": 6,
    "pid": 11646,
    "index": 49
  },
  {
    "name": "Require(40) node_modules/egg-watcher/app.js",
    "start": 1605111575568,
    "end": 1605111575570,
    "duration": 2,
    "pid": 11646,
    "index": 50
  },
  {
    "name": "Require(41) node_modules/egg-schedule/app.js",
    "start": 1605111575570,
    "end": 1605111575571,
    "duration": 1,
    "pid": 11646,
    "index": 51
  },
  {
    "name": "Require(42) node_modules/egg-multipart/app.js",
    "start": 1605111575571,
    "end": 1605111575571,
    "duration": 0,
    "pid": 11646,
    "index": 52
  },
  {
    "name": "Require(43) node_modules/egg-development/app.js",
    "start": 1605111575571,
    "end": 1605111575572,
    "duration": 1,
    "pid": 11646,
    "index": 53
  },
  {
    "name": "Require(44) node_modules/egg-logrotator/app.js",
    "start": 1605111575572,
    "end": 1605111575572,
    "duration": 0,
    "pid": 11646,
    "index": 54
  },
  {
    "name": "Require(45) node_modules/egg-static/app.js",
    "start": 1605111575572,
    "end": 1605111575572,
    "duration": 0,
    "pid": 11646,
    "index": 55
  },
  {
    "name": "Require(46) node_modules/egg-mysql/app.js",
    "start": 1605111575572,
    "end": 1605111575580,
    "duration": 8,
    "pid": 11646,
    "index": 56
  },
  {
    "name": "Require(47) node_modules/egg-cors/app.js",
    "start": 1605111575580,
    "end": 1605111575580,
    "duration": 0,
    "pid": 11646,
    "index": 57
  },
  {
    "name": "Before Start in node_modules/egg-watcher/lib/init.js:15:14",
    "start": 1605111575587,
    "end": 1605111575734,
    "duration": 147,
    "pid": 11646,
    "index": 58
  },
  {
    "name": "Before Start in node_modules/egg-mysql/lib/mysql.js:20:7",
    "start": 1605111575654,
    "end": 1605111575737,
    "duration": 83,
    "pid": 11646,
    "index": 59
  },
  {
    "name": "Load Service",
    "start": 1605111575654,
    "end": 1605111575658,
    "duration": 4,
    "pid": 11646,
    "index": 60
  },
  {
    "name": "Load \"service\" to Context",
    "start": 1605111575654,
    "end": 1605111575658,
    "duration": 4,
    "pid": 11646,
    "index": 61
  },
  {
    "name": "Load Middleware",
    "start": 1605111575658,
    "end": 1605111575713,
    "duration": 55,
    "pid": 11646,
    "index": 62
  },
  {
    "name": "Load \"middlewares\" to Application",
    "start": 1605111575658,
    "end": 1605111575704,
    "duration": 46,
    "pid": 11646,
    "index": 63
  },
  {
    "name": "Load Controller",
    "start": 1605111575713,
    "end": 1605111575714,
    "duration": 1,
    "pid": 11646,
    "index": 64
  },
  {
    "name": "Load \"controller\" to Application",
    "start": 1605111575713,
    "end": 1605111575714,
    "duration": 1,
    "pid": 11646,
    "index": 65
  },
  {
    "name": "Load Router",
    "start": 1605111575714,
    "end": 1605111575716,
    "duration": 2,
    "pid": 11646,
    "index": 66
  },
  {
    "name": "Require(48) app/router.js",
    "start": 1605111575714,
    "end": 1605111575714,
    "duration": 0,
    "pid": 11646,
    "index": 67
  },
  {
    "name": "Before Start in node_modules/egg-core/lib/egg.js:303:10",
    "start": 1605111575715,
    "end": 1605111575725,
    "duration": 10,
    "pid": 11646,
    "index": 68
  }
]