[
  {
    "name": "Process Start",
    "start": 1605111592542,
    "end": 1605111593083,
    "duration": 541,
    "pid": 11683,
    "index": 0
  },
  {
    "name": "Application Start",
    "start": 1605111593084,
    "end": 1605111593346,
    "duration": 262,
    "pid": 11683,
    "index": 1
  },
  {
    "name": "Load Plugin",
    "start": 1605111593088,
    "end": 1605111593095,
    "duration": 7,
    "pid": 11683,
    "index": 2
  },
  {
    "name": "Load Config",
    "start": 1605111593095,
    "end": 1605111593107,
    "duration": 12,
    "pid": 11683,
    "index": 3
  },
  {
    "name": "Require(0) config/config.default.js",
    "start": 1605111593096,
    "end": 1605111593096,
    "duration": 0,
    "pid": 11683,
    "index": 4
  },
  {
    "name": "Require(1) node_modules/egg-session/config/config.default.js",
    "start": 1605111593097,
    "end": 1605111593097,
    "duration": 0,
    "pid": 11683,
    "index": 5
  },
  {
    "name": "Require(2) node_modules/egg-security/config/config.default.js",
    "start": 1605111593097,
    "end": 1605111593097,
    "duration": 0,
    "pid": 11683,
    "index": 6
  },
  {
    "name": "Require(3) node_modules/egg-jsonp/config/config.default.js",
    "start": 1605111593098,
    "end": 1605111593098,
    "duration": 0,
    "pid": 11683,
    "index": 7
  },
  {
    "name": "Require(4) node_modules/egg-onerror/config/config.default.js",
    "start": 1605111593098,
    "end": 1605111593099,
    "duration": 1,
    "pid": 11683,
    "index": 8
  },
  {
    "name": "Require(5) node_modules/egg-i18n/config/config.default.js",
    "start": 1605111593099,
    "end": 1605111593099,
    "duration": 0,
    "pid": 11683,
    "index": 9
  },
  {
    "name": "Require(6) node_modules/egg-watcher/config/config.default.js",
    "start": 1605111593099,
    "end": 1605111593100,
    "duration": 1,
    "pid": 11683,
    "index": 10
  },
  {
    "name": "Require(7) node_modules/egg-schedule/config/config.default.js",
    "start": 1605111593100,
    "end": 1605111593100,
    "duration": 0,
    "pid": 11683,
    "index": 11
  },
  {
    "name": "Require(8) node_modules/egg-multipart/config/config.default.js",
    "start": 1605111593100,
    "end": 1605111593101,
    "duration": 1,
    "pid": 11683,
    "index": 12
  },
  {
    "name": "Require(9) node_modules/egg-development/config/config.default.js",
    "start": 1605111593101,
    "end": 1605111593101,
    "duration": 0,
    "pid": 11683,
    "index": 13
  },
  {
    "name": "Require(10) node_modules/egg-logrotator/config/config.default.js",
    "start": 1605111593101,
    "end": 1605111593102,
    "duration": 1,
    "pid": 11683,
    "index": 14
  },
  {
    "name": "Require(11) node_modules/egg-static/config/config.default.js",
    "start": 1605111593102,
    "end": 1605111593102,
    "duration": 0,
    "pid": 11683,
    "index": 15
  },
  {
    "name": "Require(12) node_modules/egg-view/config/config.default.js",
    "start": 1605111593102,
    "end": 1605111593103,
    "duration": 1,
    "pid": 11683,
    "index": 16
  },
  {
    "name": "Require(13) node_modules/egg-mysql/config/config.default.js",
    "start": 1605111593103,
    "end": 1605111593103,
    "duration": 0,
    "pid": 11683,
    "index": 17
  },
  {
    "name": "Require(14) node_modules/egg-cors/config/config.default.js",
    "start": 1605111593103,
    "end": 1605111593103,
    "duration": 0,
    "pid": 11683,
    "index": 18
  },
  {
    "name": "Require(15) node_modules/egg/config/config.default.js",
    "start": 1605111593104,
    "end": 1605111593104,
    "duration": 0,
    "pid": 11683,
    "index": 19
  },
  {
    "name": "Require(16) config/config.default.js",
    "start": 1605111593105,
    "end": 1605111593105,
    "duration": 0,
    "pid": 11683,
    "index": 20
  },
  {
    "name": "Require(17) node_modules/egg-security/config/config.local.js",
    "start": 1605111593105,
    "end": 1605111593105,
    "duration": 0,
    "pid": 11683,
    "index": 21
  },
  {
    "name": "Require(18) node_modules/egg-watcher/config/config.local.js",
    "start": 1605111593106,
    "end": 1605111593106,
    "duration": 0,
    "pid": 11683,
    "index": 22
  },
  {
    "name": "Require(19) node_modules/egg-view/config/config.local.js",
    "start": 1605111593106,
    "end": 1605111593107,
    "duration": 1,
    "pid": 11683,
    "index": 23
  },
  {
    "name": "Require(20) node_modules/egg/config/config.local.js",
    "start": 1605111593107,
    "end": 1605111593107,
    "duration": 0,
    "pid": 11683,
    "index": 24
  },
  {
    "name": "Load extend/application.js",
    "start": 1605111593109,
    "end": 1605111593113,
    "duration": 4,
    "pid": 11683,
    "index": 25
  },
  {
    "name": "Require(21) node_modules/egg-session/app/extend/application.js",
    "start": 1605111593109,
    "end": 1605111593109,
    "duration": 0,
    "pid": 11683,
    "index": 26
  },
  {
    "name": "Require(22) node_modules/egg-security/app/extend/application.js",
    "start": 1605111593109,
    "end": 1605111593110,
    "duration": 1,
    "pid": 11683,
    "index": 27
  },
  {
    "name": "Require(23) node_modules/egg-jsonp/app/extend/application.js",
    "start": 1605111593110,
    "end": 1605111593111,
    "duration": 1,
    "pid": 11683,
    "index": 28
  },
  {
    "name": "Require(24) node_modules/egg-logrotator/app/extend/application.js",
    "start": 1605111593111,
    "end": 1605111593112,
    "duration": 1,
    "pid": 11683,
    "index": 29
  },
  {
    "name": "Require(25) node_modules/egg-view/app/extend/application.js",
    "start": 1605111593112,
    "end": 1605111593112,
    "duration": 0,
    "pid": 11683,
    "index": 30
  },
  {
    "name": "Load extend/request.js",
    "start": 1605111593113,
    "end": 1605111593115,
    "duration": 2,
    "pid": 11683,
    "index": 31
  },
  {
    "name": "Require(26) node_modules/egg/app/extend/request.js",
    "start": 1605111593114,
    "end": 1605111593114,
    "duration": 0,
    "pid": 11683,
    "index": 32
  },
  {
    "name": "Load extend/response.js",
    "start": 1605111593115,
    "end": 1605111593118,
    "duration": 3,
    "pid": 11683,
    "index": 33
  },
  {
    "name": "Require(27) node_modules/egg/app/extend/response.js",
    "start": 1605111593116,
    "end": 1605111593117,
    "duration": 1,
    "pid": 11683,
    "index": 34
  },
  {
    "name": "Load extend/context.js",
    "start": 1605111593118,
    "end": 1605111593155,
    "duration": 37,
    "pid": 11683,
    "index": 35
  },
  {
    "name": "Require(28) node_modules/egg-security/app/extend/context.js",
    "start": 1605111593118,
    "end": 1605111593122,
    "duration": 4,
    "pid": 11683,
    "index": 36
  },
  {
    "name": "Require(29) node_modules/egg-jsonp/app/extend/context.js",
    "start": 1605111593122,
    "end": 1605111593122,
    "duration": 0,
    "pid": 11683,
    "index": 37
  },
  {
    "name": "Require(30) node_modules/egg-i18n/app/extend/context.js",
    "start": 1605111593123,
    "end": 1605111593123,
    "duration": 0,
    "pid": 11683,
    "index": 38
  },
  {
    "name": "Require(31) node_modules/egg-multipart/app/extend/context.js",
    "start": 1605111593123,
    "end": 1605111593152,
    "duration": 29,
    "pid": 11683,
    "index": 39
  },
  {
    "name": "Require(32) node_modules/egg-view/app/extend/context.js",
    "start": 1605111593152,
    "end": 1605111593153,
    "duration": 1,
    "pid": 11683,
    "index": 40
  },
  {
    "name": "Require(33) node_modules/egg/app/extend/context.js",
    "start": 1605111593154,
    "end": 1605111593155,
    "duration": 1,
    "pid": 11683,
    "index": 41
  },
  {
    "name": "Load extend/helper.js",
    "start": 1605111593156,
    "end": 1605111593165,
    "duration": 9,
    "pid": 11683,
    "index": 42
  },
  {
    "name": "Require(34) node_modules/egg-security/app/extend/helper.js",
    "start": 1605111593156,
    "end": 1605111593164,
    "duration": 8,
    "pid": 11683,
    "index": 43
  },
  {
    "name": "Require(35) node_modules/egg/app/extend/helper.js",
    "start": 1605111593164,
    "end": 1605111593165,
    "duration": 1,
    "pid": 11683,
    "index": 44
  },
  {
    "name": "Load app.js",
    "start": 1605111593165,
    "end": 1605111593188,
    "duration": 23,
    "pid": 11683,
    "index": 45
  },
  {
    "name": "Require(36) node_modules/egg-session/app.js",
    "start": 1605111593166,
    "end": 1605111593166,
    "duration": 0,
    "pid": 11683,
    "index": 46
  },
  {
    "name": "Require(37) node_modules/egg-security/app.js",
    "start": 1605111593166,
    "end": 1605111593167,
    "duration": 1,
    "pid": 11683,
    "index": 47
  },
  {
    "name": "Require(38) node_modules/egg-onerror/app.js",
    "start": 1605111593167,
    "end": 1605111593170,
    "duration": 3,
    "pid": 11683,
    "index": 48
  },
  {
    "name": "Require(39) node_modules/egg-i18n/app.js",
    "start": 1605111593170,
    "end": 1605111593177,
    "duration": 7,
    "pid": 11683,
    "index": 49
  },
  {
    "name": "Require(40) node_modules/egg-watcher/app.js",
    "start": 1605111593177,
    "end": 1605111593178,
    "duration": 1,
    "pid": 11683,
    "index": 50
  },
  {
    "name": "Require(41) node_modules/egg-schedule/app.js",
    "start": 1605111593178,
    "end": 1605111593179,
    "duration": 1,
    "pid": 11683,
    "index": 51
  },
  {
    "name": "Require(42) node_modules/egg-multipart/app.js",
    "start": 1605111593179,
    "end": 1605111593179,
    "duration": 0,
    "pid": 11683,
    "index": 52
  },
  {
    "name": "Require(43) node_modules/egg-development/app.js",
    "start": 1605111593180,
    "end": 1605111593180,
    "duration": 0,
    "pid": 11683,
    "index": 53
  },
  {
    "name": "Require(44) node_modules/egg-logrotator/app.js",
    "start": 1605111593180,
    "end": 1605111593180,
    "duration": 0,
    "pid": 11683,
    "index": 54
  },
  {
    "name": "Require(45) node_modules/egg-static/app.js",
    "start": 1605111593180,
    "end": 1605111593180,
    "duration": 0,
    "pid": 11683,
    "index": 55
  },
  {
    "name": "Require(46) node_modules/egg-mysql/app.js",
    "start": 1605111593180,
    "end": 1605111593188,
    "duration": 8,
    "pid": 11683,
    "index": 56
  },
  {
    "name": "Require(47) node_modules/egg-cors/app.js",
    "start": 1605111593188,
    "end": 1605111593188,
    "duration": 0,
    "pid": 11683,
    "index": 57
  },
  {
    "name": "Before Start in node_modules/egg-watcher/lib/init.js:15:14",
    "start": 1605111593195,
    "end": 1605111593343,
    "duration": 148,
    "pid": 11683,
    "index": 58
  },
  {
    "name": "Before Start in node_modules/egg-mysql/lib/mysql.js:20:7",
    "start": 1605111593262,
    "end": 1605111593345,
    "duration": 83,
    "pid": 11683,
    "index": 59
  },
  {
    "name": "Load Service",
    "start": 1605111593262,
    "end": 1605111593266,
    "duration": 4,
    "pid": 11683,
    "index": 60
  },
  {
    "name": "Load \"service\" to Context",
    "start": 1605111593262,
    "end": 1605111593266,
    "duration": 4,
    "pid": 11683,
    "index": 61
  },
  {
    "name": "Load Middleware",
    "start": 1605111593266,
    "end": 1605111593321,
    "duration": 55,
    "pid": 11683,
    "index": 62
  },
  {
    "name": "Load \"middlewares\" to Application",
    "start": 1605111593266,
    "end": 1605111593312,
    "duration": 46,
    "pid": 11683,
    "index": 63
  },
  {
    "name": "Load Controller",
    "start": 1605111593321,
    "end": 1605111593322,
    "duration": 1,
    "pid": 11683,
    "index": 64
  },
  {
    "name": "Load \"controller\" to Application",
    "start": 1605111593321,
    "end": 1605111593322,
    "duration": 1,
    "pid": 11683,
    "index": 65
  },
  {
    "name": "Load Router",
    "start": 1605111593323,
    "end": 1605111593325,
    "duration": 2,
    "pid": 11683,
    "index": 66
  },
  {
    "name": "Require(48) app/router.js",
    "start": 1605111593323,
    "end": 1605111593323,
    "duration": 0,
    "pid": 11683,
    "index": 67
  },
  {
    "name": "Before Start in node_modules/egg-core/lib/egg.js:303:10",
    "start": 1605111593323,
    "end": 1605111593334,
    "duration": 11,
    "pid": 11683,
    "index": 68
  }
]