[
  {
    "name": "Process Start",
    "start": 1605111060633,
    "end": 1605111061152,
    "duration": 519,
    "pid": 10947,
    "index": 0
  },
  {
    "name": "Application Start",
    "start": 1605111061153,
    "end": 1605111061415,
    "duration": 262,
    "pid": 10947,
    "index": 1
  },
  {
    "name": "Load Plugin",
    "start": 1605111061156,
    "end": 1605111061162,
    "duration": 6,
    "pid": 10947,
    "index": 2
  },
  {
    "name": "Load Config",
    "start": 1605111061162,
    "end": 1605111061176,
    "duration": 14,
    "pid": 10947,
    "index": 3
  },
  {
    "name": "Require(0) config/config.default.js",
    "start": 1605111061163,
    "end": 1605111061163,
    "duration": 0,
    "pid": 10947,
    "index": 4
  },
  {
    "name": "Require(1) node_modules/egg-session/config/config.default.js",
    "start": 1605111061164,
    "end": 1605111061164,
    "duration": 0,
    "pid": 10947,
    "index": 5
  },
  {
    "name": "Require(2) node_modules/egg-security/config/config.default.js",
    "start": 1605111061164,
    "end": 1605111061165,
    "duration": 1,
    "pid": 10947,
    "index": 6
  },
  {
    "name": "Require(3) node_modules/egg-jsonp/config/config.default.js",
    "start": 1605111061165,
    "end": 1605111061165,
    "duration": 0,
    "pid": 10947,
    "index": 7
  },
  {
    "name": "Require(4) node_modules/egg-onerror/config/config.default.js",
    "start": 1605111061166,
    "end": 1605111061166,
    "duration": 0,
    "pid": 10947,
    "index": 8
  },
  {
    "name": "Require(5) node_modules/egg-i18n/config/config.default.js",
    "start": 1605111061166,
    "end": 1605111061166,
    "duration": 0,
    "pid": 10947,
    "index": 9
  },
  {
    "name": "Require(6) node_modules/egg-watcher/config/config.default.js",
    "start": 1605111061167,
    "end": 1605111061167,
    "duration": 0,
    "pid": 10947,
    "index": 10
  },
  {
    "name": "Require(7) node_modules/egg-schedule/config/config.default.js",
    "start": 1605111061168,
    "end": 1605111061168,
    "duration": 0,
    "pid": 10947,
    "index": 11
  },
  {
    "name": "Require(8) node_modules/egg-multipart/config/config.default.js",
    "start": 1605111061168,
    "end": 1605111061169,
    "duration": 1,
    "pid": 10947,
    "index": 12
  },
  {
    "name": "Require(9) node_modules/egg-development/config/config.default.js",
    "start": 1605111061169,
    "end": 1605111061170,
    "duration": 1,
    "pid": 10947,
    "index": 13
  },
  {
    "name": "Require(10) node_modules/egg-logrotator/config/config.default.js",
    "start": 1605111061170,
    "end": 1605111061170,
    "duration": 0,
    "pid": 10947,
    "index": 14
  },
  {
    "name": "Require(11) node_modules/egg-static/config/config.default.js",
    "start": 1605111061170,
    "end": 1605111061171,
    "duration": 1,
    "pid": 10947,
    "index": 15
  },
  {
    "name": "Require(12) node_modules/egg-view/config/config.default.js",
    "start": 1605111061171,
    "end": 1605111061171,
    "duration": 0,
    "pid": 10947,
    "index": 16
  },
  {
    "name": "Require(13) node_modules/egg-mysql/config/config.default.js",
    "start": 1605111061171,
    "end": 1605111061172,
    "duration": 1,
    "pid": 10947,
    "index": 17
  },
  {
    "name": "Require(14) node_modules/egg-cors/config/config.default.js",
    "start": 1605111061172,
    "end": 1605111061172,
    "duration": 0,
    "pid": 10947,
    "index": 18
  },
  {
    "name": "Require(15) node_modules/egg/config/config.default.js",
    "start": 1605111061172,
    "end": 1605111061172,
    "duration": 0,
    "pid": 10947,
    "index": 19
  },
  {
    "name": "Require(16) config/config.default.js",
    "start": 1605111061173,
    "end": 1605111061173,
    "duration": 0,
    "pid": 10947,
    "index": 20
  },
  {
    "name": "Require(17) node_modules/egg-security/config/config.local.js",
    "start": 1605111061174,
    "end": 1605111061174,
    "duration": 0,
    "pid": 10947,
    "index": 21
  },
  {
    "name": "Require(18) node_modules/egg-watcher/config/config.local.js",
    "start": 1605111061174,
    "end": 1605111061174,
    "duration": 0,
    "pid": 10947,
    "index": 22
  },
  {
    "name": "Require(19) node_modules/egg-view/config/config.local.js",
    "start": 1605111061175,
    "end": 1605111061175,
    "duration": 0,
    "pid": 10947,
    "index": 23
  },
  {
    "name": "Require(20) node_modules/egg/config/config.local.js",
    "start": 1605111061176,
    "end": 1605111061176,
    "duration": 0,
    "pid": 10947,
    "index": 24
  },
  {
    "name": "Load extend/application.js",
    "start": 1605111061177,
    "end": 1605111061181,
    "duration": 4,
    "pid": 10947,
    "index": 25
  },
  {
    "name": "Require(21) node_modules/egg-session/app/extend/application.js",
    "start": 1605111061177,
    "end": 1605111061178,
    "duration": 1,
    "pid": 10947,
    "index": 26
  },
  {
    "name": "Require(22) node_modules/egg-security/app/extend/application.js",
    "start": 1605111061178,
    "end": 1605111061178,
    "duration": 0,
    "pid": 10947,
    "index": 27
  },
  {
    "name": "Require(23) node_modules/egg-jsonp/app/extend/application.js",
    "start": 1605111061178,
    "end": 1605111061179,
    "duration": 1,
    "pid": 10947,
    "index": 28
  },
  {
    "name": "Require(24) node_modules/egg-logrotator/app/extend/application.js",
    "start": 1605111061179,
    "end": 1605111061180,
    "duration": 1,
    "pid": 10947,
    "index": 29
  },
  {
    "name": "Require(25) node_modules/egg-view/app/extend/application.js",
    "start": 1605111061180,
    "end": 1605111061181,
    "duration": 1,
    "pid": 10947,
    "index": 30
  },
  {
    "name": "Load extend/request.js",
    "start": 1605111061181,
    "end": 1605111061184,
    "duration": 3,
    "pid": 10947,
    "index": 31
  },
  {
    "name": "Require(26) node_modules/egg/app/extend/request.js",
    "start": 1605111061182,
    "end": 1605111061183,
    "duration": 1,
    "pid": 10947,
    "index": 32
  },
  {
    "name": "Load extend/response.js",
    "start": 1605111061184,
    "end": 1605111061187,
    "duration": 3,
    "pid": 10947,
    "index": 33
  },
  {
    "name": "Require(27) node_modules/egg/app/extend/response.js",
    "start": 1605111061185,
    "end": 1605111061186,
    "duration": 1,
    "pid": 10947,
    "index": 34
  },
  {
    "name": "Load extend/context.js",
    "start": 1605111061187,
    "end": 1605111061225,
    "duration": 38,
    "pid": 10947,
    "index": 35
  },
  {
    "name": "Require(28) node_modules/egg-security/app/extend/context.js",
    "start": 1605111061187,
    "end": 1605111061191,
    "duration": 4,
    "pid": 10947,
    "index": 36
  },
  {
    "name": "Require(29) node_modules/egg-jsonp/app/extend/context.js",
    "start": 1605111061191,
    "end": 1605111061192,
    "duration": 1,
    "pid": 10947,
    "index": 37
  },
  {
    "name": "Require(30) node_modules/egg-i18n/app/extend/context.js",
    "start": 1605111061192,
    "end": 1605111061192,
    "duration": 0,
    "pid": 10947,
    "index": 38
  },
  {
    "name": "Require(31) node_modules/egg-multipart/app/extend/context.js",
    "start": 1605111061192,
    "end": 1605111061221,
    "duration": 29,
    "pid": 10947,
    "index": 39
  },
  {
    "name": "Require(32) node_modules/egg-view/app/extend/context.js",
    "start": 1605111061222,
    "end": 1605111061222,
    "duration": 0,
    "pid": 10947,
    "index": 40
  },
  {
    "name": "Require(33) node_modules/egg/app/extend/context.js",
    "start": 1605111061223,
    "end": 1605111061224,
    "duration": 1,
    "pid": 10947,
    "index": 41
  },
  {
    "name": "Load extend/helper.js",
    "start": 1605111061225,
    "end": 1605111061234,
    "duration": 9,
    "pid": 10947,
    "index": 42
  },
  {
    "name": "Require(34) node_modules/egg-security/app/extend/helper.js",
    "start": 1605111061225,
    "end": 1605111061233,
    "duration": 8,
    "pid": 10947,
    "index": 43
  },
  {
    "name": "Require(35) node_modules/egg/app/extend/helper.js",
    "start": 1605111061233,
    "end": 1605111061234,
    "duration": 1,
    "pid": 10947,
    "index": 44
  },
  {
    "name": "Load app.js",
    "start": 1605111061235,
    "end": 1605111061257,
    "duration": 22,
    "pid": 10947,
    "index": 45
  },
  {
    "name": "Require(36) node_modules/egg-session/app.js",
    "start": 1605111061235,
    "end": 1605111061235,
    "duration": 0,
    "pid": 10947,
    "index": 46
  },
  {
    "name": "Require(37) node_modules/egg-security/app.js",
    "start": 1605111061235,
    "end": 1605111061236,
    "duration": 1,
    "pid": 10947,
    "index": 47
  },
  {
    "name": "Require(38) node_modules/egg-onerror/app.js",
    "start": 1605111061236,
    "end": 1605111061240,
    "duration": 4,
    "pid": 10947,
    "index": 48
  },
  {
    "name": "Require(39) node_modules/egg-i18n/app.js",
    "start": 1605111061240,
    "end": 1605111061246,
    "duration": 6,
    "pid": 10947,
    "index": 49
  },
  {
    "name": "Require(40) node_modules/egg-watcher/app.js",
    "start": 1605111061246,
    "end": 1605111061248,
    "duration": 2,
    "pid": 10947,
    "index": 50
  },
  {
    "name": "Require(41) node_modules/egg-schedule/app.js",
    "start": 1605111061248,
    "end": 1605111061248,
    "duration": 0,
    "pid": 10947,
    "index": 51
  },
  {
    "name": "Require(42) node_modules/egg-multipart/app.js",
    "start": 1605111061249,
    "end": 1605111061249,
    "duration": 0,
    "pid": 10947,
    "index": 52
  },
  {
    "name": "Require(43) node_modules/egg-development/app.js",
    "start": 1605111061249,
    "end": 1605111061249,
    "duration": 0,
    "pid": 10947,
    "index": 53
  },
  {
    "name": "Require(44) node_modules/egg-logrotator/app.js",
    "start": 1605111061249,
    "end": 1605111061249,
    "duration": 0,
    "pid": 10947,
    "index": 54
  },
  {
    "name": "Require(45) node_modules/egg-static/app.js",
    "start": 1605111061249,
    "end": 1605111061250,
    "duration": 1,
    "pid": 10947,
    "index": 55
  },
  {
    "name": "Require(46) node_modules/egg-mysql/app.js",
    "start": 1605111061250,
    "end": 1605111061257,
    "duration": 7,
    "pid": 10947,
    "index": 56
  },
  {
    "name": "Require(47) node_modules/egg-cors/app.js",
    "start": 1605111061257,
    "end": 1605111061257,
    "duration": 0,
    "pid": 10947,
    "index": 57
  },
  {
    "name": "Before Start in node_modules/egg-watcher/lib/init.js:15:14",
    "start": 1605111061264,
    "end": 1605111061412,
    "duration": 148,
    "pid": 10947,
    "index": 58
  },
  {
    "name": "Before Start in node_modules/egg-mysql/lib/mysql.js:20:7",
    "start": 1605111061332,
    "end": 1605111061415,
    "duration": 83,
    "pid": 10947,
    "index": 59
  },
  {
    "name": "Load Service",
    "start": 1605111061332,
    "end": 1605111061336,
    "duration": 4,
    "pid": 10947,
    "index": 60
  },
  {
    "name": "Load \"service\" to Context",
    "start": 1605111061332,
    "end": 1605111061336,
    "duration": 4,
    "pid": 10947,
    "index": 61
  },
  {
    "name": "Load Middleware",
    "start": 1605111061336,
    "end": 1605111061390,
    "duration": 54,
    "pid": 10947,
    "index": 62
  },
  {
    "name": "Load \"middlewares\" to Application",
    "start": 1605111061336,
    "end": 1605111061381,
    "duration": 45,
    "pid": 10947,
    "index": 63
  },
  {
    "name": "Load Controller",
    "start": 1605111061390,
    "end": 1605111061392,
    "duration": 2,
    "pid": 10947,
    "index": 64
  },
  {
    "name": "Load \"controller\" to Application",
    "start": 1605111061391,
    "end": 1605111061392,
    "duration": 1,
    "pid": 10947,
    "index": 65
  },
  {
    "name": "Load Router",
    "start": 1605111061392,
    "end": 1605111061394,
    "duration": 2,
    "pid": 10947,
    "index": 66
  },
  {
    "name": "Require(48) app/router.js",
    "start": 1605111061392,
    "end": 1605111061392,
    "duration": 0,
    "pid": 10947,
    "index": 67
  },
  {
    "name": "Before Start in node_modules/egg-core/lib/egg.js:303:10",
    "start": 1605111061392,
    "end": 1605111061404,
    "duration": 12,
    "pid": 10947,
    "index": 68
  }
]