[
  {
    "name": "Process Start",
    "start": 1605111073454,
    "end": 1605111073977,
    "duration": 523,
    "pid": 10987,
    "index": 0
  },
  {
    "name": "Application Start",
    "start": 1605111073978,
    "end": 1605111074218,
    "duration": 240,
    "pid": 10987,
    "index": 1
  },
  {
    "name": "Load Plugin",
    "start": 1605111073981,
    "end": 1605111073987,
    "duration": 6,
    "pid": 10987,
    "index": 2
  },
  {
    "name": "Load Config",
    "start": 1605111073987,
    "end": 1605111073999,
    "duration": 12,
    "pid": 10987,
    "index": 3
  },
  {
    "name": "Require(0) config/config.default.js",
    "start": 1605111073988,
    "end": 1605111073988,
    "duration": 0,
    "pid": 10987,
    "index": 4
  },
  {
    "name": "Require(1) node_modules/egg-session/config/config.default.js",
    "start": 1605111073989,
    "end": 1605111073989,
    "duration": 0,
    "pid": 10987,
    "index": 5
  },
  {
    "name": "Require(2) node_modules/egg-security/config/config.default.js",
    "start": 1605111073989,
    "end": 1605111073989,
    "duration": 0,
    "pid": 10987,
    "index": 6
  },
  {
    "name": "Require(3) node_modules/egg-jsonp/config/config.default.js",
    "start": 1605111073990,
    "end": 1605111073990,
    "duration": 0,
    "pid": 10987,
    "index": 7
  },
  {
    "name": "Require(4) node_modules/egg-onerror/config/config.default.js",
    "start": 1605111073990,
    "end": 1605111073991,
    "duration": 1,
    "pid": 10987,
    "index": 8
  },
  {
    "name": "Require(5) node_modules/egg-i18n/config/config.default.js",
    "start": 1605111073991,
    "end": 1605111073991,
    "duration": 0,
    "pid": 10987,
    "index": 9
  },
  {
    "name": "Require(6) node_modules/egg-watcher/config/config.default.js",
    "start": 1605111073991,
    "end": 1605111073992,
    "duration": 1,
    "pid": 10987,
    "index": 10
  },
  {
    "name": "Require(7) node_modules/egg-schedule/config/config.default.js",
    "start": 1605111073992,
    "end": 1605111073992,
    "duration": 0,
    "pid": 10987,
    "index": 11
  },
  {
    "name": "Require(8) node_modules/egg-multipart/config/config.default.js",
    "start": 1605111073992,
    "end": 1605111073993,
    "duration": 1,
    "pid": 10987,
    "index": 12
  },
  {
    "name": "Require(9) node_modules/egg-development/config/config.default.js",
    "start": 1605111073993,
    "end": 1605111073993,
    "duration": 0,
    "pid": 10987,
    "index": 13
  },
  {
    "name": "Require(10) node_modules/egg-logrotator/config/config.default.js",
    "start": 1605111073993,
    "end": 1605111073994,
    "duration": 1,
    "pid": 10987,
    "index": 14
  },
  {
    "name": "Require(11) node_modules/egg-static/config/config.default.js",
    "start": 1605111073994,
    "end": 1605111073994,
    "duration": 0,
    "pid": 10987,
    "index": 15
  },
  {
    "name": "Require(12) node_modules/egg-view/config/config.default.js",
    "start": 1605111073994,
    "end": 1605111073995,
    "duration": 1,
    "pid": 10987,
    "index": 16
  },
  {
    "name": "Require(13) node_modules/egg-mysql/config/config.default.js",
    "start": 1605111073995,
    "end": 1605111073995,
    "duration": 0,
    "pid": 10987,
    "index": 17
  },
  {
    "name": "Require(14) node_modules/egg-cors/config/config.default.js",
    "start": 1605111073995,
    "end": 1605111073995,
    "duration": 0,
    "pid": 10987,
    "index": 18
  },
  {
    "name": "Require(15) node_modules/egg/config/config.default.js",
    "start": 1605111073996,
    "end": 1605111073996,
    "duration": 0,
    "pid": 10987,
    "index": 19
  },
  {
    "name": "Require(16) config/config.default.js",
    "start": 1605111073997,
    "end": 1605111073997,
    "duration": 0,
    "pid": 10987,
    "index": 20
  },
  {
    "name": "Require(17) node_modules/egg-security/config/config.local.js",
    "start": 1605111073997,
    "end": 1605111073997,
    "duration": 0,
    "pid": 10987,
    "index": 21
  },
  {
    "name": "Require(18) node_modules/egg-watcher/config/config.local.js",
    "start": 1605111073997,
    "end": 1605111073998,
    "duration": 1,
    "pid": 10987,
    "index": 22
  },
  {
    "name": "Require(19) node_modules/egg-view/config/config.local.js",
    "start": 1605111073998,
    "end": 1605111073998,
    "duration": 0,
    "pid": 10987,
    "index": 23
  },
  {
    "name": "Require(20) node_modules/egg/config/config.local.js",
    "start": 1605111073998,
    "end": 1605111073998,
    "duration": 0,
    "pid": 10987,
    "index": 24
  },
  {
    "name": "Load extend/application.js",
    "start": 1605111073999,
    "end": 1605111074003,
    "duration": 4,
    "pid": 10987,
    "index": 25
  },
  {
    "name": "Require(21) node_modules/egg-session/app/extend/application.js",
    "start": 1605111074000,
    "end": 1605111074000,
    "duration": 0,
    "pid": 10987,
    "index": 26
  },
  {
    "name": "Require(22) node_modules/egg-security/app/extend/application.js",
    "start": 1605111074000,
    "end": 1605111074000,
    "duration": 0,
    "pid": 10987,
    "index": 27
  },
  {
    "name": "Require(23) node_modules/egg-jsonp/app/extend/application.js",
    "start": 1605111074000,
    "end": 1605111074001,
    "duration": 1,
    "pid": 10987,
    "index": 28
  },
  {
    "name": "Require(24) node_modules/egg-logrotator/app/extend/application.js",
    "start": 1605111074001,
    "end": 1605111074002,
    "duration": 1,
    "pid": 10987,
    "index": 29
  },
  {
    "name": "Require(25) node_modules/egg-view/app/extend/application.js",
    "start": 1605111074002,
    "end": 1605111074003,
    "duration": 1,
    "pid": 10987,
    "index": 30
  },
  {
    "name": "Load extend/request.js",
    "start": 1605111074003,
    "end": 1605111074005,
    "duration": 2,
    "pid": 10987,
    "index": 31
  },
  {
    "name": "Require(26) node_modules/egg/app/extend/request.js",
    "start": 1605111074004,
    "end": 1605111074005,
    "duration": 1,
    "pid": 10987,
    "index": 32
  },
  {
    "name": "Load extend/response.js",
    "start": 1605111074005,
    "end": 1605111074008,
    "duration": 3,
    "pid": 10987,
    "index": 33
  },
  {
    "name": "Require(27) node_modules/egg/app/extend/response.js",
    "start": 1605111074006,
    "end": 1605111074007,
    "duration": 1,
    "pid": 10987,
    "index": 34
  },
  {
    "name": "Load extend/context.js",
    "start": 1605111074008,
    "end": 1605111074042,
    "duration": 34,
    "pid": 10987,
    "index": 35
  },
  {
    "name": "Require(28) node_modules/egg-security/app/extend/context.js",
    "start": 1605111074008,
    "end": 1605111074011,
    "duration": 3,
    "pid": 10987,
    "index": 36
  },
  {
    "name": "Require(29) node_modules/egg-jsonp/app/extend/context.js",
    "start": 1605111074012,
    "end": 1605111074012,
    "duration": 0,
    "pid": 10987,
    "index": 37
  },
  {
    "name": "Require(30) node_modules/egg-i18n/app/extend/context.js",
    "start": 1605111074012,
    "end": 1605111074012,
    "duration": 0,
    "pid": 10987,
    "index": 38
  },
  {
    "name": "Require(31) node_modules/egg-multipart/app/extend/context.js",
    "start": 1605111074013,
    "end": 1605111074039,
    "duration": 26,
    "pid": 10987,
    "index": 39
  },
  {
    "name": "Require(32) node_modules/egg-view/app/extend/context.js",
    "start": 1605111074039,
    "end": 1605111074039,
    "duration": 0,
    "pid": 10987,
    "index": 40
  },
  {
    "name": "Require(33) node_modules/egg/app/extend/context.js",
    "start": 1605111074040,
    "end": 1605111074041,
    "duration": 1,
    "pid": 10987,
    "index": 41
  },
  {
    "name": "Load extend/helper.js",
    "start": 1605111074042,
    "end": 1605111074050,
    "duration": 8,
    "pid": 10987,
    "index": 42
  },
  {
    "name": "Require(34) node_modules/egg-security/app/extend/helper.js",
    "start": 1605111074042,
    "end": 1605111074049,
    "duration": 7,
    "pid": 10987,
    "index": 43
  },
  {
    "name": "Require(35) node_modules/egg/app/extend/helper.js",
    "start": 1605111074050,
    "end": 1605111074050,
    "duration": 0,
    "pid": 10987,
    "index": 44
  },
  {
    "name": "Load app.js",
    "start": 1605111074051,
    "end": 1605111074071,
    "duration": 20,
    "pid": 10987,
    "index": 45
  },
  {
    "name": "Require(36) node_modules/egg-session/app.js",
    "start": 1605111074051,
    "end": 1605111074051,
    "duration": 0,
    "pid": 10987,
    "index": 46
  },
  {
    "name": "Require(37) node_modules/egg-security/app.js",
    "start": 1605111074051,
    "end": 1605111074052,
    "duration": 1,
    "pid": 10987,
    "index": 47
  },
  {
    "name": "Require(38) node_modules/egg-onerror/app.js",
    "start": 1605111074052,
    "end": 1605111074055,
    "duration": 3,
    "pid": 10987,
    "index": 48
  },
  {
    "name": "Require(39) node_modules/egg-i18n/app.js",
    "start": 1605111074055,
    "end": 1605111074061,
    "duration": 6,
    "pid": 10987,
    "index": 49
  },
  {
    "name": "Require(40) node_modules/egg-watcher/app.js",
    "start": 1605111074061,
    "end": 1605111074062,
    "duration": 1,
    "pid": 10987,
    "index": 50
  },
  {
    "name": "Require(41) node_modules/egg-schedule/app.js",
    "start": 1605111074062,
    "end": 1605111074063,
    "duration": 1,
    "pid": 10987,
    "index": 51
  },
  {
    "name": "Require(42) node_modules/egg-multipart/app.js",
    "start": 1605111074063,
    "end": 1605111074063,
    "duration": 0,
    "pid": 10987,
    "index": 52
  },
  {
    "name": "Require(43) node_modules/egg-development/app.js",
    "start": 1605111074063,
    "end": 1605111074063,
    "duration": 0,
    "pid": 10987,
    "index": 53
  },
  {
    "name": "Require(44) node_modules/egg-logrotator/app.js",
    "start": 1605111074064,
    "end": 1605111074064,
    "duration": 0,
    "pid": 10987,
    "index": 54
  },
  {
    "name": "Require(45) node_modules/egg-static/app.js",
    "start": 1605111074064,
    "end": 1605111074064,
    "duration": 0,
    "pid": 10987,
    "index": 55
  },
  {
    "name": "Require(46) node_modules/egg-mysql/app.js",
    "start": 1605111074064,
    "end": 1605111074070,
    "duration": 6,
    "pid": 10987,
    "index": 56
  },
  {
    "name": "Require(47) node_modules/egg-cors/app.js",
    "start": 1605111074070,
    "end": 1605111074070,
    "duration": 0,
    "pid": 10987,
    "index": 57
  },
  {
    "name": "Before Start in node_modules/egg-watcher/lib/init.js:15:14",
    "start": 1605111074077,
    "end": 1605111074215,
    "duration": 138,
    "pid": 10987,
    "index": 58
  },
  {
    "name": "Before Start in node_modules/egg-mysql/lib/mysql.js:20:7",
    "start": 1605111074137,
    "end": 1605111074218,
    "duration": 81,
    "pid": 10987,
    "index": 59
  },
  {
    "name": "Load Service",
    "start": 1605111074137,
    "end": 1605111074140,
    "duration": 3,
    "pid": 10987,
    "index": 60
  },
  {
    "name": "Load \"service\" to Context",
    "start": 1605111074137,
    "end": 1605111074140,
    "duration": 3,
    "pid": 10987,
    "index": 61
  },
  {
    "name": "Load Middleware",
    "start": 1605111074140,
    "end": 1605111074192,
    "duration": 52,
    "pid": 10987,
    "index": 62
  },
  {
    "name": "Load \"middlewares\" to Application",
    "start": 1605111074140,
    "end": 1605111074183,
    "duration": 43,
    "pid": 10987,
    "index": 63
  },
  {
    "name": "Load Controller",
    "start": 1605111074192,
    "end": 1605111074193,
    "duration": 1,
    "pid": 10987,
    "index": 64
  },
  {
    "name": "Load \"controller\" to Application",
    "start": 1605111074192,
    "end": 1605111074193,
    "duration": 1,
    "pid": 10987,
    "index": 65
  },
  {
    "name": "Load Router",
    "start": 1605111074193,
    "end": 1605111074195,
    "duration": 2,
    "pid": 10987,
    "index": 66
  },
  {
    "name": "Require(48) app/router.js",
    "start": 1605111074193,
    "end": 1605111074194,
    "duration": 1,
    "pid": 10987,
    "index": 67
  },
  {
    "name": "Before Start in node_modules/egg-core/lib/egg.js:303:10",
    "start": 1605111074194,
    "end": 1605111074206,
    "duration": 12,
    "pid": 10987,
    "index": 68
  }
]