[
  {
    "name": "Process Start",
    "start": 1605111016363,
    "end": 1605111016921,
    "duration": 558,
    "pid": 10895,
    "index": 0
  },
  {
    "name": "Application Start",
    "start": 1605111016922,
    "end": 1605111017269,
    "duration": 347,
    "pid": 10895,
    "index": 1
  },
  {
    "name": "Load Plugin",
    "start": 1605111016938,
    "end": 1605111016945,
    "duration": 7,
    "pid": 10895,
    "index": 2
  },
  {
    "name": "Load Config",
    "start": 1605111016945,
    "end": 1605111016964,
    "duration": 19,
    "pid": 10895,
    "index": 3
  },
  {
    "name": "Require(0) config/config.default.js",
    "start": 1605111016946,
    "end": 1605111016946,
    "duration": 0,
    "pid": 10895,
    "index": 4
  },
  {
    "name": "Require(1) node_modules/egg-session/config/config.default.js",
    "start": 1605111016947,
    "end": 1605111016947,
    "duration": 0,
    "pid": 10895,
    "index": 5
  },
  {
    "name": "Require(2) node_modules/egg-security/config/config.default.js",
    "start": 1605111016947,
    "end": 1605111016948,
    "duration": 1,
    "pid": 10895,
    "index": 6
  },
  {
    "name": "Require(3) node_modules/egg-jsonp/config/config.default.js",
    "start": 1605111016948,
    "end": 1605111016949,
    "duration": 1,
    "pid": 10895,
    "index": 7
  },
  {
    "name": "Require(4) node_modules/egg-onerror/config/config.default.js",
    "start": 1605111016949,
    "end": 1605111016949,
    "duration": 0,
    "pid": 10895,
    "index": 8
  },
  {
    "name": "Require(5) node_modules/egg-i18n/config/config.default.js",
    "start": 1605111016949,
    "end": 1605111016950,
    "duration": 1,
    "pid": 10895,
    "index": 9
  },
  {
    "name": "Require(6) node_modules/egg-watcher/config/config.default.js",
    "start": 1605111016950,
    "end": 1605111016950,
    "duration": 0,
    "pid": 10895,
    "index": 10
  },
  {
    "name": "Require(7) node_modules/egg-schedule/config/config.default.js",
    "start": 1605111016950,
    "end": 1605111016951,
    "duration": 1,
    "pid": 10895,
    "index": 11
  },
  {
    "name": "Require(8) node_modules/egg-multipart/config/config.default.js",
    "start": 1605111016951,
    "end": 1605111016952,
    "duration": 1,
    "pid": 10895,
    "index": 12
  },
  {
    "name": "Require(9) node_modules/egg-development/config/config.default.js",
    "start": 1605111016953,
    "end": 1605111016953,
    "duration": 0,
    "pid": 10895,
    "index": 13
  },
  {
    "name": "Require(10) node_modules/egg-logrotator/config/config.default.js",
    "start": 1605111016953,
    "end": 1605111016954,
    "duration": 1,
    "pid": 10895,
    "index": 14
  },
  {
    "name": "Require(11) node_modules/egg-static/config/config.default.js",
    "start": 1605111016954,
    "end": 1605111016954,
    "duration": 0,
    "pid": 10895,
    "index": 15
  },
  {
    "name": "Require(12) node_modules/egg-view/config/config.default.js",
    "start": 1605111016954,
    "end": 1605111016955,
    "duration": 1,
    "pid": 10895,
    "index": 16
  },
  {
    "name": "Require(13) node_modules/egg-mysql/config/config.default.js",
    "start": 1605111016955,
    "end": 1605111016955,
    "duration": 0,
    "pid": 10895,
    "index": 17
  },
  {
    "name": "Require(14) node_modules/egg-cors/config/config.default.js",
    "start": 1605111016956,
    "end": 1605111016956,
    "duration": 0,
    "pid": 10895,
    "index": 18
  },
  {
    "name": "Require(15) node_modules/egg/config/config.default.js",
    "start": 1605111016957,
    "end": 1605111016957,
    "duration": 0,
    "pid": 10895,
    "index": 19
  },
  {
    "name": "Require(16) config/config.default.js",
    "start": 1605111016959,
    "end": 1605111016959,
    "duration": 0,
    "pid": 10895,
    "index": 20
  },
  {
    "name": "Require(17) node_modules/egg-security/config/config.local.js",
    "start": 1605111016960,
    "end": 1605111016960,
    "duration": 0,
    "pid": 10895,
    "index": 21
  },
  {
    "name": "Require(18) node_modules/egg-watcher/config/config.local.js",
    "start": 1605111016961,
    "end": 1605111016962,
    "duration": 1,
    "pid": 10895,
    "index": 22
  },
  {
    "name": "Require(19) node_modules/egg-view/config/config.local.js",
    "start": 1605111016963,
    "end": 1605111016963,
    "duration": 0,
    "pid": 10895,
    "index": 23
  },
  {
    "name": "Require(20) node_modules/egg/config/config.local.js",
    "start": 1605111016963,
    "end": 1605111016963,
    "duration": 0,
    "pid": 10895,
    "index": 24
  },
  {
    "name": "Load extend/application.js",
    "start": 1605111016965,
    "end": 1605111016970,
    "duration": 5,
    "pid": 10895,
    "index": 25
  },
  {
    "name": "Require(21) node_modules/egg-session/app/extend/application.js",
    "start": 1605111016965,
    "end": 1605111016965,
    "duration": 0,
    "pid": 10895,
    "index": 26
  },
  {
    "name": "Require(22) node_modules/egg-security/app/extend/application.js",
    "start": 1605111016965,
    "end": 1605111016966,
    "duration": 1,
    "pid": 10895,
    "index": 27
  },
  {
    "name": "Require(23) node_modules/egg-jsonp/app/extend/application.js",
    "start": 1605111016966,
    "end": 1605111016967,
    "duration": 1,
    "pid": 10895,
    "index": 28
  },
  {
    "name": "Require(24) node_modules/egg-logrotator/app/extend/application.js",
    "start": 1605111016967,
    "end": 1605111016968,
    "duration": 1,
    "pid": 10895,
    "index": 29
  },
  {
    "name": "Require(25) node_modules/egg-view/app/extend/application.js",
    "start": 1605111016968,
    "end": 1605111016969,
    "duration": 1,
    "pid": 10895,
    "index": 30
  },
  {
    "name": "Load extend/request.js",
    "start": 1605111016970,
    "end": 1605111016973,
    "duration": 3,
    "pid": 10895,
    "index": 31
  },
  {
    "name": "Require(26) node_modules/egg/app/extend/request.js",
    "start": 1605111016971,
    "end": 1605111016972,
    "duration": 1,
    "pid": 10895,
    "index": 32
  },
  {
    "name": "Load extend/response.js",
    "start": 1605111016973,
    "end": 1605111016976,
    "duration": 3,
    "pid": 10895,
    "index": 33
  },
  {
    "name": "Require(27) node_modules/egg/app/extend/response.js",
    "start": 1605111016974,
    "end": 1605111016975,
    "duration": 1,
    "pid": 10895,
    "index": 34
  },
  {
    "name": "Load extend/context.js",
    "start": 1605111016976,
    "end": 1605111017017,
    "duration": 41,
    "pid": 10895,
    "index": 35
  },
  {
    "name": "Require(28) node_modules/egg-security/app/extend/context.js",
    "start": 1605111016976,
    "end": 1605111016981,
    "duration": 5,
    "pid": 10895,
    "index": 36
  },
  {
    "name": "Require(29) node_modules/egg-jsonp/app/extend/context.js",
    "start": 1605111016981,
    "end": 1605111016981,
    "duration": 0,
    "pid": 10895,
    "index": 37
  },
  {
    "name": "Require(30) node_modules/egg-i18n/app/extend/context.js",
    "start": 1605111016982,
    "end": 1605111016982,
    "duration": 0,
    "pid": 10895,
    "index": 38
  },
  {
    "name": "Require(31) node_modules/egg-multipart/app/extend/context.js",
    "start": 1605111016982,
    "end": 1605111017014,
    "duration": 32,
    "pid": 10895,
    "index": 39
  },
  {
    "name": "Require(32) node_modules/egg-view/app/extend/context.js",
    "start": 1605111017014,
    "end": 1605111017015,
    "duration": 1,
    "pid": 10895,
    "index": 40
  },
  {
    "name": "Require(33) node_modules/egg/app/extend/context.js",
    "start": 1605111017016,
    "end": 1605111017016,
    "duration": 0,
    "pid": 10895,
    "index": 41
  },
  {
    "name": "Load extend/helper.js",
    "start": 1605111017017,
    "end": 1605111017027,
    "duration": 10,
    "pid": 10895,
    "index": 42
  },
  {
    "name": "Require(34) node_modules/egg-security/app/extend/helper.js",
    "start": 1605111017017,
    "end": 1605111017026,
    "duration": 9,
    "pid": 10895,
    "index": 43
  },
  {
    "name": "Require(35) node_modules/egg/app/extend/helper.js",
    "start": 1605111017026,
    "end": 1605111017027,
    "duration": 1,
    "pid": 10895,
    "index": 44
  },
  {
    "name": "Load app.js",
    "start": 1605111017028,
    "end": 1605111017052,
    "duration": 24,
    "pid": 10895,
    "index": 45
  },
  {
    "name": "Require(36) node_modules/egg-session/app.js",
    "start": 1605111017028,
    "end": 1605111017028,
    "duration": 0,
    "pid": 10895,
    "index": 46
  },
  {
    "name": "Require(37) node_modules/egg-security/app.js",
    "start": 1605111017028,
    "end": 1605111017029,
    "duration": 1,
    "pid": 10895,
    "index": 47
  },
  {
    "name": "Require(38) node_modules/egg-onerror/app.js",
    "start": 1605111017029,
    "end": 1605111017033,
    "duration": 4,
    "pid": 10895,
    "index": 48
  },
  {
    "name": "Require(39) node_modules/egg-i18n/app.js",
    "start": 1605111017033,
    "end": 1605111017041,
    "duration": 8,
    "pid": 10895,
    "index": 49
  },
  {
    "name": "Require(40) node_modules/egg-watcher/app.js",
    "start": 1605111017041,
    "end": 1605111017042,
    "duration": 1,
    "pid": 10895,
    "index": 50
  },
  {
    "name": "Require(41) node_modules/egg-schedule/app.js",
    "start": 1605111017042,
    "end": 1605111017043,
    "duration": 1,
    "pid": 10895,
    "index": 51
  },
  {
    "name": "Require(42) node_modules/egg-multipart/app.js",
    "start": 1605111017043,
    "end": 1605111017044,
    "duration": 1,
    "pid": 10895,
    "index": 52
  },
  {
    "name": "Require(43) node_modules/egg-development/app.js",
    "start": 1605111017044,
    "end": 1605111017044,
    "duration": 0,
    "pid": 10895,
    "index": 53
  },
  {
    "name": "Require(44) node_modules/egg-logrotator/app.js",
    "start": 1605111017044,
    "end": 1605111017044,
    "duration": 0,
    "pid": 10895,
    "index": 54
  },
  {
    "name": "Require(45) node_modules/egg-static/app.js",
    "start": 1605111017045,
    "end": 1605111017045,
    "duration": 0,
    "pid": 10895,
    "index": 55
  },
  {
    "name": "Require(46) node_modules/egg-mysql/app.js",
    "start": 1605111017045,
    "end": 1605111017052,
    "duration": 7,
    "pid": 10895,
    "index": 56
  },
  {
    "name": "Require(47) node_modules/egg-cors/app.js",
    "start": 1605111017052,
    "end": 1605111017052,
    "duration": 0,
    "pid": 10895,
    "index": 57
  },
  {
    "name": "Before Start in node_modules/egg-watcher/lib/init.js:15:14",
    "start": 1605111017059,
    "end": 1605111017265,
    "duration": 206,
    "pid": 10895,
    "index": 58
  },
  {
    "name": "Before Start in node_modules/egg-mysql/lib/mysql.js:20:7",
    "start": 1605111017136,
    "end": 1605111017268,
    "duration": 132,
    "pid": 10895,
    "index": 59
  },
  {
    "name": "Load Service",
    "start": 1605111017136,
    "end": 1605111017141,
    "duration": 5,
    "pid": 10895,
    "index": 60
  },
  {
    "name": "Load \"service\" to Context",
    "start": 1605111017136,
    "end": 1605111017141,
    "duration": 5,
    "pid": 10895,
    "index": 61
  },
  {
    "name": "Load Middleware",
    "start": 1605111017141,
    "end": 1605111017242,
    "duration": 101,
    "pid": 10895,
    "index": 62
  },
  {
    "name": "Load \"middlewares\" to Application",
    "start": 1605111017141,
    "end": 1605111017232,
    "duration": 91,
    "pid": 10895,
    "index": 63
  },
  {
    "name": "Load Controller",
    "start": 1605111017242,
    "end": 1605111017244,
    "duration": 2,
    "pid": 10895,
    "index": 64
  },
  {
    "name": "Load \"controller\" to Application",
    "start": 1605111017242,
    "end": 1605111017244,
    "duration": 2,
    "pid": 10895,
    "index": 65
  },
  {
    "name": "Load Router",
    "start": 1605111017244,
    "end": 1605111017246,
    "duration": 2,
    "pid": 10895,
    "index": 66
  },
  {
    "name": "Require(48) app/router.js",
    "start": 1605111017244,
    "end": 1605111017244,
    "duration": 0,
    "pid": 10895,
    "index": 67
  },
  {
    "name": "Before Start in node_modules/egg-core/lib/egg.js:303:10",
    "start": 1605111017244,
    "end": 1605111017256,
    "duration": 12,
    "pid": 10895,
    "index": 68
  }
]