[
  {
    "name": "Process Start",
    "start": 1605107691722,
    "end": 1605107692274,
    "duration": 552,
    "pid": 6403,
    "index": 0
  },
  {
    "name": "Application Start",
    "start": 1605107692275,
    "end": 1605107692699,
    "duration": 424,
    "pid": 6403,
    "index": 1
  },
  {
    "name": "Load Plugin",
    "start": 1605107692279,
    "end": 1605107692286,
    "duration": 7,
    "pid": 6403,
    "index": 2
  },
  {
    "name": "Load Config",
    "start": 1605107692286,
    "end": 1605107692300,
    "duration": 14,
    "pid": 6403,
    "index": 3
  },
  {
    "name": "Require(0) config/config.default.js",
    "start": 1605107692286,
    "end": 1605107692287,
    "duration": 1,
    "pid": 6403,
    "index": 4
  },
  {
    "name": "Require(1) node_modules/egg-session/config/config.default.js",
    "start": 1605107692288,
    "end": 1605107692288,
    "duration": 0,
    "pid": 6403,
    "index": 5
  },
  {
    "name": "Require(2) node_modules/egg-security/config/config.default.js",
    "start": 1605107692288,
    "end": 1605107692288,
    "duration": 0,
    "pid": 6403,
    "index": 6
  },
  {
    "name": "Require(3) node_modules/egg-jsonp/config/config.default.js",
    "start": 1605107692289,
    "end": 1605107692290,
    "duration": 1,
    "pid": 6403,
    "index": 7
  },
  {
    "name": "Require(4) node_modules/egg-onerror/config/config.default.js",
    "start": 1605107692290,
    "end": 1605107692290,
    "duration": 0,
    "pid": 6403,
    "index": 8
  },
  {
    "name": "Require(5) node_modules/egg-i18n/config/config.default.js",
    "start": 1605107692291,
    "end": 1605107692291,
    "duration": 0,
    "pid": 6403,
    "index": 9
  },
  {
    "name": "Require(6) node_modules/egg-watcher/config/config.default.js",
    "start": 1605107692291,
    "end": 1605107692291,
    "duration": 0,
    "pid": 6403,
    "index": 10
  },
  {
    "name": "Require(7) node_modules/egg-schedule/config/config.default.js",
    "start": 1605107692292,
    "end": 1605107692292,
    "duration": 0,
    "pid": 6403,
    "index": 11
  },
  {
    "name": "Require(8) node_modules/egg-multipart/config/config.default.js",
    "start": 1605107692292,
    "end": 1605107692293,
    "duration": 1,
    "pid": 6403,
    "index": 12
  },
  {
    "name": "Require(9) node_modules/egg-development/config/config.default.js",
    "start": 1605107692293,
    "end": 1605107692293,
    "duration": 0,
    "pid": 6403,
    "index": 13
  },
  {
    "name": "Require(10) node_modules/egg-logrotator/config/config.default.js",
    "start": 1605107692293,
    "end": 1605107692294,
    "duration": 1,
    "pid": 6403,
    "index": 14
  },
  {
    "name": "Require(11) node_modules/egg-static/config/config.default.js",
    "start": 1605107692294,
    "end": 1605107692294,
    "duration": 0,
    "pid": 6403,
    "index": 15
  },
  {
    "name": "Require(12) node_modules/egg-view/config/config.default.js",
    "start": 1605107692294,
    "end": 1605107692294,
    "duration": 0,
    "pid": 6403,
    "index": 16
  },
  {
    "name": "Require(13) node_modules/egg-mysql/config/config.default.js",
    "start": 1605107692295,
    "end": 1605107692295,
    "duration": 0,
    "pid": 6403,
    "index": 17
  },
  {
    "name": "Require(14) node_modules/egg-cors/config/config.default.js",
    "start": 1605107692295,
    "end": 1605107692295,
    "duration": 0,
    "pid": 6403,
    "index": 18
  },
  {
    "name": "Require(15) node_modules/egg/config/config.default.js",
    "start": 1605107692295,
    "end": 1605107692296,
    "duration": 1,
    "pid": 6403,
    "index": 19
  },
  {
    "name": "Require(16) config/config.default.js",
    "start": 1605107692297,
    "end": 1605107692297,
    "duration": 0,
    "pid": 6403,
    "index": 20
  },
  {
    "name": "Require(17) node_modules/egg-security/config/config.local.js",
    "start": 1605107692298,
    "end": 1605107692298,
    "duration": 0,
    "pid": 6403,
    "index": 21
  },
  {
    "name": "Require(18) node_modules/egg-watcher/config/config.local.js",
    "start": 1605107692298,
    "end": 1605107692299,
    "duration": 1,
    "pid": 6403,
    "index": 22
  },
  {
    "name": "Require(19) node_modules/egg-view/config/config.local.js",
    "start": 1605107692299,
    "end": 1605107692299,
    "duration": 0,
    "pid": 6403,
    "index": 23
  },
  {
    "name": "Require(20) node_modules/egg/config/config.local.js",
    "start": 1605107692299,
    "end": 1605107692300,
    "duration": 1,
    "pid": 6403,
    "index": 24
  },
  {
    "name": "Load extend/application.js",
    "start": 1605107692301,
    "end": 1605107692308,
    "duration": 7,
    "pid": 6403,
    "index": 25
  },
  {
    "name": "Require(21) node_modules/egg-session/app/extend/application.js",
    "start": 1605107692301,
    "end": 1605107692301,
    "duration": 0,
    "pid": 6403,
    "index": 26
  },
  {
    "name": "Require(22) node_modules/egg-security/app/extend/application.js",
    "start": 1605107692302,
    "end": 1605107692302,
    "duration": 0,
    "pid": 6403,
    "index": 27
  },
  {
    "name": "Require(23) node_modules/egg-jsonp/app/extend/application.js",
    "start": 1605107692303,
    "end": 1605107692304,
    "duration": 1,
    "pid": 6403,
    "index": 28
  },
  {
    "name": "Require(24) node_modules/egg-logrotator/app/extend/application.js",
    "start": 1605107692304,
    "end": 1605107692306,
    "duration": 2,
    "pid": 6403,
    "index": 29
  },
  {
    "name": "Require(25) node_modules/egg-view/app/extend/application.js",
    "start": 1605107692306,
    "end": 1605107692307,
    "duration": 1,
    "pid": 6403,
    "index": 30
  },
  {
    "name": "Load extend/request.js",
    "start": 1605107692308,
    "end": 1605107692311,
    "duration": 3,
    "pid": 6403,
    "index": 31
  },
  {
    "name": "Require(26) node_modules/egg/app/extend/request.js",
    "start": 1605107692309,
    "end": 1605107692310,
    "duration": 1,
    "pid": 6403,
    "index": 32
  },
  {
    "name": "Load extend/response.js",
    "start": 1605107692311,
    "end": 1605107692316,
    "duration": 5,
    "pid": 6403,
    "index": 33
  },
  {
    "name": "Require(27) node_modules/egg/app/extend/response.js",
    "start": 1605107692313,
    "end": 1605107692315,
    "duration": 2,
    "pid": 6403,
    "index": 34
  },
  {
    "name": "Load extend/context.js",
    "start": 1605107692316,
    "end": 1605107692356,
    "duration": 40,
    "pid": 6403,
    "index": 35
  },
  {
    "name": "Require(28) node_modules/egg-security/app/extend/context.js",
    "start": 1605107692316,
    "end": 1605107692320,
    "duration": 4,
    "pid": 6403,
    "index": 36
  },
  {
    "name": "Require(29) node_modules/egg-jsonp/app/extend/context.js",
    "start": 1605107692321,
    "end": 1605107692321,
    "duration": 0,
    "pid": 6403,
    "index": 37
  },
  {
    "name": "Require(30) node_modules/egg-i18n/app/extend/context.js",
    "start": 1605107692322,
    "end": 1605107692322,
    "duration": 0,
    "pid": 6403,
    "index": 38
  },
  {
    "name": "Require(31) node_modules/egg-multipart/app/extend/context.js",
    "start": 1605107692322,
    "end": 1605107692353,
    "duration": 31,
    "pid": 6403,
    "index": 39
  },
  {
    "name": "Require(32) node_modules/egg-view/app/extend/context.js",
    "start": 1605107692353,
    "end": 1605107692353,
    "duration": 0,
    "pid": 6403,
    "index": 40
  },
  {
    "name": "Require(33) node_modules/egg/app/extend/context.js",
    "start": 1605107692354,
    "end": 1605107692355,
    "duration": 1,
    "pid": 6403,
    "index": 41
  },
  {
    "name": "Load extend/helper.js",
    "start": 1605107692356,
    "end": 1605107692374,
    "duration": 18,
    "pid": 6403,
    "index": 42
  },
  {
    "name": "Require(34) node_modules/egg-security/app/extend/helper.js",
    "start": 1605107692356,
    "end": 1605107692371,
    "duration": 15,
    "pid": 6403,
    "index": 43
  },
  {
    "name": "Require(35) node_modules/egg/app/extend/helper.js",
    "start": 1605107692373,
    "end": 1605107692374,
    "duration": 1,
    "pid": 6403,
    "index": 44
  },
  {
    "name": "Load app.js",
    "start": 1605107692375,
    "end": 1605107692413,
    "duration": 38,
    "pid": 6403,
    "index": 45
  },
  {
    "name": "Require(36) node_modules/egg-session/app.js",
    "start": 1605107692375,
    "end": 1605107692375,
    "duration": 0,
    "pid": 6403,
    "index": 46
  },
  {
    "name": "Require(37) node_modules/egg-security/app.js",
    "start": 1605107692375,
    "end": 1605107692377,
    "duration": 2,
    "pid": 6403,
    "index": 47
  },
  {
    "name": "Require(38) node_modules/egg-onerror/app.js",
    "start": 1605107692378,
    "end": 1605107692386,
    "duration": 8,
    "pid": 6403,
    "index": 48
  },
  {
    "name": "Require(39) node_modules/egg-i18n/app.js",
    "start": 1605107692386,
    "end": 1605107692397,
    "duration": 11,
    "pid": 6403,
    "index": 49
  },
  {
    "name": "Require(40) node_modules/egg-watcher/app.js",
    "start": 1605107692397,
    "end": 1605107692399,
    "duration": 2,
    "pid": 6403,
    "index": 50
  },
  {
    "name": "Require(41) node_modules/egg-schedule/app.js",
    "start": 1605107692400,
    "end": 1605107692400,
    "duration": 0,
    "pid": 6403,
    "index": 51
  },
  {
    "name": "Require(42) node_modules/egg-multipart/app.js",
    "start": 1605107692401,
    "end": 1605107692401,
    "duration": 0,
    "pid": 6403,
    "index": 52
  },
  {
    "name": "Require(43) node_modules/egg-development/app.js",
    "start": 1605107692401,
    "end": 1605107692402,
    "duration": 1,
    "pid": 6403,
    "index": 53
  },
  {
    "name": "Require(44) node_modules/egg-logrotator/app.js",
    "start": 1605107692402,
    "end": 1605107692402,
    "duration": 0,
    "pid": 6403,
    "index": 54
  },
  {
    "name": "Require(45) node_modules/egg-static/app.js",
    "start": 1605107692403,
    "end": 1605107692403,
    "duration": 0,
    "pid": 6403,
    "index": 55
  },
  {
    "name": "Require(46) node_modules/egg-mysql/app.js",
    "start": 1605107692403,
    "end": 1605107692412,
    "duration": 9,
    "pid": 6403,
    "index": 56
  },
  {
    "name": "Require(47) node_modules/egg-cors/app.js",
    "start": 1605107692412,
    "end": 1605107692412,
    "duration": 0,
    "pid": 6403,
    "index": 57
  },
  {
    "name": "Before Start in node_modules/egg-watcher/lib/init.js:15:14",
    "start": 1605107692420,
    "end": 1605107692695,
    "duration": 275,
    "pid": 6403,
    "index": 58
  },
  {
    "name": "Before Start in node_modules/egg-mysql/lib/mysql.js:20:7",
    "start": 1605107692528,
    "end": 1605107692698,
    "duration": 170,
    "pid": 6403,
    "index": 59
  },
  {
    "name": "Load Service",
    "start": 1605107692528,
    "end": 1605107692532,
    "duration": 4,
    "pid": 6403,
    "index": 60
  },
  {
    "name": "Load \"service\" to Context",
    "start": 1605107692528,
    "end": 1605107692532,
    "duration": 4,
    "pid": 6403,
    "index": 61
  },
  {
    "name": "Load Middleware",
    "start": 1605107692532,
    "end": 1605107692670,
    "duration": 138,
    "pid": 6403,
    "index": 62
  },
  {
    "name": "Load \"middlewares\" to Application",
    "start": 1605107692533,
    "end": 1605107692658,
    "duration": 125,
    "pid": 6403,
    "index": 63
  },
  {
    "name": "Load Controller",
    "start": 1605107692670,
    "end": 1605107692674,
    "duration": 4,
    "pid": 6403,
    "index": 64
  },
  {
    "name": "Load \"controller\" to Application",
    "start": 1605107692670,
    "end": 1605107692674,
    "duration": 4,
    "pid": 6403,
    "index": 65
  },
  {
    "name": "Load Router",
    "start": 1605107692674,
    "end": 1605107692676,
    "duration": 2,
    "pid": 6403,
    "index": 66
  },
  {
    "name": "Require(48) app/router.js",
    "start": 1605107692674,
    "end": 1605107692674,
    "duration": 0,
    "pid": 6403,
    "index": 67
  },
  {
    "name": "Before Start in node_modules/egg-core/lib/egg.js:303:10",
    "start": 1605107692675,
    "end": 1605107692686,
    "duration": 11,
    "pid": 6403,
    "index": 68
  }
]