[
  {
    "name": "Process Start",
    "start": 1605111691060,
    "end": 1605111691602,
    "duration": 542,
    "pid": 11809,
    "index": 0
  },
  {
    "name": "Application Start",
    "start": 1605111691602,
    "end": 1605111691867,
    "duration": 265,
    "pid": 11809,
    "index": 1
  },
  {
    "name": "Load Plugin",
    "start": 1605111691605,
    "end": 1605111691613,
    "duration": 8,
    "pid": 11809,
    "index": 2
  },
  {
    "name": "Load Config",
    "start": 1605111691613,
    "end": 1605111691625,
    "duration": 12,
    "pid": 11809,
    "index": 3
  },
  {
    "name": "Require(0) config/config.default.js",
    "start": 1605111691613,
    "end": 1605111691613,
    "duration": 0,
    "pid": 11809,
    "index": 4
  },
  {
    "name": "Require(1) node_modules/egg-session/config/config.default.js",
    "start": 1605111691614,
    "end": 1605111691614,
    "duration": 0,
    "pid": 11809,
    "index": 5
  },
  {
    "name": "Require(2) node_modules/egg-security/config/config.default.js",
    "start": 1605111691615,
    "end": 1605111691615,
    "duration": 0,
    "pid": 11809,
    "index": 6
  },
  {
    "name": "Require(3) node_modules/egg-jsonp/config/config.default.js",
    "start": 1605111691615,
    "end": 1605111691616,
    "duration": 1,
    "pid": 11809,
    "index": 7
  },
  {
    "name": "Require(4) node_modules/egg-onerror/config/config.default.js",
    "start": 1605111691616,
    "end": 1605111691616,
    "duration": 0,
    "pid": 11809,
    "index": 8
  },
  {
    "name": "Require(5) node_modules/egg-i18n/config/config.default.js",
    "start": 1605111691616,
    "end": 1605111691617,
    "duration": 1,
    "pid": 11809,
    "index": 9
  },
  {
    "name": "Require(6) node_modules/egg-watcher/config/config.default.js",
    "start": 1605111691617,
    "end": 1605111691617,
    "duration": 0,
    "pid": 11809,
    "index": 10
  },
  {
    "name": "Require(7) node_modules/egg-schedule/config/config.default.js",
    "start": 1605111691617,
    "end": 1605111691618,
    "duration": 1,
    "pid": 11809,
    "index": 11
  },
  {
    "name": "Require(8) node_modules/egg-multipart/config/config.default.js",
    "start": 1605111691618,
    "end": 1605111691618,
    "duration": 0,
    "pid": 11809,
    "index": 12
  },
  {
    "name": "Require(9) node_modules/egg-development/config/config.default.js",
    "start": 1605111691618,
    "end": 1605111691619,
    "duration": 1,
    "pid": 11809,
    "index": 13
  },
  {
    "name": "Require(10) node_modules/egg-logrotator/config/config.default.js",
    "start": 1605111691619,
    "end": 1605111691619,
    "duration": 0,
    "pid": 11809,
    "index": 14
  },
  {
    "name": "Require(11) node_modules/egg-static/config/config.default.js",
    "start": 1605111691619,
    "end": 1605111691619,
    "duration": 0,
    "pid": 11809,
    "index": 15
  },
  {
    "name": "Require(12) node_modules/egg-view/config/config.default.js",
    "start": 1605111691620,
    "end": 1605111691620,
    "duration": 0,
    "pid": 11809,
    "index": 16
  },
  {
    "name": "Require(13) node_modules/egg-mysql/config/config.default.js",
    "start": 1605111691620,
    "end": 1605111691620,
    "duration": 0,
    "pid": 11809,
    "index": 17
  },
  {
    "name": "Require(14) node_modules/egg-cors/config/config.default.js",
    "start": 1605111691621,
    "end": 1605111691621,
    "duration": 0,
    "pid": 11809,
    "index": 18
  },
  {
    "name": "Require(15) node_modules/egg/config/config.default.js",
    "start": 1605111691621,
    "end": 1605111691621,
    "duration": 0,
    "pid": 11809,
    "index": 19
  },
  {
    "name": "Require(16) config/config.default.js",
    "start": 1605111691622,
    "end": 1605111691622,
    "duration": 0,
    "pid": 11809,
    "index": 20
  },
  {
    "name": "Require(17) node_modules/egg-security/config/config.local.js",
    "start": 1605111691623,
    "end": 1605111691623,
    "duration": 0,
    "pid": 11809,
    "index": 21
  },
  {
    "name": "Require(18) node_modules/egg-watcher/config/config.local.js",
    "start": 1605111691623,
    "end": 1605111691623,
    "duration": 0,
    "pid": 11809,
    "index": 22
  },
  {
    "name": "Require(19) node_modules/egg-view/config/config.local.js",
    "start": 1605111691624,
    "end": 1605111691624,
    "duration": 0,
    "pid": 11809,
    "index": 23
  },
  {
    "name": "Require(20) node_modules/egg/config/config.local.js",
    "start": 1605111691624,
    "end": 1605111691624,
    "duration": 0,
    "pid": 11809,
    "index": 24
  },
  {
    "name": "Load extend/application.js",
    "start": 1605111691625,
    "end": 1605111691630,
    "duration": 5,
    "pid": 11809,
    "index": 25
  },
  {
    "name": "Require(21) node_modules/egg-session/app/extend/application.js",
    "start": 1605111691626,
    "end": 1605111691626,
    "duration": 0,
    "pid": 11809,
    "index": 26
  },
  {
    "name": "Require(22) node_modules/egg-security/app/extend/application.js",
    "start": 1605111691626,
    "end": 1605111691626,
    "duration": 0,
    "pid": 11809,
    "index": 27
  },
  {
    "name": "Require(23) node_modules/egg-jsonp/app/extend/application.js",
    "start": 1605111691627,
    "end": 1605111691627,
    "duration": 0,
    "pid": 11809,
    "index": 28
  },
  {
    "name": "Require(24) node_modules/egg-logrotator/app/extend/application.js",
    "start": 1605111691628,
    "end": 1605111691628,
    "duration": 0,
    "pid": 11809,
    "index": 29
  },
  {
    "name": "Require(25) node_modules/egg-view/app/extend/application.js",
    "start": 1605111691628,
    "end": 1605111691629,
    "duration": 1,
    "pid": 11809,
    "index": 30
  },
  {
    "name": "Load extend/request.js",
    "start": 1605111691630,
    "end": 1605111691632,
    "duration": 2,
    "pid": 11809,
    "index": 31
  },
  {
    "name": "Require(26) node_modules/egg/app/extend/request.js",
    "start": 1605111691630,
    "end": 1605111691631,
    "duration": 1,
    "pid": 11809,
    "index": 32
  },
  {
    "name": "Load extend/response.js",
    "start": 1605111691632,
    "end": 1605111691634,
    "duration": 2,
    "pid": 11809,
    "index": 33
  },
  {
    "name": "Require(27) node_modules/egg/app/extend/response.js",
    "start": 1605111691633,
    "end": 1605111691633,
    "duration": 0,
    "pid": 11809,
    "index": 34
  },
  {
    "name": "Load extend/context.js",
    "start": 1605111691634,
    "end": 1605111691673,
    "duration": 39,
    "pid": 11809,
    "index": 35
  },
  {
    "name": "Require(28) node_modules/egg-security/app/extend/context.js",
    "start": 1605111691634,
    "end": 1605111691638,
    "duration": 4,
    "pid": 11809,
    "index": 36
  },
  {
    "name": "Require(29) node_modules/egg-jsonp/app/extend/context.js",
    "start": 1605111691638,
    "end": 1605111691639,
    "duration": 1,
    "pid": 11809,
    "index": 37
  },
  {
    "name": "Require(30) node_modules/egg-i18n/app/extend/context.js",
    "start": 1605111691639,
    "end": 1605111691639,
    "duration": 0,
    "pid": 11809,
    "index": 38
  },
  {
    "name": "Require(31) node_modules/egg-multipart/app/extend/context.js",
    "start": 1605111691639,
    "end": 1605111691670,
    "duration": 31,
    "pid": 11809,
    "index": 39
  },
  {
    "name": "Require(32) node_modules/egg-view/app/extend/context.js",
    "start": 1605111691670,
    "end": 1605111691671,
    "duration": 1,
    "pid": 11809,
    "index": 40
  },
  {
    "name": "Require(33) node_modules/egg/app/extend/context.js",
    "start": 1605111691672,
    "end": 1605111691672,
    "duration": 0,
    "pid": 11809,
    "index": 41
  },
  {
    "name": "Load extend/helper.js",
    "start": 1605111691673,
    "end": 1605111691683,
    "duration": 10,
    "pid": 11809,
    "index": 42
  },
  {
    "name": "Require(34) node_modules/egg-security/app/extend/helper.js",
    "start": 1605111691673,
    "end": 1605111691681,
    "duration": 8,
    "pid": 11809,
    "index": 43
  },
  {
    "name": "Require(35) node_modules/egg/app/extend/helper.js",
    "start": 1605111691682,
    "end": 1605111691682,
    "duration": 0,
    "pid": 11809,
    "index": 44
  },
  {
    "name": "Load app.js",
    "start": 1605111691683,
    "end": 1605111691708,
    "duration": 25,
    "pid": 11809,
    "index": 45
  },
  {
    "name": "Require(36) node_modules/egg-session/app.js",
    "start": 1605111691683,
    "end": 1605111691683,
    "duration": 0,
    "pid": 11809,
    "index": 46
  },
  {
    "name": "Require(37) node_modules/egg-security/app.js",
    "start": 1605111691684,
    "end": 1605111691684,
    "duration": 0,
    "pid": 11809,
    "index": 47
  },
  {
    "name": "Require(38) node_modules/egg-onerror/app.js",
    "start": 1605111691684,
    "end": 1605111691688,
    "duration": 4,
    "pid": 11809,
    "index": 48
  },
  {
    "name": "Require(39) node_modules/egg-i18n/app.js",
    "start": 1605111691688,
    "end": 1605111691696,
    "duration": 8,
    "pid": 11809,
    "index": 49
  },
  {
    "name": "Require(40) node_modules/egg-watcher/app.js",
    "start": 1605111691696,
    "end": 1605111691697,
    "duration": 1,
    "pid": 11809,
    "index": 50
  },
  {
    "name": "Require(41) node_modules/egg-schedule/app.js",
    "start": 1605111691697,
    "end": 1605111691698,
    "duration": 1,
    "pid": 11809,
    "index": 51
  },
  {
    "name": "Require(42) node_modules/egg-multipart/app.js",
    "start": 1605111691699,
    "end": 1605111691699,
    "duration": 0,
    "pid": 11809,
    "index": 52
  },
  {
    "name": "Require(43) node_modules/egg-development/app.js",
    "start": 1605111691699,
    "end": 1605111691699,
    "duration": 0,
    "pid": 11809,
    "index": 53
  },
  {
    "name": "Require(44) node_modules/egg-logrotator/app.js",
    "start": 1605111691699,
    "end": 1605111691700,
    "duration": 1,
    "pid": 11809,
    "index": 54
  },
  {
    "name": "Require(45) node_modules/egg-static/app.js",
    "start": 1605111691700,
    "end": 1605111691700,
    "duration": 0,
    "pid": 11809,
    "index": 55
  },
  {
    "name": "Require(46) node_modules/egg-mysql/app.js",
    "start": 1605111691700,
    "end": 1605111691708,
    "duration": 8,
    "pid": 11809,
    "index": 56
  },
  {
    "name": "Require(47) node_modules/egg-cors/app.js",
    "start": 1605111691708,
    "end": 1605111691708,
    "duration": 0,
    "pid": 11809,
    "index": 57
  },
  {
    "name": "Before Start in node_modules/egg-watcher/lib/init.js:15:14",
    "start": 1605111691715,
    "end": 1605111691865,
    "duration": 150,
    "pid": 11809,
    "index": 58
  },
  {
    "name": "Before Start in node_modules/egg-mysql/lib/mysql.js:20:7",
    "start": 1605111691783,
    "end": 1605111691867,
    "duration": 84,
    "pid": 11809,
    "index": 59
  },
  {
    "name": "Load Service",
    "start": 1605111691783,
    "end": 1605111691787,
    "duration": 4,
    "pid": 11809,
    "index": 60
  },
  {
    "name": "Load \"service\" to Context",
    "start": 1605111691783,
    "end": 1605111691787,
    "duration": 4,
    "pid": 11809,
    "index": 61
  },
  {
    "name": "Load Middleware",
    "start": 1605111691787,
    "end": 1605111691843,
    "duration": 56,
    "pid": 11809,
    "index": 62
  },
  {
    "name": "Load \"middlewares\" to Application",
    "start": 1605111691787,
    "end": 1605111691834,
    "duration": 47,
    "pid": 11809,
    "index": 63
  },
  {
    "name": "Load Controller",
    "start": 1605111691843,
    "end": 1605111691845,
    "duration": 2,
    "pid": 11809,
    "index": 64
  },
  {
    "name": "Load \"controller\" to Application",
    "start": 1605111691843,
    "end": 1605111691845,
    "duration": 2,
    "pid": 11809,
    "index": 65
  },
  {
    "name": "Load Router",
    "start": 1605111691845,
    "end": 1605111691847,
    "duration": 2,
    "pid": 11809,
    "index": 66
  },
  {
    "name": "Require(48) app/router.js",
    "start": 1605111691845,
    "end": 1605111691845,
    "duration": 0,
    "pid": 11809,
    "index": 67
  },
  {
    "name": "Before Start in node_modules/egg-core/lib/egg.js:303:10",
    "start": 1605111691845,
    "end": 1605111691856,
    "duration": 11,
    "pid": 11809,
    "index": 68
  }
]