[
  {
    "name": "Process Start",
    "start": 1605111550461,
    "end": 1605111551274,
    "duration": 813,
    "pid": 11598,
    "index": 0
  },
  {
    "name": "Application Start",
    "start": 1605111551275,
    "end": 1605111551656,
    "duration": 381,
    "pid": 11598,
    "index": 1
  },
  {
    "name": "Load Plugin",
    "start": 1605111551279,
    "end": 1605111551288,
    "duration": 9,
    "pid": 11598,
    "index": 2
  },
  {
    "name": "Load Config",
    "start": 1605111551288,
    "end": 1605111551307,
    "duration": 19,
    "pid": 11598,
    "index": 3
  },
  {
    "name": "Require(0) config/config.default.js",
    "start": 1605111551289,
    "end": 1605111551289,
    "duration": 0,
    "pid": 11598,
    "index": 4
  },
  {
    "name": "Require(1) node_modules/egg-session/config/config.default.js",
    "start": 1605111551290,
    "end": 1605111551291,
    "duration": 1,
    "pid": 11598,
    "index": 5
  },
  {
    "name": "Require(2) node_modules/egg-security/config/config.default.js",
    "start": 1605111551291,
    "end": 1605111551292,
    "duration": 1,
    "pid": 11598,
    "index": 6
  },
  {
    "name": "Require(3) node_modules/egg-jsonp/config/config.default.js",
    "start": 1605111551292,
    "end": 1605111551293,
    "duration": 1,
    "pid": 11598,
    "index": 7
  },
  {
    "name": "Require(4) node_modules/egg-onerror/config/config.default.js",
    "start": 1605111551293,
    "end": 1605111551294,
    "duration": 1,
    "pid": 11598,
    "index": 8
  },
  {
    "name": "Require(5) node_modules/egg-i18n/config/config.default.js",
    "start": 1605111551294,
    "end": 1605111551294,
    "duration": 0,
    "pid": 11598,
    "index": 9
  },
  {
    "name": "Require(6) node_modules/egg-watcher/config/config.default.js",
    "start": 1605111551295,
    "end": 1605111551295,
    "duration": 0,
    "pid": 11598,
    "index": 10
  },
  {
    "name": "Require(7) node_modules/egg-schedule/config/config.default.js",
    "start": 1605111551296,
    "end": 1605111551296,
    "duration": 0,
    "pid": 11598,
    "index": 11
  },
  {
    "name": "Require(8) node_modules/egg-multipart/config/config.default.js",
    "start": 1605111551296,
    "end": 1605111551297,
    "duration": 1,
    "pid": 11598,
    "index": 12
  },
  {
    "name": "Require(9) node_modules/egg-development/config/config.default.js",
    "start": 1605111551297,
    "end": 1605111551298,
    "duration": 1,
    "pid": 11598,
    "index": 13
  },
  {
    "name": "Require(10) node_modules/egg-logrotator/config/config.default.js",
    "start": 1605111551298,
    "end": 1605111551298,
    "duration": 0,
    "pid": 11598,
    "index": 14
  },
  {
    "name": "Require(11) node_modules/egg-static/config/config.default.js",
    "start": 1605111551299,
    "end": 1605111551299,
    "duration": 0,
    "pid": 11598,
    "index": 15
  },
  {
    "name": "Require(12) node_modules/egg-view/config/config.default.js",
    "start": 1605111551299,
    "end": 1605111551300,
    "duration": 1,
    "pid": 11598,
    "index": 16
  },
  {
    "name": "Require(13) node_modules/egg-mysql/config/config.default.js",
    "start": 1605111551300,
    "end": 1605111551301,
    "duration": 1,
    "pid": 11598,
    "index": 17
  },
  {
    "name": "Require(14) node_modules/egg-cors/config/config.default.js",
    "start": 1605111551301,
    "end": 1605111551301,
    "duration": 0,
    "pid": 11598,
    "index": 18
  },
  {
    "name": "Require(15) node_modules/egg/config/config.default.js",
    "start": 1605111551302,
    "end": 1605111551302,
    "duration": 0,
    "pid": 11598,
    "index": 19
  },
  {
    "name": "Require(16) config/config.default.js",
    "start": 1605111551304,
    "end": 1605111551304,
    "duration": 0,
    "pid": 11598,
    "index": 20
  },
  {
    "name": "Require(17) node_modules/egg-security/config/config.local.js",
    "start": 1605111551304,
    "end": 1605111551304,
    "duration": 0,
    "pid": 11598,
    "index": 21
  },
  {
    "name": "Require(18) node_modules/egg-watcher/config/config.local.js",
    "start": 1605111551305,
    "end": 1605111551305,
    "duration": 0,
    "pid": 11598,
    "index": 22
  },
  {
    "name": "Require(19) node_modules/egg-view/config/config.local.js",
    "start": 1605111551305,
    "end": 1605111551306,
    "duration": 1,
    "pid": 11598,
    "index": 23
  },
  {
    "name": "Require(20) node_modules/egg/config/config.local.js",
    "start": 1605111551306,
    "end": 1605111551307,
    "duration": 1,
    "pid": 11598,
    "index": 24
  },
  {
    "name": "Load extend/application.js",
    "start": 1605111551308,
    "end": 1605111551316,
    "duration": 8,
    "pid": 11598,
    "index": 25
  },
  {
    "name": "Require(21) node_modules/egg-session/app/extend/application.js",
    "start": 1605111551308,
    "end": 1605111551309,
    "duration": 1,
    "pid": 11598,
    "index": 26
  },
  {
    "name": "Require(22) node_modules/egg-security/app/extend/application.js",
    "start": 1605111551309,
    "end": 1605111551310,
    "duration": 1,
    "pid": 11598,
    "index": 27
  },
  {
    "name": "Require(23) node_modules/egg-jsonp/app/extend/application.js",
    "start": 1605111551310,
    "end": 1605111551311,
    "duration": 1,
    "pid": 11598,
    "index": 28
  },
  {
    "name": "Require(24) node_modules/egg-logrotator/app/extend/application.js",
    "start": 1605111551312,
    "end": 1605111551313,
    "duration": 1,
    "pid": 11598,
    "index": 29
  },
  {
    "name": "Require(25) node_modules/egg-view/app/extend/application.js",
    "start": 1605111551313,
    "end": 1605111551315,
    "duration": 2,
    "pid": 11598,
    "index": 30
  },
  {
    "name": "Load extend/request.js",
    "start": 1605111551316,
    "end": 1605111551318,
    "duration": 2,
    "pid": 11598,
    "index": 31
  },
  {
    "name": "Require(26) node_modules/egg/app/extend/request.js",
    "start": 1605111551316,
    "end": 1605111551317,
    "duration": 1,
    "pid": 11598,
    "index": 32
  },
  {
    "name": "Load extend/response.js",
    "start": 1605111551318,
    "end": 1605111551321,
    "duration": 3,
    "pid": 11598,
    "index": 33
  },
  {
    "name": "Require(27) node_modules/egg/app/extend/response.js",
    "start": 1605111551319,
    "end": 1605111551320,
    "duration": 1,
    "pid": 11598,
    "index": 34
  },
  {
    "name": "Load extend/context.js",
    "start": 1605111551321,
    "end": 1605111551373,
    "duration": 52,
    "pid": 11598,
    "index": 35
  },
  {
    "name": "Require(28) node_modules/egg-security/app/extend/context.js",
    "start": 1605111551321,
    "end": 1605111551329,
    "duration": 8,
    "pid": 11598,
    "index": 36
  },
  {
    "name": "Require(29) node_modules/egg-jsonp/app/extend/context.js",
    "start": 1605111551329,
    "end": 1605111551330,
    "duration": 1,
    "pid": 11598,
    "index": 37
  },
  {
    "name": "Require(30) node_modules/egg-i18n/app/extend/context.js",
    "start": 1605111551330,
    "end": 1605111551331,
    "duration": 1,
    "pid": 11598,
    "index": 38
  },
  {
    "name": "Require(31) node_modules/egg-multipart/app/extend/context.js",
    "start": 1605111551331,
    "end": 1605111551369,
    "duration": 38,
    "pid": 11598,
    "index": 39
  },
  {
    "name": "Require(32) node_modules/egg-view/app/extend/context.js",
    "start": 1605111551369,
    "end": 1605111551370,
    "duration": 1,
    "pid": 11598,
    "index": 40
  },
  {
    "name": "Require(33) node_modules/egg/app/extend/context.js",
    "start": 1605111551371,
    "end": 1605111551372,
    "duration": 1,
    "pid": 11598,
    "index": 41
  },
  {
    "name": "Load extend/helper.js",
    "start": 1605111551373,
    "end": 1605111551388,
    "duration": 15,
    "pid": 11598,
    "index": 42
  },
  {
    "name": "Require(34) node_modules/egg-security/app/extend/helper.js",
    "start": 1605111551373,
    "end": 1605111551386,
    "duration": 13,
    "pid": 11598,
    "index": 43
  },
  {
    "name": "Require(35) node_modules/egg/app/extend/helper.js",
    "start": 1605111551387,
    "end": 1605111551387,
    "duration": 0,
    "pid": 11598,
    "index": 44
  },
  {
    "name": "Load app.js",
    "start": 1605111551388,
    "end": 1605111551428,
    "duration": 40,
    "pid": 11598,
    "index": 45
  },
  {
    "name": "Require(36) node_modules/egg-session/app.js",
    "start": 1605111551389,
    "end": 1605111551389,
    "duration": 0,
    "pid": 11598,
    "index": 46
  },
  {
    "name": "Require(37) node_modules/egg-security/app.js",
    "start": 1605111551389,
    "end": 1605111551390,
    "duration": 1,
    "pid": 11598,
    "index": 47
  },
  {
    "name": "Require(38) node_modules/egg-onerror/app.js",
    "start": 1605111551391,
    "end": 1605111551397,
    "duration": 6,
    "pid": 11598,
    "index": 48
  },
  {
    "name": "Require(39) node_modules/egg-i18n/app.js",
    "start": 1605111551397,
    "end": 1605111551407,
    "duration": 10,
    "pid": 11598,
    "index": 49
  },
  {
    "name": "Require(40) node_modules/egg-watcher/app.js",
    "start": 1605111551407,
    "end": 1605111551411,
    "duration": 4,
    "pid": 11598,
    "index": 50
  },
  {
    "name": "Require(41) node_modules/egg-schedule/app.js",
    "start": 1605111551411,
    "end": 1605111551412,
    "duration": 1,
    "pid": 11598,
    "index": 51
  },
  {
    "name": "Require(42) node_modules/egg-multipart/app.js",
    "start": 1605111551412,
    "end": 1605111551413,
    "duration": 1,
    "pid": 11598,
    "index": 52
  },
  {
    "name": "Require(43) node_modules/egg-development/app.js",
    "start": 1605111551413,
    "end": 1605111551413,
    "duration": 0,
    "pid": 11598,
    "index": 53
  },
  {
    "name": "Require(44) node_modules/egg-logrotator/app.js",
    "start": 1605111551413,
    "end": 1605111551414,
    "duration": 1,
    "pid": 11598,
    "index": 54
  },
  {
    "name": "Require(45) node_modules/egg-static/app.js",
    "start": 1605111551414,
    "end": 1605111551414,
    "duration": 0,
    "pid": 11598,
    "index": 55
  },
  {
    "name": "Require(46) node_modules/egg-mysql/app.js",
    "start": 1605111551414,
    "end": 1605111551427,
    "duration": 13,
    "pid": 11598,
    "index": 56
  },
  {
    "name": "Require(47) node_modules/egg-cors/app.js",
    "start": 1605111551427,
    "end": 1605111551428,
    "duration": 1,
    "pid": 11598,
    "index": 57
  },
  {
    "name": "Before Start in node_modules/egg-watcher/lib/init.js:15:14",
    "start": 1605111551435,
    "end": 1605111551653,
    "duration": 218,
    "pid": 11598,
    "index": 58
  },
  {
    "name": "Before Start in node_modules/egg-mysql/lib/mysql.js:20:7",
    "start": 1605111551533,
    "end": 1605111551656,
    "duration": 123,
    "pid": 11598,
    "index": 59
  },
  {
    "name": "Load Service",
    "start": 1605111551533,
    "end": 1605111551537,
    "duration": 4,
    "pid": 11598,
    "index": 60
  },
  {
    "name": "Load \"service\" to Context",
    "start": 1605111551533,
    "end": 1605111551537,
    "duration": 4,
    "pid": 11598,
    "index": 61
  },
  {
    "name": "Load Middleware",
    "start": 1605111551537,
    "end": 1605111551631,
    "duration": 94,
    "pid": 11598,
    "index": 62
  },
  {
    "name": "Load \"middlewares\" to Application",
    "start": 1605111551537,
    "end": 1605111551620,
    "duration": 83,
    "pid": 11598,
    "index": 63
  },
  {
    "name": "Load Controller",
    "start": 1605111551631,
    "end": 1605111551633,
    "duration": 2,
    "pid": 11598,
    "index": 64
  },
  {
    "name": "Load \"controller\" to Application",
    "start": 1605111551631,
    "end": 1605111551633,
    "duration": 2,
    "pid": 11598,
    "index": 65
  },
  {
    "name": "Load Router",
    "start": 1605111551633,
    "end": 1605111551636,
    "duration": 3,
    "pid": 11598,
    "index": 66
  },
  {
    "name": "Require(48) app/router.js",
    "start": 1605111551633,
    "end": 1605111551634,
    "duration": 1,
    "pid": 11598,
    "index": 67
  },
  {
    "name": "Before Start in node_modules/egg-core/lib/egg.js:303:10",
    "start": 1605111551634,
    "end": 1605111551645,
    "duration": 11,
    "pid": 11598,
    "index": 68
  }
]